<?xml version="1.0" encoding="utf-8"?>
<docTables>
<docMetaData inputFile="102118177245MS.txt" extractionDate="2021-03-16T12:31:01Z">
<doi>10.2118/177245-MS</doi>
<pii>10.2118/177245-MS</pii>
<publisher>SPE_Society_of_Petroleum_Engineers</publisher>
</docMetaData>
<docFigureList>
<docFigure pdf-page="2" figure-order="1" data-type-order="1">
<link href="link-1" type="image" />
<appendix>
<linkTarget id="link-1" type="image">
<anchoringText id="Ancr3">Yariguí-Cantagallo field is located in Western flank of the Middle Magdalena River Basin in Colombia. The field extends approximately 3,000 acres over Bolivar and Santander Departments and it is divided in two by the Magdalena River (Figure 1). Yariguí-Cantagallo is a faulted-block (compartmentalized) monocline structure with varying-dip angles. The producing intervals are Tertiary age thin reservoirs of unconsolidated shaly sandstone intercalated with shales. Mugrosa and La Paz represents main producing formations of the field (Patiño et al., 2012; Perez et al., 2007).</anchoringText>
<image-wrap id="102118177245MS-Img_SPi-1">
<label>Figure 1 </label>
<imageLink type="mediaResource" href="102118177245MS_i_1.tif" id="ImgLink-1" />
<caption>Yariguí-Cantagallo Field Location</caption>
<formatted-caption>
<caption-label>Figure</caption-label>
<caption-order>1</caption-order>
<caption-text>Yariguí-Cantagallo Field Location</caption-text>
</formatted-caption>
</image-wrap>
</linkTarget>
</appendix>
</docFigure>
<docFigure pdf-page="4" figure-order="2" data-type-order="3">
<link href="link-2" type="image" />
<appendix>
<linkTarget id="link-2" type="image">
<anchoringText id="Ancr4">Yariguí-Cantagallo was under detailed reservoir studies and most of the reservoir analysis for this study was performed in the Block V (Figure 2) of the field. This block holds approximately 77% of the OOIP of the field estimated at 1,048.4 MMSTB. B sands (Mugrosa Fm.), C and CG sands (La Paz Fm.) represents the most important producing formations in the field. Pilot areas were focused on CG sands with an OOIP of 603 MMSTB.</anchoringText>
<image-wrap id="102118177245MS-Img_SPi-2">
<label>Figure 2 </label>
<imageLink type="mediaResource" href="102118177245MS_i_2.tif" id="ImgLink-2" />
<caption>Map of Yariguí-Cantagallo Field and selected pilot areas from SAHARA® model</caption>
<formatted-caption>
<caption-label>Figure</caption-label>
<caption-order>2</caption-order>
<caption-text>Map of Yariguí-Cantagallo Field and selected pilot areas from SAHARA® model</caption-text>
</formatted-caption>
</image-wrap>
</linkTarget>
</appendix>
</docFigure>
<docFigure pdf-page="6" figure-order="3" data-type-order="5">
<link href="link-3" type="image" />
<appendix>
<linkTarget id="link-3" type="image">
<anchoringText id="Ancr5">The remaining (12) samples showed high viscosity at different polymer concentrations using aquifer water compared (as expected) to different field brines (Table 2). Therefore, it was decided to use water from the aquifer for the pilot test. Half of the remaining (6) samples failed screen factor and/or filter ratio. Mechanical degradation studies showed that all samples evaluated suffered viscositiy losses over 40%. However, test conditions were considered as an extreme shear scenario and were not considered as an adverse result to move forward with the laboratory studies or pilot project plans. Based on the laboratory results, polymers EOR-80 (TIORCO LLC) and FP-3230S (SNF INC.) were selected for further testing (Figure 3).</anchoringText>
<image-wrap id="102118177245MS-Img_SPi-3">
<label>Figure 3 </label>
<imageLink type="mediaResource" href="102118177245MS_i_3.tif" id="ImgLink-3" />
<caption>Polymer viscosity vs. shear rate for the selected polymer products used in Yarigui-Cantagallo pilot test. Solutions prepared with synthetic (aquifer) water (pH = 7.6) and tested at reservoir temperatura (59°C)</caption>
<formatted-caption>
<caption-label>Figure</caption-label>
<caption-order>3</caption-order>
<caption-text>Polymer viscosity vs. shear rate for the selected polymer products used in Yarigui-Cantagallo pilot test. Solutions prepared with synthetic (aquifer) water (pH = 7.6) and tested at reservoir temperatura (59°C)</caption-text>
</formatted-caption>
</image-wrap>
</linkTarget>
</appendix>
</docFigure>
<docFigure pdf-page="6" figure-order="4" data-type-order="6">
<link href="link-4" type="image" />
<appendix>
<linkTarget id="link-4" type="image">
<anchoringText id="Ancr6">Numerical simulation studies run during the screening phase were updated with the laboratory data generated for both polymers. This study included detailed sensitivity analysis on polymer concentrations, injection rates, injected pore volume of polymer, polymer adsorption, different operating conditions and confinement of producer YR-87 by potentially expanding polymer injection at wells YR-511 and YR-512. Figure 4 shows the sector model used for polymer flood predictions including water viscosity distribution in the refined sector model of the pilot area.</anchoringText>
<image-wrap id="102118177245MS-Img_SPi-4">
<label>Figure 4 </label>
<imageLink type="mediaResource" href="102118177245MS_i_4.tif" id="ImgLink-4" />
<caption>Sector model (CMG-Stars) used to run polymer flood performance predictions in Yariguí-Cantagallo</caption>
<formatted-caption>
<caption-label>Figure</caption-label>
<caption-order>4</caption-order>
<caption-text>Sector model (CMG-Stars) used to run polymer flood performance predictions in Yariguí-Cantagallo</caption-text>
</formatted-caption>
</image-wrap>
</linkTarget>
</appendix>
</docFigure>
<docFigure pdf-page="7" figure-order="5" data-type-order="7">
<link href="link-5" type="image" />
<appendix>
<linkTarget id="link-5" type="image">
<anchoringText id="Ancr7">Polymer injection started on March 17th, 2014 in the pattern of injector YR-504 and the second injector (YR-510) started approximately 1.5 months later (April 27th). Figure 5 depicts well information of both irregular patterns and pictures of the injection units used by each of the service providers.</anchoringText>
<image-wrap id="102118177245MS-Img_SPi-5">
<label>Figure 5 </label>
<imageLink type="mediaResource" href="102118177245MS_i_5.tif" id="ImgLink-5" />
<caption>Yariguí-Cantagallo polymer pilot areas and pictures of injection units of service providers</caption>
<formatted-caption>
<caption-label>Figure</caption-label>
<caption-order>5</caption-order>
<caption-text>Yariguí-Cantagallo polymer pilot areas and pictures of injection units of service providers</caption-text>
</formatted-caption>
</image-wrap>
</linkTarget>
</appendix>
</docFigure>
<docFigure pdf-page="8" figure-order="6" data-type-order="8">
<link href="link-6" type="image" />
<appendix>
<linkTarget id="link-6" type="image">
<anchoringText id="Ancr8">First pilot (YR-504) started with a polymer injectivity test with increments of 100 ppm of polymer (from 100 to 1,500 ppm) at a constant rate of 1,000 BD (Figure 6). The well continues injecting at 1,500 ppm polymer at the same injection rate. However, approximately two weeks later the injector reached the maximum operating pressure decreasing polymer concentration to 1,000 ppm. Lessons learned during the injection period at YR-504 helped to define the injection strategy at the injector YR-510 that began injecting with a polymer concentration of 800 ppm and 1,000 BPD on April 27th, 2014.</anchoringText>
<image-wrap id="102118177245MS-Img_SPi-6">
<label>Figure 6 </label>
<imageLink type="mediaResource" href="102118177245MS_i_6.tif" id="ImgLink-6" />
<caption>Polymer injectivity at well YR-504 (Pilot start-up)</caption>
<formatted-caption>
<caption-label>Figure</caption-label>
<caption-order>6</caption-order>
<caption-text>Polymer injectivity at well YR-504 (Pilot start-up)</caption-text>
</formatted-caption>
</image-wrap>
</linkTarget>
</appendix>
</docFigure>
<docFigure composite="true" composite-count="2" pdf-page="9" figure-order="7" data-type-order="9">
<link href="link-7" type="image" />
<appendix>
<linkTarget id="link-7" type="image">
<anchoringText id="Ancr9">Figure 7 presents the injection history of wells YR-504 and YR-510. By the end of June 2015 approximately one million barrels of polymer solution have been injected in the pilot. Injector YR-504 reports a cumulative polymer solution injection of 526,933 bbls. Polymer concentration has been gradually reduced from 1,500 to 600 ppm after a cumulative injection of approximately 100,000 bbls at injection rates between 900 and 1,000 BPD. The reduction of polymer concentration contributed to the increase injection rates from 1,000 to 1,500 BPD. Injectivity performance of well YR-504 helped to modify the original polymer solution injection strategy of well YR-510. YR-510 started polymer injection at 800 ppm and 1,000 BPD.</anchoringText>
<image-wrap id="102118177245MS-Img_SPi-7">
<label>Figure 7 </label>
<imageLink type="mediaResource" href="102118177245MS_i_7.tif" id="ImgLink-7" />
<caption>Polymer and well injection history of pilot injection wells YR-504 and YR-510</caption>
<formatted-caption>
<caption-label>Figure</caption-label>
<caption-order>7</caption-order>
<caption-text>Polymer and well injection history of pilot injection wells YR-504 and YR-510</caption-text>
</formatted-caption>
</image-wrap>
<image-wrap id="102118177245MS-Img_SPi-7a">
<imageLink type="mediaResource" href="102118177245MS_i_7a.tif" id="ImgLink-7a" />
<figure-specific-caption>
<caption-order></caption-order>
<caption-text>YR-504</caption-text>
</figure-specific-caption>
</image-wrap>
<image-wrap id="102118177245MS-Img_SPi-7b">
<imageLink type="mediaResource" href="102118177245MS_i_7b.tif" id="ImgLink-7b" />
<figure-specific-caption>
<caption-order></caption-order>
<caption-text>YR-510</caption-text>
</figure-specific-caption>
</image-wrap>
</linkTarget>
</appendix>
</docFigure>
<docFigure composite="true" composite-count="2" pdf-page="10" figure-order="8" data-type-order="10">
<link href="link-8" type="image" />
<appendix>
<linkTarget id="link-8" type="image">
<anchoringText id="Ancr10">Oil production response was observed 9 months after polymer injection started in both wells. This production response was 3 to 7 months earlier compared to numerical predictions of different scenarios that were ran. Figure 8 depicts oil production history of both patterns (YR-504 and YR-510 shown in Figure 5) during the last 5 years. The red line (Figures 8a and 8b) indicates the beginning of polymer injection at well YR-504. Injector YR-510 started approximately 1.5 month later. Oil rates have increased around 300 BPD and, on June 30th cumulative production exceeds 60,000 bbls of oil (at approximately 6,000 to 8,000 barrels of incremental oil per month since January 2015).</anchoringText>
<image-wrap id="102118177245MS-Img_SPi-8">
<label>Figure 8 </label>
<imageLink type="mediaResource" href="102118177245MS_i_8.tif" id="ImgLink-8" />
<caption>Oil production (a) and water cut (b) history of pilot patterns YR-504 and YR-510</caption>
<formatted-caption>
<caption-label>Figure</caption-label>
<caption-order>8</caption-order>
<caption-text>Oil production (a) and water cut (b) history of pilot patterns YR-504 and YR-510</caption-text>
</formatted-caption>
</image-wrap>
<image-wrap id="102118177245MS-Img_SPi-8a">
<imageLink type="mediaResource" href="102118177245MS_i_8a.tif" id="ImgLink-8a" />
<figure-specific-caption>
<caption-order>(a)</caption-order>
<caption-text>Oil production</caption-text>
</figure-specific-caption>
</image-wrap>
<image-wrap id="102118177245MS-Img_SPi-8b">
<imageLink type="mediaResource" href="102118177245MS_i_8b.tif" id="ImgLink-8b" />
<figure-specific-caption>
<caption-order>(b)</caption-order>
<caption-text>water cut</caption-text>
</figure-specific-caption>
</image-wrap>
</linkTarget>
</appendix>
</docFigure>
<docFigure composite="true" composite-count="2" pdf-page="11" figure-order="9" data-type-order="11">
<link href="link-9" type="image" />
<appendix>
<linkTarget id="link-9" type="image">
<anchoringText id="Ancr11">Figure 9 shows the injection profiles (radioactive tracer surveys) over time of wells YR-504 and YR-510. Injection profiles shown in Figure 9 were run twice before polymer injection started (Oct. 2nd and Dec. 27th of 2013 for well YR-504 and March 11th and 23rd of 2014 for well YR-510) and 3 for each injector after the pilot project started. Well YR-504 is injecting in 4 units (CG2, CG2A, CG3 and CG4) of 248 ft thickness (out of 301 ft perforated interval) through 5 selective valves (mandrels). Upper unit CG1A (Mandrel 5) was not showing injectivity since July 2013. This mandrel was changed in Oct. 2014 but did not improve the injectivity in this unit. Before polymer injection began, mandrels 3 and 4 were injecting almost 70% of water.</anchoringText>
<image-wrap id="102118177245MS-Img_SPi-9">
<label>Figure 9 </label>
<imageLink type="mediaResource" href="102118177245MS_i_9.tif" id="ImgLink-9" />
<caption>Time-lapse injection profiles of pilot injectors YR-504 and YR-510</caption>
<formatted-caption>
<caption-label>Figure</caption-label>
<caption-order>9</caption-order>
<caption-text>Time-lapse injection profiles of pilot injectors YR-504 and YR-510</caption-text>
</formatted-caption>
</image-wrap>
<image-wrap id="102118177245MS-Img_SPi-9a">
<imageLink type="mediaResource" href="102118177245MS_i_9a.tif" id="ImgLink-9a" />
<figure-specific-caption>
<caption-order></caption-order>
<caption-text>YR-504</caption-text>
</figure-specific-caption>
</image-wrap>
<image-wrap id="102118177245MS-Img_SPi-9b">
<imageLink type="mediaResource" href="102118177245MS_i_9b.tif" id="ImgLink-9b" />
<figure-specific-caption>
<caption-order></caption-order>
<caption-text>YR-510</caption-text>
</figure-specific-caption>
</image-wrap>
</linkTarget>
</appendix>
</docFigure>
</docFigureList>
</docTables>