<?xml version="1.0" encoding="utf-8"?>
<docTables>
<docMetaData inputFile="102118177125MS.txt" extractionDate="2021-03-16T14:39:48Z">
<doi>10.2118/177125-MS</doi>
<pii>10.2118/177125-MS</pii>
<publisher>SPE_Society_of_Petroleum_Engineers</publisher>
</docMetaData>
<docFigureList>
<docFigure composite="true" composite-count="2" pdf-page="3" figure-order="1" data-type-order="1">
<link href="link-1" type="image" />
<appendix>
<linkTarget id="link-1" type="image">
<anchoringText id="Ancr3">Upon continued transgression and rising sea level, the tidal deposits give way to more marine sedimentation, which is generally composed of more massive, often structureless, sand rich sediments of the Upper T with variable and poorly sorted grain sizes because intense marine bioturbation has reworked mud into the sandy layers. The sand is frequently cemented with carbonate due to dissolution of shelly material. Of importance in the Upper T sands is the presence of glauconite of variable intensity but which can constitute up to 40% of the rock.</anchoringText>
<image-wrap id="102118177125MS-Img_SPi-1">
<label>Figure 1 </label>
i<mageLink type="mediaResource" href="102118177125MS_i_1.tif" id="ImgLink-1" />
<caption>Examples of glauconite content in the Mariann Norte 1 cores</caption>
<formatted-caption>
<caption-label>Figure</caption-label>
<caption-order>1</caption-order>
<caption-text>Examples of glauconite content in the Mariann Norte 1 cores</caption-text>
</formatted-caption>
</image-wrap>
<image-wrap id="102118177125MS-Img_SPi-1a">
<imageLink type="mediaResource" href="102118177125MS_i_1a.tif" id="ImgLink-1a" />
</image-wrap>
<image-wrap id="102118177125MS-Img_SPi-1b">
<imageLink type="mediaResource" href="102118177125MS_i_1b.tif" id="ImgLink-1b" />
</image-wrap>
</linkTarget>
</appendix>
</docFigure>
<docFigure pdf-page="4" figure-order="2" data-type-order="2">
<link href="link-2" type="image" />
<appendix>
<linkTarget id="link-2" type="image">
<anchoringText id="Ancr4">Despite the presence of light gravity oil in the Upper and Middle T sands from mud gas readings, oil staining in drill cuttings, and the mixed results of the small number of production tests conducted, the lack of potential as judged from conventional petrophysical methods, made any focused attention to the T sands a low priority. About 5 years ago, a more concerted effort on testing the Upper T sandstone began. Figure 2 shows a comparison of the mudlog and conventional logs in the evaluation of Chorongo Este 1 well, drilled in 2011 on the Tarapoa Block.</anchoringText>
<image-wrap id="102118177125MS-Img_SPi-2">
<label>Figure 2 </label>
<imageLink type="mediaResource" href="102118177125MS_i_2.tif" id="ImgLink-2" />
<caption>Chorongo Este 1 well showing a comparison between the mudlog gas and oil shows and the conventional wireline log</caption>
<formatted-caption>
<caption-label>Figure</caption-label>
<caption-order>2</caption-order>
<caption-text>Chorongo Este 1 well showing a comparison between the mudlog gas and oil shows and the conventional wireline log</caption-text>
</formatted-caption>
</image-wrap>
</linkTarget>
</appendix>
</docFigure>
<docFigure pdf-page="5" figure-order="3" data-type-order="3">
<link href="link-3" type="image" />
<appendix>
<linkTarget id="link-3" type="image">
<anchoringText id="Ancr5"> </anchoringText>
<image-wrap id="102118177125MS-Img_SPi-3">
<label>Figure 3 </label>
<imageLink type="mediaResource" href="102118177125MS_i_3.tif" id="ImgLink-3" />
<caption>Location of the three cores in the Upper and Middle T on the Tarapoa Block</caption>
<formatted-caption>
<caption-label>Figure</caption-label>
<caption-order>3</caption-order>
<caption-text>Location of the three cores in the Upper and Middle T on the Tarapoa Block</caption-text>
</formatted-caption>
</image-wrap>
</linkTarget>
</appendix>
</docFigure>
<docFigure pdf-page="6" figure-order="4" data-type-order="4">
<link href="link-4" type="image" />
<appendix>
<linkTarget id="link-4" type="image">
<anchoringText id="Ancr6"> </anchoringText>
<image-wrap id="102118177125MS-Img_SPi-4">
<label>Figure 4 </label>
<imageLink type="mediaResource" href="102118177125MS_i_4.tif" id="ImgLink-4" />
<caption>Mariann Norte 1 log and core interval. Note the great contrast between the Middle T and Upper T parts of the succession. The Middle T is highly laminated and stratified with many muddy interlayers, whereas in the Upper T, the clay has been homogenized into the sand by bioturbation. The Upper T also has high, but variable content of glauconite</caption>
<formatted-caption>
<caption-label>Figure</caption-label>
<caption-order>4</caption-order>
<caption-text>Mariann Norte 1 log and core interval. Note the great contrast between the Middle T and Upper T parts of the succession. The Middle T is highly laminated and stratified with many muddy interlayers, whereas in the Upper T, the clay has been homogenized into the sand by bioturbation. The Upper T also has high, but variable content of glauconite</caption-text>
</formatted-caption>
</image-wrap>
</linkTarget>
</appendix>
</docFigure>
<docFigure pdf-page="7" figure-order="5" data-type-order="5">
<link href="link-5" type="image" />
<appendix>
<linkTarget id="link-5" type="image">
<anchoringText id="Ancr7">Figure 5 shows how bed thickness variations influence log measurements. The thicknesses of shale beds in green are constant, and the thicknesses of the sands beds in white are varied. It can be clearly seen that as the sand layer thickness decreases, the values of the resistivity, PEF, gamma ray, density, and neutron curves are suppressed.</anchoringText>
<image-wrap id="102118177125MS-Img_SPi-5">
<label>Figure 5 </label>
<imageLink type="mediaResource" href="102118177125MS_i_5.tif" id="ImgLink-5" />
<caption>This diagram shows the thin-bed effects on gamma ray, resistivity, PEF, and porosity logs</caption>
<formatted-caption>
<caption-label>Figure</caption-label>
<caption-order>5</caption-order>
<caption-text>This diagram shows the thin-bed effects on gamma ray, resistivity, PEF, and porosity logs</caption-text>
</formatted-caption>
</image-wrap>
</linkTarget>
</appendix>
</docFigure>
<docFigure pdf-page="8" figure-order="6" data-type-order="6">
<link href="link-6" type="image" />
<appendix>
<linkTarget id="link-6" type="image">
<anchoringText id="Ancr8">In Figure 6 below, are shown the vertical resolution and radial depth of investigation characteristics for several well logs. There are significant differences for the volume of investigation between deep-sensing resistivity logs and density logs, which causes them to respond differently to oil bearing layers, especially when those layers are thinner than the vertical resolution of both sets of logs.</anchoringText>
<image-wrap id="102118177125MS-Img_SPi-6">
<label>Figure 6 </label>
<imageLink type="mediaResource" href="102118177125MS_i_6.tif" id="ImgLink-6" />
<caption>This figure shows the vertical resolution and depth of investigation for different well logs. It is important to note that not even the most high-resolution logs such as NMR and density have sufficient vertical resolution to detect and measure the storage and flow properties of very thin hydrocarbon-bearing laminae</caption>
<formatted-caption>
<caption-label>Figure</caption-label>
<caption-order>6</caption-order>
<caption-text>This figure shows the vertical resolution and depth of investigation for different well logs. It is important to note that not even the most high-resolution logs such as NMR and density have sufficient vertical resolution to detect and measure the storage and flow properties of very thin hydrocarbon-bearing laminae</caption-text>
</formatted-caption>
</image-wrap>
</linkTarget>
</appendix>
</docFigure>
<docFigure pdf-page="9" figure-order="7" data-type-order="7">
<link href="link-7" type="image" />
<appendix>
<linkTarget id="link-7" type="image">
<anchoringText id="Ancr9">As can be seen in Figure 7, the presence of sand / shale laminations less than 1 foot is very high, and in spite of the sand being oil saturated in the upper photo, the resitivity only measures average values across the interval.</anchoringText>
<image-wrap id="102118177125MS-Img_SPi-7">
<label>Figure 7 </label>
<imageLink type="mediaResource" href="102118177125MS_i_7.tif" id="ImgLink-7" />
<caption>Well log with core photos</caption>
<formatted-caption>
<caption-label>Figure</caption-label>
<caption-order>7</caption-order>
<caption-text>Well log with core photos</caption-text>
</formatted-caption>
</image-wrap>
</linkTarget>
</appendix>
</docFigure>
<docFigure pdf-page="10" figure-order="8" data-type-order="8">
<link href="link-8" type="image" />
<appendix>
<linkTarget id="link-8" type="image">
<anchoringText id="Ancr10">In Figure 8, is displayed a comparison between two wells where Chorongo Este 1 has a greater presence of laminations and as such the resistivity is more affected. Both wells have a comparable concentration of glauconite.</anchoringText>
<image-wrap id="102118177125MS-Img_SPi-8">
<label>Figure 8 </label>
<imageLink type="mediaResource" href="102118177125MS_i_8.tif" id="ImgLink-8" />
<caption>Correlation between Chorongo Este 1 and Mariann 4 A 1 with glauconite content</caption>
<formatted-caption>
<caption-label>Figure</caption-label>
<caption-order>8</caption-order>
<caption-text>Correlation between Chorongo Este 1 and Mariann 4 A 1 with glauconite content</caption-text>
</formatted-caption>
</image-wrap>
</linkTarget>
</appendix>
</docFigure>
<docFigure pdf-page="11" figure-order="9" data-type-order="10">
<link href="link-9" type="image" />
<appendix>
<linkTarget id="link-9" type="image">
<anchoringText id="Ancr11">Based on the core descriptions, we can see that in the Middle T is a greater presence of intercalations with less than two feet in thickness, which are not clearly reflected in the gamma ray curve, as can be seen in Figure 9.</anchoringText>
<image-wrap id="102118177125MS-Img_SPi-9">
<label>Figure 9 </label>
<imageLink type="mediaResource" href="102118177125MS_i_9.tif" id="ImgLink-9" />
<caption>Core description with Gamma Ray log in Middle T sandstone</caption>
<formatted-caption>
<caption-label>Figure</caption-label>
<caption-order>9</caption-order>
<caption-text>Core description with Gamma Ray log in Middle T sandstone</caption-text>
</formatted-caption>
</image-wrap>
</linkTarget>
</appendix>
</docFigure>
<docFigure pdf-page="12" figure-order="10" data-type-order="11">
<link href="link-10" type="image" />
<appendix>
<linkTarget id="link-10" type="image">
<anchoringText id="Ancr12">In Figure 10, it can be clearly seen how log values of RHOB vs. PHIN change across the different T sandstone zones of Mariann Norte 1. The Lower T zone in red shows values confined to quite a small range and concentrated in the sandstone–limestone interval as would be expected in a massive, homogeneous reservoir.</anchoringText>
<image-wrap id="102118177125MS-Img_SPi-10">
<label>Figure 10 </label>
<imageLink type="mediaResource" href="102118177125MS_i_10.tif" id="ImgLink-10" />
<caption>Crossplot of RHOB/PHIN by Zone from wireline logs of Mariann Norte 1</caption>
<formatted-caption>
<caption-label>Figure</caption-label>
<caption-order>10</caption-order>
<caption-text>Crossplot of RHOB/PHIN by Zone from wireline logs of Mariann Norte 1</caption-text>
</formatted-caption>
</image-wrap>
</linkTarget>
</appendix>
</docFigure>
<docFigure pdf-page="13" figure-order="11" data-type-order="12">
<link href="link-11" type="image" />
<appendix>
<linkTarget id="link-11" type="image">
<anchoringText id="Ancr13">Figure 11 shows the core / log relationship from Mariann Norte 1. Despite the suggestion of intercalations in the GR and porosity logs in the Upper T, laminations are not visible in the cores as shaly interbeds.</anchoringText>
<image-wrap id="102118177125MS-Img_SPi-11">
<label>Figure 11 </label>
<imageLink type="mediaResource" href="102118177125MS_i_11.tif" id="ImgLink-11" />
<caption>Mariann Norte 1 core and log relationship</caption>
<formatted-caption>
<caption-label>Figure</caption-label>
<caption-order>11</caption-order>
<caption-text>Mariann Norte 1 core and log relationship</caption-text>
</formatted-caption>
</image-wrap>
</linkTarget>
</appendix>
</docFigure>
<docFigure pdf-page="14" figure-order="12" data-type-order="13">
<link href="link-12" type="image" />
<appendix>
<linkTarget id="link-12" type="image">
<anchoringText id="Ancr14">Figure 12, shows the spectral gamma ray data over the cored interval of the Mariann Norte 1 well and provides additional evidence of the heterogeneity of the rock.</anchoringText>
<image-wrap id="102118177125MS-Img_SPi-12">
<label>Figure 12 </label>
<imageLink type="mediaResource" href="102118177125MS_i_12.tif" id="ImgLink-12" />
<caption>Mariann Norte 1 spectral gamma, log and core description relationship</caption>
<formatted-caption>
<caption-label>Figure</caption-label>
<caption-order>12</caption-order>
<caption-text>Mariann Norte 1 spectral gamma, log and core description relationship</caption-text>
</formatted-caption>
</image-wrap>
</linkTarget>
</appendix>
</docFigure>
<docFigure pdf-page="15" figure-order="13" data-type-order="14">
<link href="link-13" type="image" />
<appendix>
<linkTarget id="link-13" type="image">
<anchoringText id="Ancr15">As can be seen in Figure 13 of the Mariann Norte core, the presence of oil saturation doesn’t exist over the entire interval of the Upper and Middle T sandstone.</anchoringText>
<image-wrap id="102118177125MS-Img_SPi-13">
<label>Figure 13 </label>
<imageLink type="mediaResource" href="102118177125MS_i_13.tif" id="ImgLink-13" />
<caption>Mariann Norte 1 logs and core description with pictures of the wáter saturation</caption>
<formatted-caption>
<caption-label>Figure</caption-label>
<caption-order>13</caption-order>
<caption-text>Mariann Norte 1 logs and core description with pictures of the wáter saturation</caption-text>
</formatted-caption>
</image-wrap>
</linkTarget>
</appendix>
</docFigure>
<docFigure pdf-page="16" figure-order="14" data-type-order="15">
<link href="link-14" type="image" />
<appendix>
<linkTarget id="link-14" type="image">
<anchoringText id="Ancr16">Glauconite variably affects different well logs and must be taken into account when doing petrophysical analyses. In the case of GR curves, in Figure 14, high values of gamma ray can be seen corresponding to sandy intervals (no shaly content) and also high concentration of glauconite, showing clearly the influence that glauconite can have. In this case, the GR would not meet the Vshale pay cutoff if the sand was oil saturated and hydrocarbon content would be underestimated.</anchoringText>
<image-wrap id="102118177125MS-Img_SPi-14">
<label>Figure 14 </label>
<imageLink type="mediaResource" href="102118177125MS_i_14.tif" id="ImgLink-14" />
<caption>Gamma Ray log with Glauconite percentage over the Upper T interval in the Mariann Norte 1 well</caption>
<formatted-caption>
<caption-label>Figure</caption-label>
<caption-order>14</caption-order>
<caption-text>Gamma Ray log with Glauconite percentage over the Upper T interval in the Mariann Norte 1 well</caption-text>
</formatted-caption>
</image-wrap>
</linkTarget>
</appendix>
</docFigure>
<docFigure pdf-page="16" figure-order="15" data-type-order="16">
<link href="link-15" type="image" />
<appendix>
<linkTarget id="link-15" type="image">
<anchoringText id="Ancr17"> </anchoringText>
<image-wrap id="102118177125MS-Img_SPi-15">
<label>Figure 15 </label>
<imageLink type="mediaResource" href="102118177125MS_i_15.tif" id="ImgLink-15" />
<caption>Mariann 4 A 1 and the relation between wireline logs and mudlog with glauconite percentage</caption>
<formatted-caption>
<caption-label>Figure</caption-label>
<caption-order>15</caption-order>
<caption-text>Mariann 4 A 1 and the relation between wireline logs and mudlog with glauconite percentage</caption-text>
</formatted-caption>
</image-wrap>
</linkTarget>
</appendix>
</docFigure>
<docFigure pdf-page="17" figure-order="16" data-type-order="18">
<link href="link-16" type="image" />
<appendix>
<linkTarget id="link-16" type="image">
<anchoringText id="Ancr18"> </anchoringText>
<image-wrap id="102118177125MS-Img_SPi-16">
<label>Figure 16 </label>
<imageLink type="mediaResource" href="102118177125MS_i_16.tif" id="ImgLink-16" />
<caption>Log and Core Derscrotion from San Jose 1 well</caption>
<formatted-caption>
<caption-label>Figure</caption-label>
<caption-order>16</caption-order>
<caption-text>Log and Core Derscrotion from San Jose 1 well</caption-text>
</formatted-caption>
</image-wrap>
</linkTarget>
</appendix>
</docFigure>
<docFigure pdf-page="18" figure-order="17" data-type-order="19">
<link href="link-17" type="image" />
<appendix>
<linkTarget id="link-17" type="image">
<anchoringText id="Ancr19">In Figure 17, the log and core porosity values from Mariann Norte 1 are displayed. The log neutron values are significantly higher than the measured core values because of high irreducible water saturation in the glauconite micropores.</anchoringText>
<image-wrap id="102118177125MS-Img_SPi-17">
<label>Figure 17 </label>
<imageLink type="mediaResource" href="102118177125MS_i_17.tif" id="ImgLink-17" />
<caption>Relationship of core porosity and neutron porosity in Mariann Norte 1 well; before and after correction</caption>
<formatted-caption>
<caption-label>Figure</caption-label>
<caption-order>17</caption-order>
<caption-text>Relationship of core porosity and neutron porosity in Mariann Norte 1 well; before and after correction</caption-text>
</formatted-caption>
</image-wrap>
</linkTarget>
</appendix>
</docFigure>
<docFigure pdf-page="19" figure-order="18" data-type-order="20">
<link href="link-18" type="image" />
<appendix>
<linkTarget id="link-18" type="image">
<anchoringText id="Ancr20">Thomas Stieber Method As can be seen in Figure 18, the Upper T sandstone corresponds to a dispersed clay sequence where the presence of clay predominates as the matrix of the sand.</anchoringText>
<image-wrap id="102118177125MS-Img_SPi-18">
<label>Figure 18 </label>
<imageLink type="mediaResource" href="102118177125MS_i_18.tif" id="ImgLink-18" />
<caption>Thomas Stieber Crossplot of the Upper T sandstone in Mariann Norte 1</caption>
<formatted-caption>
<caption-label>Figure</caption-label>
<caption-order>18</caption-order>
<caption-text>Thomas Stieber Crossplot of the Upper T sandstone in Mariann Norte 1</caption-text>
</formatted-caption>
</image-wrap>
</linkTarget>
</appendix>
</docFigure>
<docFigure pdf-page="20" figure-order="19" data-type-order="21">
<link href="link-19" type="image" />
<appendix>
<linkTarget id="link-19" type="image">
<anchoringText id="Ancr21">In Figure 19, the values reflect a prominent tendency related the sand / shale laminations common in the Middle T interval.</anchoringText>
<image-wrap id="102118177125MS-Img_SPi-19">
<label>Figure 19 </label>
<imageLink type="mediaResource" href="102118177125MS_i_19.tif" id="ImgLink-19" />
<caption>Thomas Stieber Crossplot of the Middle T sandstone in Mariann Norte 1</caption>
<formatted-caption>
<caption-label>Figure</caption-label>
<caption-order>19</caption-order>
<caption-text>Thomas Stieber Crossplot of the Middle T sandstone in Mariann Norte 1</caption-text>
</formatted-caption>
</image-wrap>
</linkTarget>
</appendix>
</docFigure>
<docFigure pdf-page="21" figure-order="20" data-type-order="22">
<link href="link-20" type="image" />
<appendix>
<linkTarget id="link-20" type="image">
<anchoringText id="Ancr22">In Figure 20, the values at the upper left represent a clean, well sorted sand which is typical of the Lower T sandstone. The trend of the data towards the right reflects fine-grained laminations within the Lower T sand which are evident on logs.</anchoringText>
<image-wrap id="102118177125MS-Img_SPi-20">
<label>Figure 20 </label>
<imageLink type="mediaResource" href="102118177125MS_i_20.tif" id="ImgLink-20" />
<caption>Thomas Stieber Crossplot of the Lower T sandstone in Mariann Norte 1</caption>
<formatted-caption>
<caption-label>Figure</caption-label>
<caption-order>20</caption-order>
<caption-text>Thomas Stieber Crossplot of the Lower T sandstone in Mariann Norte 1</caption-text>
</formatted-caption>
</image-wrap>
</linkTarget>
</appendix>
</docFigure>
<docFigure pdf-page="22" figure-order="21" data-type-order="23">
<link href="link-21" type="image" />
<appendix>
<linkTarget id="link-21" type="image">
<anchoringText id="Ancr23">An early time peak responds to dominant shale pore size and a late time peak responds to dominant sandstone pore size (Figure 21).</anchoringText>
<image-wrap id="102118177125MS-Img_SPi-21">
<label>Figure 21 </label>
<imageLink type="mediaResource" href="102118177125MS_i_21.tif" id="ImgLink-21" />
<caption>This graph of the NMR T2 laboratory measurement from a sample from the Mariann Norte 1 well shows the signature of a laminated core sample where the prominent early time peak corresponds to small grain size or shale laminae, and the late time peak is associated with large pore sizes</caption>
<formatted-caption>
<caption-label>Figure</caption-label>
<caption-order>21</caption-order>
<caption-text>This graph of the NMR T2 laboratory measurement from a sample from the Mariann Norte 1 well shows the signature of a laminated core sample where the prominent early time peak corresponds to small grain size or shale laminae, and the late time peak is associated with large pore sizes</caption-text>
</formatted-caption>
</image-wrap>
</linkTarget>
</appendix>
</docFigure>
<docFigure pdf-page="23" figure-order="22" data-type-order="24">
<link href="link-22" type="image" />
<appendix>
<linkTarget id="link-22" type="image">
<anchoringText id="Ancr24">In Figure 22, the NMR log display from the Tarapos North West 2 well is shown. It can be seen in track 3 the relaxation time across the T sand interval.</anchoringText>
<image-wrap id="102118177125MS-Img_SPi-22">
<label>Figure 22 </label>
<imageLink type="mediaResource" href="102118177125MS_i_22.tif" id="ImgLink-22" />
<caption>NMR from Tarapoa North West 2 of Upper and Middle T sandstone</caption>
<formatted-caption>
<caption-label>Figure</caption-label>
<caption-order>22</caption-order>
<caption-text>NMR from Tarapoa North West 2 of Upper and Middle T sandstone</caption-text>
</formatted-caption>
</image-wrap>
</linkTarget>
</appendix>
</docFigure>
<docFigure pdf-page="24" figure-order="23" data-type-order="25">
<link href="link-23" type="image" />
<appendix>
<linkTarget id="link-23" type="image">
<anchoringText id="Ancr25"> </anchoringText>
<image-wrap id="102118177125MS-Img_SPi-23">
<label>Figure 23 </label>
<imageLink type="mediaResource" href="102118177125MS_i_23.tif" id="ImgLink-23" />
<caption>MEB, Disposition from Glauconite with presence of microporosity and clay dispersed in the reservoir</caption>
<formatted-caption>
<caption-label>Figure</caption-label>
<caption-order>23</caption-order>
<caption-text>MEB, Disposition from Glauconite with presence of microporosity and clay dispersed in the reservoir</caption-text>
</formatted-caption>
</image-wrap>
</linkTarget>
</appendix>
</docFigure>
</docFigureList>
</docTables>