<?xml version="1.0" encoding="utf-8"?>
<docTables>
<docMetaData inputFile="102118178960MS.txt" extractionDate="2021-03-18T11:54:02Z">
<doi>10.2118/178960-MS</doi>
<pii>10.2118/178960-MS</pii>
<publisher>SPE_Society_of_Petroleum_Engineers</publisher>
</docMetaData>
<docFigureList>
<docFigure pdf-page="2" figure-order="1" data-type-order="1">
<link href="link-1" type="image" />
<appendix>
<linkTarget id="link-1" type="image">
<anchoringText id="Ancr1">Attempts to prolong economic field life of mature assets triggered the popularity of infill drilling and multizone completions. Comingled production from numerous reservoirs is more challenging for scale and paraffin control. Additional challenges presented are the extent of the development area and high well population. ConocoPhillips (COP) alone has 4,300 active wells spread over 18 counties and (Figure 1) produce over 60 MBOE daily. With such high production volumes, areal spread and numerous downhole challenges the Permian basin needs a cost effective chemical management program.</anchoringText>
<image-wrap id="102118178960MS-Img_SPi-1">
<label>Figure 1 </label>
<imageLink type="mediaResource" href="102118178960MS_i_1.tif" id="ImgLink-1" />
<caption>Permian Basin Oil and Gas Wells</caption>
<formatted-caption>
<caption-label>Figure</caption-label>
<caption-order>1</caption-order>
<caption-text>Permian Basin Oil and Gas Wells</caption-text>
</formatted-caption>
</image-wrap>
</linkTarget>
</appendix>
</docFigure>
<docFigure pdf-page="5" figure-order="2" data-type-order="2">
<link href="link-2" type="image" />
<appendix>
<linkTarget id="link-2" type="image">
<anchoringText id="Ancr2">The first attempt to verify the severity of scaling in the field was to set up and run scale prediction models using existing, optimistic ICP analysis. Every water sample used in the analysis was quality checked for the mass balance (bicarbonates, etc.) and then assigned to corresponding producing formations. The scale prediction was sensitized using variation in temperature and pressure with depth, shown in Figure 2, with various formations/zones listed on x-axis.</anchoringText>
<image-wrap id="102118178960MS-Img_SPi-2">
<label>Figure 2 </label>
<imageLink type="mediaResource" href="102118178960MS_i_2.tif" id="ImgLink-2" />
<caption>Example of CaCO3 scale prediction modelling for single zone and commingled production</caption>
<formatted-caption>
<caption-label>Figure</caption-label>
<caption-order>2</caption-order>
<caption-text>Example of CaCO3 scale prediction modelling for single zone and commingled production</caption-text>
</formatted-caption>
</image-wrap>
</linkTarget>
</appendix>
</docFigure>
<docFigure pdf-page="7" figure-order="3" data-type-order="3">
<link href="link-3" type="image" />
<appendix>
<linkTarget id="link-3" type="image">
<anchoringText id="Ancr3">Precipitation of paraffin and asphaltenes in the Permian basin costs operators millions of dollars annually through lowering production, increasing downtime due to wax remedial jobs, and use of expensive chemicals. The studies2 performed in the late 1990’s confirms that Permian operators perform little if any up-front planning or testing prior to initiating paraffin-control programs. Any necessity for remedial treatments such as bullheading of aromatic or proprietary blends usually indicates a deficiency in the prevention strategy, Figure 3.</anchoringText>
<image-wrap id="102118178960MS-Img_SPi-3">
<label>Figure 3 </label>
<imageLink type="mediaResource" href="102118178960MS_i_3.tif" id="ImgLink-3" />
<caption>Use of reactive approach in dealing with mixture of organic and inorganic deposits</caption>
<formatted-caption>
<caption-label>Figure</caption-label>
<caption-order>3</caption-order>
<caption-text>Use of reactive approach in dealing with mixture of organic and inorganic deposits</caption-text>
</formatted-caption>
</image-wrap>
</linkTarget>
</appendix>
</docFigure>
<docFigure composite="true" composite-count="4" pdf-page="9" figure-order="4" data-type-order="4">
<link href="link-4" type="image" />
<appendix>
<linkTarget id="link-4" type="image">
<anchoringText id="Ancr4">Unless instructed, the pump shops may not always provide the samples to the chemical representative thus critical information about downhole deposition issues is lost. The same is true when rods and tubing are pulled. Samples should be collected if solid deposition is evident. In an effort to improve the rod pump service quality, the selection of vendors with outstanding performance history and an established rod pump maintenance database helps track the number of samples collected and facilitates the exchange of information with chemical vendors. Figure 4 shows deposits collected from production equipment.</anchoringText>
<image-wrap id="102118178960MS-Img_SPi-4">
<label>Figure 4 </label>
<imageLink type="mediaResource" href="102118178960MS_i_4.tif" id="ImgLink-4" />
<caption>Organic and inorganic deposits found in production equipment</caption>
<formatted-caption>
<caption-label>Figure</caption-label>
<caption-order>4</caption-order>
<caption-text>Organic and inorganic deposits found in production equipment</caption-text>
</formatted-caption>
</image-wrap>
<image-wrap id="102118178960MS-Img_SPi-4a">
<imageLink type="mediaResource" href="102118178960MS_i_4a.tif" id="ImgLink-4a" />
</image-wrap>
<image-wrap id="102118178960MS-Img_SPi-4b">
<imageLink type="mediaResource" href="102118178960MS_i_4b.tif" id="ImgLink-4b" />
</image-wrap>
<image-wrap id="102118178960MS-Img_SPi-4c">
<imageLink type="mediaResource" href="102118178960MS_i_4c.tif" id="ImgLink-4c" />
</image-wrap>
<image-wrap id="102118178960MS-Img_SPi-4d">
<imageLink type="mediaResource" href="102118178960MS_i_4d.tif" id="ImgLink-4d" />
</image-wrap>
</linkTarget>
</appendix>
</docFigure>
<docFigure composite="true" composite-count="4" pdf-page="11" figure-order="5" data-type-order="5">
<link href="link-5" type="image" />
<appendix>
<linkTarget id="link-5" type="image">
<anchoringText id="Ancr5">In this case, the first action is to investigate the water source, and evaluate potential methods to shut it off by means of a cross-linked polymer gel, squeeze cementing, etc. Since the well is not flowing, the only way to understand the fluid source is to collect the water sample, analyze it, and compare with ICP signatures – baselines established for individual zones. Such signatures were estab-lished in the scope of this study and displayed in the bar charts of Figure 5.</anchoringText>
<image-wrap id="102118178960MS-Img_SPi-5">
<label>Figure 5 </label>
<imageLink type="mediaResource" href="102118178960MS_i_5.tif" id="ImgLink-5" />
<caption>Variation in anionic and cationic concentrations for various zones with depth</caption>
<formatted-caption>
<caption-label>Figure</caption-label>
<caption-order>5</caption-order>
<caption-text>Variation in anionic and cationic concentrations for various zones with depth</caption-text>
</formatted-caption>
</image-wrap>
<image-wrap id="102118178960MS-Img_SPi-5a">
<imageLink type="mediaResource" href="102118178960MS_i_5a.tif" id="ImgLink-5a" />
<figure-specific-caption>
<caption-order></caption-order>
<caption-text>Median of Cationic Concentration (mg/L) with Depth</caption-text>
</figure-specific-caption>
</image-wrap>
<image-wrap id="102118178960MS-Img_SPi-5b">
<imageLink type="mediaResource" href="102118178960MS_i_5b.tif" id="ImgLink-5b" />
<figure-specific-caption>
<caption-order></caption-order>
<caption-text>Median of Anionic Concentration (mg/L) with Depth</caption-text>
</figure-specific-caption>
</image-wrap>
<image-wrap id="102118178960MS-Img_SPi-5c">
<imageLink type="mediaResource" href="102118178960MS_i_5c.tif" id="ImgLink-5c" />
<figure-specific-caption>
<caption-order></caption-order>
<caption-text>Median of Cationic Concentration (mg/L) with Depth</caption-text>
</figure-specific-caption>
</image-wrap>
<image-wrap id="102118178960MS-Img_SPi-5d">
<imageLink type="mediaResource" href="102118178960MS_i_5d.tif" id="ImgLink-5d" />
<figure-specific-caption>
<caption-order></caption-order>
<caption-text>Median of Anionic Concentration (mg/L) with Depth</caption-text>
</figure-specific-caption>
</image-wrap>
</linkTarget>
</appendix>
</docFigure>
<docFigure pdf-page="13" figure-order="6" data-type-order="6">
<link href="link-6" type="image" />
<appendix>
<linkTarget id="link-6" type="image">
<anchoringText id="Ancr6">To eliminate the problem of erroneous data entries, the creation of a vendor portal was necessary. This portal allows the chemical vendor to upload treatment data in spreadsheet format to a website which either accepts or rejects the data based on governance rules. If the data is accepted, it is mapped to the proper tables and stored for analysis. If the data is rejected, Excel highlights the data which is incorrect or missing and sends it back to the vendor for resubmission. This process is highlighted in Figure 6.</anchoringText>
<image-wrap id="102118178960MS-Img_SPi-6">
<label>Figure 6 </label>
<imageLink type="mediaResource" href="102118178960MS_i_6.tif" id="ImgLink-6" />
<caption>Vendor Portal for Data Upload and Submission</caption>
<formatted-caption>
<caption-label>Figure</caption-label>
<caption-order>6</caption-order>
<caption-text>Vendor Portal for Data Upload and Submission</caption-text>
</formatted-caption>
</image-wrap>
</linkTarget>
</appendix>
</docFigure>
<docFigure pdf-page="14" figure-order="7" data-type-order="7">
<link href="link-7" type="image" />
<appendix>
<linkTarget id="link-7" type="image">
<anchoringText id="Ancr7">Figure 7 shows wells currently on continuous injection by lift type, i.e. ESP, Rod Pump, and Flowing. The pie charts show which wells are being overtreated, undertreated, and those within the recommended concentration range. The monthly and cumulative costs by product name are displayed in the line graphs as well. Figure 8 is another line graph showing in greater detail the average usage per location on a monthly basis in addition to the recommended concentration and chemical tote volume in gallons. This usage data can be graphed with well test history to evaluate impact on production.</anchoringText>
<image-wrap id="102118178960MS-Img_SPi-7">
<label>Figure 7 </label>
<imageLink type="mediaResource" href="102118178960MS_i_7.tif" id="ImgLink-7" />
<caption>Over/Under Treatment by Well Type and Chemical Cost</caption>
<formatted-caption>
<caption-label>Figure</caption-label>
<caption-order>7</caption-order>
<caption-text>Over/Under Treatment by Well Type and Chemical Cost</caption-text>
</formatted-caption>
</image-wrap>
</linkTarget>
</appendix>
</docFigure>
<docFigure pdf-page="15" figure-order="8" data-type-order="8">
<link href="link-8" type="image" />
<appendix>
<linkTarget id="link-8" type="image">
<anchoringText id="Ancr8">Figure 7 shows wells currently on continuous injection by lift type, i.e. ESP, Rod Pump, and Flowing. The pie charts show which wells are being overtreated, undertreated, and those within the recommended concentration range. The monthly and cumulative costs by product name are displayed in the line graphs as well. Figure 8 is another line graph showing in greater detail the average usage per location on a monthly basis in addition to the recommended concentration and chemical tote volume in gallons. This usage data can be graphed with well test history to evaluate impact on production.</anchoringText>
<image-wrap id="102118178960MS-Img_SPi-8">
<label>Figure 8 </label>
<imageLink type="mediaResource" href="102118178960MS_i_8.tif" id="ImgLink-8" />
<caption>Usage per Location vs Recommended PPM</caption>
<formatted-caption>
<caption-label>Figure</caption-label>
<caption-order>8</caption-order>
<caption-text>Usage per Location vs Recommended PPM</caption-text>
</formatted-caption>
</image-wrap>
<image-wrap id="102118178960MS-Img_SPi-8a">
<imageLink type="mediaResource" href="102118178960MS_i_8a.tif" id="ImgLink-8a" />
<figure-specific-caption>
<caption-order></caption-order>
<caption-text>Usage per Location</caption-text>
</figure-specific-caption>
</image-wrap>
<image-wrap id="102118178960MS-Img_SPi-8b">
<imageLink type="mediaResource" href="102118178960MS_i_8b.tif" id="ImgLink-8b" />
<figure-specific-caption>
<caption-order></caption-order>
<caption-text>Recommended PPM</caption-text>
</figure-specific-caption>
</image-wrap>
</linkTarget>
</appendix>
</docFigure>
<docFigure pdf-page="15" figure-order="9" data-type-order="9">
<link href="link-9" type="image" />
<appendix>
<linkTarget id="link-9" type="image">
<anchoringText id="Ancr9">These visualizations can also be used to calculate an efficiency index for continuous treatments by taking the reporting period (days) minus the sum of time intervals with the injection concentration below target (days). This value is then divided by the total injection time (days). For batch or periodic treatments, the calculation is similar except the efficiency index is the planned treatment frequency (days) divided by the actual treatment frequency (days). These indices provide a quantifiable means of measuring deviation from the planned treatment schedule and can also be plotted as a separate graph over time as in Figure 9 and 10.</anchoringText>
<image-wrap id="102118178960MS-Img_SPi-9">
<label>Figure 9 </label>
<imageLink type="mediaResource" href="102118178960MS_i_9.tif" id="ImgLink-9" />
<caption>Monitoring of Continuous and Periodic Treatment Efficiency</caption>
<formatted-caption>
<caption-label>Figure</caption-label>
<caption-order>9</caption-order>
<caption-text>Monitoring of Continuous and Periodic Treatment Efficiency</caption-text>
</formatted-caption>
</image-wrap>
</linkTarget>
</appendix>
</docFigure>
<docFigure pdf-page="16" figure-order="10" data-type-order="10">
<link href="link-10" type="image" />
<appendix>
<linkTarget id="link-10" type="image">
<anchoringText id="Ancr10">These visualizations can also be used to calculate an efficiency index for continuous treatments by taking the reporting period (days) minus the sum of time intervals with the injection concentration below target (days). This value is then divided by the total injection time (days). For batch or periodic treatments, the calculation is similar except the efficiency index is the planned treatment frequency (days) divided by the actual treatment frequency (days). These indices provide a quantifiable means of measuring deviation from the planned treatment schedule and can also be plotted as a separate graph over time as in Figure 9 and 10.</anchoringText>
<image-wrap id="102118178960MS-Img_SPi-10">
<label>Figure 10 </label>
<imageLink type="mediaResource" href="102118178960MS_i_10.tif" id="ImgLink-10" />
<caption>Monitoring of Periodic Treatment Efficiency</caption>
<formatted-caption>
<caption-label>Figure</caption-label>
<caption-order>10</caption-order>
<caption-text>Monitoring of Periodic Treatment Efficiency</caption-text>
</formatted-caption>
</image-wrap>
</linkTarget>
</appendix>
</docFigure>
<docFigure pdf-page="19" figure-order="11" data-type-order="11">
<link href="link-11" type="image" />
<appendix>
<linkTarget id="link-11" type="image">
<anchoringText id="Ancr11"> </anchoringText>
<image-wrap id="102118178960MS-Img_SPi-11">
<imageLink type="mediaResource" href="102118178960MS_i_11.tif" id="ImgLink-11" />
<caption>New Mexico, Texas, Sand Hills, Stratigraphic Columns</caption>
<formatted-caption>
<caption-text>New Mexico, Texas, Sand Hills, Stratigraphic Columns</caption-text>
</formatted-caption>
</image-wrap>
</linkTarget>
</appendix>
</docFigure>
</docFigureList>
</docTables>