<?xml version="1.0" encoding="utf-8"?>
<docTables>
<docMetaData inputFile="102118176563MS.txt" extractionDate="2021-03-16T09:27:25Z">
<doi>10.2118/176563-MS</doi>
<pii>10.2118/176563-MS</pii>
<publisher>SPE_Society_of_Petroleum_Engineers</publisher>
</docMetaData>
<docFigureList>
<docFigure pdf-page="2" figure-order="1" data-type-order="1">
<link href="link-1" type="image" />
<appendix>
<linkTarget id="link-1" type="image">
<anchoringText id="Ancr3">The Yuri Korchagin field is located in shallow waters, within the Russian border of the North Caspian sea, which is illustrated geographically in Figure 1.</anchoringText>
<image-wrap id="102118176563MS-Img_SPi-1">
<label>Figure 1 </label>
<imageLink type="mediaResource" href="102118176563MS_i_1.tif" id="ImgLink-1" />
<caption>Yuri Korchagin field location/ Russian part of North Caspian</caption>
<formatted-caption>
<caption-label>Figure</caption-label>
<caption-order>1</caption-order>
<caption-text>Yuri Korchagin field location/ Russian part of North Caspian</caption-text>
</formatted-caption>
</image-wrap>
</linkTarget>
</appendix>
</docFigure>
<docFigure pdf-page="3" figure-order="2" data-type-order="2">
<link href="link-2" type="image" />
<appendix>
<linkTarget id="link-2" type="image">
<anchoringText id="Ancr4">The field was discovered in 2000, where the first exploration well discovered a massive stratigraphic feature: from the Middle Jurassic up to Paleoigene deposits. It is an oil-gas-condensate, thin oil rim clastic reservoir with an average thickness of 20 metres, bounded by a massive gas cap approximately 100 metres in height and an underlying active aquifer shown in Figure 2.</anchoringText>
<image-wrap id="102118176563MS-Img_SPi-2">
<label>Figure 2 </label>
<imageLink type="mediaResource" href="102118176563MS_i_2.tif" id="ImgLink-2" />
<caption>Neocom geological cross section</caption>
<formatted-caption>
<caption-label>Figure</caption-label>
<caption-order>2</caption-order>
<caption-text>Neocom geological cross section</caption-text>
</formatted-caption>
</image-wrap>
</linkTarget>
</appendix>
</docFigure>
<docFigure pdf-page="4" figure-order="3" data-type-order="4">
<link href="link-3" type="image" />
<appendix>
<linkTarget id="link-3" type="image">
<anchoringText id="Ancr5">The current oil rim development strategy is to continue to drill 5000 metre horizontal section of producing wells, radially out from the platform close to the WOC in order to minimise early gas coning and breakthrough as illustrated in Figure 3 and Figure 4. In addition, any produced gas is re-injected into the gas cap and produced water is re-injected into the water bearing zone.</anchoringText>
<image-wrap id="102118176563MS-Img_SPi-3">
<label>Figure 3 </label>
<imageLink type="mediaResource" href="102118176563MS_i_3.tif" id="ImgLink-3" />
<caption>Neocom Drilling scheme</caption>
<formatted-caption>
<caption-label>Figure</caption-label>
<caption-order>3</caption-order>
<caption-text>Neocom Drilling scheme</caption-text>
</formatted-caption>
</image-wrap>
</linkTarget>
</appendix>
</docFigure>
<docFigure pdf-page="4" figure-order="4" data-type-order="5">
<link href="link-4" type="image" />
<appendix>
<linkTarget id="link-4" type="image">
<anchoringText id="Ancr6">The current oil rim development strategy is to continue to drill 5000 metre horizontal section of producing wells, radially out from the platform close to the WOC in order to minimise early gas coning and breakthrough as illustrated in Figure 3 and Figure 4. In addition, any produced gas is re-injected into the gas cap and produced water is re-injected into the water bearing zone.</anchoringText>
<image-wrap id="102118176563MS-Img_SPi-4">
<label>Figure 4 </label>
<imageLink type="mediaResource" href="102118176563MS_i_4.tif" id="ImgLink-4" />
<caption>Well placement trajectory</caption>
<formatted-caption>
<caption-label>Figure</caption-label>
<caption-order>4</caption-order>
<caption-text>Well placement trajectory</caption-text>
</formatted-caption>
</image-wrap>
</linkTarget>
</appendix>
</docFigure>
<docFigure pdf-page="6" figure-order="5" data-type-order="6">
<link href="link-5" type="image" />
<appendix>
<linkTarget id="link-5" type="image">
<anchoringText id="Ancr7">There are currently 16 producing wells, with the majority of them producing above a design GOR of 104 m3/m3. The longest producing wells already exceed this value by twenty times or more as illustrated in Figure 5 as GOR bubble maps.</anchoringText>
<image-wrap id="102118176563MS-Img_SPi-5">
<label>Figure 5 </label>
<imageLink type="mediaResource" href="102118176563MS_i_5.tif" id="ImgLink-5" />
<caption>GOR bubble map</caption>
<formatted-caption>
<caption-label>Figure</caption-label>
<caption-order>5</caption-order>
<caption-text>GOR bubble map</caption-text>
</formatted-caption>
</image-wrap>
</linkTarget>
</appendix>
</docFigure>
<docFigure pdf-page="7" figure-order="6" data-type-order="7">
<link href="link-6" type="image" />
<appendix>
<linkTarget id="link-6" type="image">
<anchoringText id="Ancr8">To mitigate gas coning, it was expected that PICD could be used to balance inflow and choke gas upon breakthrough but did not sufficiently choke gas inflow. Even with a low drawdown (between 3 to 6 bars), the GOR steadily increases with no sign of abating as illustrated in Figure 6. Some PICD wells have a producing GOR of 2500 m3/m3, which is almost 25 times more than the design GOR.</anchoringText>
<image-wrap id="102118176563MS-Img_SPi-6">
<label>Figure 6 </label>
<imageLink type="mediaResource" href="102118176563MS_i_6.tif" id="ImgLink-6" />
<caption>Steady GOR increase in PICD wells</caption>
<formatted-caption>
<caption-label>Figure</caption-label>
<caption-order>6</caption-order>
<caption-text>Steady GOR increase in PICD wells</caption-text>
</formatted-caption>
</image-wrap>
</linkTarget>
</appendix>
</docFigure>
<docFigure pdf-page="8" figure-order="7" data-type-order="8">
<link href="link-7" type="image" />
<appendix>
<linkTarget id="link-7" type="image">
<anchoringText id="Ancr9">With this constraint in mind, it is only possible by moving the drilling portal to the stern and freeing two rows of slots on the spider desk as shown in Figure 7 and setting up an upper roller for the lubricator requires the use of a deck crane. Therefore, this creates additional complications for scheduling loading operations between escort vessels and the platform. For these reasons, PLTs were ruled out as an unfeasible and complicated monitoring option.</anchoringText>
<image-wrap id="102118176563MS-Img_SPi-7">
<label>Figure 7 </label>
<imageLink type="mediaResource" href="102118176563MS_i_7.tif" id="ImgLink-7" />
<caption>Slots position on the platform</caption>
<formatted-caption>
<caption-label>Figure</caption-label>
<caption-order>7</caption-order>
<caption-text>Slots position on the platform</caption-text>
</formatted-caption>
</image-wrap>
</linkTarget>
</appendix>
</docFigure>
<docFigure pdf-page="10" figure-order="8" data-type-order="9">
<link href="link-8" type="image" />
<appendix>
<linkTarget id="link-8" type="image">
<anchoringText id="Ancr10">The RCP based AICD was the chosen design by the Yuri Korchagin asset team to pilot because of the similar reservoir and fluid property characteristics and same primary challenge of controlling gas inflow from the gas cap like Troll. The actual valves deployed in the pilot well are shown from the selected vendor in Figure 8.</anchoringText>
<image-wrap id="102118176563MS-Img_SPi-8">
<label>Figure 8 </label>
<imageLink type="mediaResource" href="102118176563MS_i_8.tif" id="ImgLink-8" />
<caption>Photograph on the left shows a RCP AICD installed at the end of the screen joint with the housing removed. The two illustrations on the right show a cross section of the RCP AICD with the movable disc and arrows indicating the flow path around the device</caption>
<formatted-caption>
<caption-label>Figure</caption-label>
<caption-order>8</caption-order>
<caption-text>Photograph on the left shows a RCP AICD installed at the end of the screen joint with the housing removed. The two illustrations on the right show a cross section of the RCP AICD with the movable disc and arrows indicating the flow path around the device</caption-text>
</formatted-caption>
</image-wrap>
</linkTarget>
</appendix>
</docFigure>
<docFigure pdf-page="11" figure-order="9" data-type-order="10">
<link href="link-9" type="image" />
<appendix>
<linkTarget id="link-9" type="image">
<anchoringText id="Ancr11">The inflow tracer systems are unique tracer molecules embedded in a polymer matrix material, in the shape of rods as shown in Figure 9. This combination is classified as a tracer system. Water tracer systems are designed to release tracer material to water and oil tracer systems are designed to release tracer material to oil. The tracer release rate is independent of fluid velocity passing the polymer matrix; release changes with the degree of target fluid contact called wetting. Both oil and water tracer systems are dormant when not in contact with their target phase. This also means if a gaseous phase is in contact with either oil or water tracer systems, no tracers will be released at all. The absence of tracer from a particular location can also indicate there is no flow, meaning no wetting from a target fluid.</anchoringText>
<image-wrap id="102118176563MS-Img_SPi-9">
<label>Figure 9 </label>
<imageLink type="mediaResource" href="102118176563MS_i_9.tif" id="ImgLink-9" />
<caption>Tracer systems are the rod shaped polymers. They are installed in wire wrap screen filters drainage layer housed by the rib wires, base pipe OD and ID of wire wrap</caption>
<formatted-caption>
<caption-label>Figure</caption-label>
<caption-order>9</caption-order>
<caption-text>Tracer systems are the rod shaped polymers. They are installed in wire wrap screen filters drainage layer housed by the rib wires, base pipe OD and ID of wire wrap</caption-text>
</formatted-caption>
</image-wrap>
</linkTarget>
</appendix>
</docFigure>
<docFigure pdf-page="12" figure-order="10" data-type-order="11">
<link href="link-10" type="image" />
<appendix>
<linkTarget id="link-10" type="image">
<anchoringText id="Ancr12">The LWD log interpretation indicated the thickness of the Middle Neocom lessened eastwards and changed by ~5 metres in the drilling interval of 2020 –2110 metre and by ~1 metre between 5800 – 6120 metre interval. The reservoir is characterized by a high degree of heterogeneity and is complicated by lens-like inclusions of dense carbonized sandstone. Outside the dome of the reservoir, the reservoir properties reduce in quality, the oil saturated sandstone became increasingly interbedded by carbonized rocks. The final well placement interpretation can be seen in Figure 10.</anchoringText>
<image-wrap id="102118176563MS-Img_SPi-10">
<label>Figure 10 </label>
<imageLink type="mediaResource" href="102118176563MS_i_10.tif" id="ImgLink-10" />
<caption>Final pilot well placement</caption>
<formatted-caption>
<caption-label>Figure</caption-label>
<caption-order>10</caption-order>
<caption-text>Final pilot well placement</caption-text>
</formatted-caption>
</image-wrap>
</linkTarget>
</appendix>
</docFigure>
<docFigure pdf-page="13" figure-order="11" data-type-order="12">
<link href="link-11" type="image" />
<appendix>
<linkTarget id="link-11" type="image">
<anchoringText id="Ancr13">The pilot well was drilled and completed on the 15th of October, 2014, sixteen compartments were isolated with swell packers in the open hole annulus. It is important to note that the tracers are only indicative of flow between packers. After the LWD logs were interpreted, the asset team identified where to place the swell packers and the eight chemical sensors in the lower completion, meaning the other eight remaining zones are unmonitored or without sensors and therefore termed as “blind zones”. The chemical sensor placement strategy was to position each sensor in separate completion compartments which had good quality sands and stay approximately 5 metres above the OWC. In addition, the blind zones adjacent to the monitored zones were also placed near sands of similar sand quality. The final placement of the eight chemical sensors along the horizontal producing interval is illustrated in Figure 11 and Figure 12.</anchoringText>
<image-wrap id="102118176563MS-Img_SPi-11">
<label>Figure 11 </label>
<imageLink type="mediaResource" href="102118176563MS_i_11.tif" id="ImgLink-11" />
<caption>Tracer systems placement and “blind” zones in the pilot well. The illustrate undulating well trajectory with the highlighted circles indicates the highest elevated intervals of the well nearest to the GOC</caption>
<formatted-caption>
<caption-label>Figure</caption-label>
<caption-order>11</caption-order>
<caption-text>Tracer systems placement and “blind” zones in the pilot well. The illustrate undulating well trajectory with the highlighted circles indicates the highest elevated intervals of the well nearest to the GOC</caption-text>
</formatted-caption>
</image-wrap>
</linkTarget>
</appendix>
</docFigure>
<docFigure pdf-page="13" figure-order="12" data-type-order="13">
<link href="link-12" type="image" />
<appendix>
<linkTarget id="link-12" type="image">
<anchoringText id="Ancr14">The pilot well was drilled and completed on the 15th of October, 2014, sixteen compartments were isolated with swell packers in the open hole annulus. It is important to note that the tracers are only indicative of flow between packers. After the LWD logs were interpreted, the asset team identified where to place the swell packers and the eight chemical sensors in the lower completion, meaning the other eight remaining zones are unmonitored or without sensors and therefore termed as “blind zones”. The chemical sensor placement strategy was to position each sensor in separate completion compartments which had good quality sands and stay approximately 5 metres above the OWC. In addition, the blind zones adjacent to the monitored zones were also placed near sands of similar sand quality. The final placement of the eight chemical sensors along the horizontal producing interval is illustrated in Figure 11 and Figure 12.</anchoringText>
<image-wrap id="102118176563MS-Img_SPi-12">
<label>Figure 12 </label>
<imageLink type="mediaResource" href="102118176563MS_i_12.tif" id="ImgLink-12" />
<caption>Lower completion configuration with geology log and tracer placement. (B – “blind” zones not monitored by tracers)</caption>
<formatted-caption>
<caption-label>Figure</caption-label>
<caption-order>12</caption-order>
<caption-text>Lower completion configuration with geology log and tracer placement. (B – “blind” zones not monitored by tracers)</caption-text>
</formatted-caption>
</image-wrap>
</linkTarget>
</appendix>
</docFigure>
<docFigure pdf-page="14" figure-order="13" data-type-order="14">
<link href="link-13" type="image" />
<appendix>
<linkTarget id="link-13" type="image">
<anchoringText id="Ancr15">Prior to restarting the well, it was shut in for a 36 hour period. The well was started at a choke setting 16.67mm and 88 oil samples were collected during the restart. Based on the well production data in Figure 14 and well construction from downhole to sampling point, 42 samples were collected to be analysed for 8 oil tracers as shown in Figure 13. The measured normalised tracer concentrations in the oil samples are shown in Figure 15 and Figure 16.</anchoringText>
<image-wrap id="102118176563MS-Img_SPi-13">
<label>Figure 13 </label>
<imageLink type="mediaResource" href="102118176563MS_i_13.tif" id="ImgLink-13" />
<caption>Collected (black triangles) and analyzed (red triangles) samples for oil tracers, production rate</caption>
<formatted-caption>
<caption-label>Figure</caption-label>
<caption-order>13</caption-order>
<caption-text>Collected (black triangles) and analyzed (red triangles) samples for oil tracers, production rate</caption-text>
</formatted-caption>
</image-wrap>
</linkTarget>
</appendix>
</docFigure>
<docFigure pdf-page="14" figure-order="14" data-type-order="15">
<link href="link-14" type="image" />
<appendix>
<linkTarget id="link-14" type="image">
<anchoringText id="Ancr16">Prior to restarting the well, it was shut in for a 36 hour period. The well was started at a choke setting 16.67mm and 88 oil samples were collected during the restart. Based on the well production data in Figure 14 and well construction from downhole to sampling point, 42 samples were collected to be analysed for 8 oil tracers as shown in Figure 13. The measured normalised tracer concentrations in the oil samples are shown in Figure 15 and Figure 16.</anchoringText>
<image-wrap id="102118176563MS-Img_SPi-14">
<label>Figure 14 </label>
<imageLink type="mediaResource" href="102118176563MS_i_14.tif" id="ImgLink-14" />
<caption>Pilot well re-start production data</caption>
<formatted-caption>
<caption-label>Figure</caption-label>
<caption-order>14</caption-order>
<caption-text>Pilot well re-start production data</caption-text>
</formatted-caption>
</image-wrap>
</linkTarget>
</appendix>
</docFigure>
<docFigure pdf-page="15" figure-order="15" data-type-order="16">
<link href="link-15" type="image" />
<appendix>
<linkTarget id="link-15" type="image">
<anchoringText id="Ancr17">Prior to restarting the well, it was shut in for a 36 hour period. The well was started at a choke setting 16.67mm and 88 oil samples were collected during the restart. Based on the well production data in Figure 14 and well construction from downhole to sampling point, 42 samples were collected to be analysed for 8 oil tracers as shown in Figure 13. The measured normalised tracer concentrations in the oil samples are shown in Figure 15 and Figure 16.</anchoringText>
<image-wrap id="102118176563MS-Img_SPi-15">
<label>Figure 15 </label>
<imageLink type="mediaResource" href="102118176563MS_i_15.tif" id="ImgLink-15" />
<caption>Normalized transient tracer responses on the start of the well with well trajectory and tracer placement in top illustration</caption>
<formatted-caption>
<caption-label>Figure</caption-label>
<caption-order>15</caption-order>
<caption-text>Normalized transient tracer responses on the start of the well with well trajectory and tracer placement in top illustration</caption-text>
</formatted-caption>
</image-wrap>
</linkTarget>
</appendix>
</docFigure>
<docFigure pdf-page="15" figure-order="16" data-type-order="17">
<link href="link-16" type="image" />
<appendix>
<linkTarget id="link-16" type="image">
<anchoringText id="Ancr18">Prior to restarting the well, it was shut in for a 36 hour period. The well was started at a choke setting 16.67mm and 88 oil samples were collected during the restart. Based on the well production data in Figure 14 and well construction from downhole to sampling point, 42 samples were collected to be analysed for 8 oil tracers as shown in Figure 13. The measured normalised tracer concentrations in the oil samples are shown in Figure 15 and Figure 16.</anchoringText>
<image-wrap id="102118176563MS-Img_SPi-16">
<label>Figure 16 </label>
<imageLink type="mediaResource" href="102118176563MS_i_16.tif" id="ImgLink-16" />
<caption>Tracer signals during steady-state production</caption>
<formatted-caption>
<caption-label>Figure</caption-label>
<caption-order>16</caption-order>
<caption-text>Tracer signals during steady-state production</caption-text>
</formatted-caption>
</image-wrap>
</linkTarget>
</appendix>
</docFigure>
<docFigure pdf-page="17" figure-order="17" data-type-order="18">
<link href="link-17" type="image" />
<appendix>
<linkTarget id="link-17" type="image">
<anchoringText id="Ancr19">The basis for this model relies on the rate of change of the back produced released tracer molecules, which is dependent on the flow rate past the respective chemical sensor. For instance, in a high permeability production interval, a high tracer concentration response will be observed to rapidly decline towards steady-state or a near constant level. From a section with comparably lower permeability, a slower rate of decline is observed. This principle is illustrated in Figure 17.</anchoringText>
<image-wrap id="102118176563MS-Img_SPi-17">
<label>Figure 17 </label>
<imageLink type="mediaResource" href="102118176563MS_i_17.tif" id="ImgLink-17" />
<caption>Theoretical response dependency on section flow rate. A higher flow rate (2Q) gives an initially higher and more rapidly declining tracer response than a section with lower production rate (Q) assuming all other parameters kept constant</caption>
<formatted-caption>
<caption-label>Figure</caption-label>
<caption-order>17</caption-order>
<caption-text>Theoretical response dependency on section flow rate. A higher flow rate (2Q) gives an initially higher and more rapidly declining tracer response than a section with lower production rate (Q) assuming all other parameters kept constant</caption-text>
</formatted-caption>
</image-wrap>
</linkTarget>
</appendix>
</docFigure>
<docFigure pdf-page="17" figure-order="18" data-type-order="19">
<link href="link-18" type="image" />
<appendix>
<linkTarget id="link-18" type="image">
<anchoringText id="Ancr20">The Flush-out model forms the basis for history matching and the estimation of zonal contribution and the details of the model can be found in (Montes et al., 2013). It was utilised to estimate zonal contribution in a nozzle based PICD lower completion compartmentalized with swell packers. The model described was applied to the family of tracer responses from the zones with chemical sensors installed as shown in Figure 18.</anchoringText>
<image-wrap id="102118176563MS-Img_SPi-18">
<label>Figure 18 </label>
<imageLink type="mediaResource" href="102118176563MS_i_18.tif" id="ImgLink-18" />
<caption>Tracer transients used for quantification</caption>
<formatted-caption>
<caption-label>Figure</caption-label>
<caption-order>18</caption-order>
<caption-text>Tracer transients used for quantification</caption-text>
</formatted-caption>
</image-wrap>
</linkTarget>
</appendix>
</docFigure>
<docFigure pdf-page="18" figure-order="19" data-type-order="20">
<link href="link-19" type="image" />
<appendix>
<linkTarget id="link-19" type="image">
<anchoringText id="Ancr21">The Flush-out model forms the basis for history matching and the estimation of zonal contribution and the details of the model can be found in (Montes et al., 2013). It was utilised to estimate zonal contribution in a nozzle based PICD lower completion compartmentalized with swell packers. The model described was applied to the family of tracer responses from the zones with chemical sensors installed as shown in Figure 18. The modelled Flush-out functions were fitted to the measured tracer responses in Figure 19.</anchoringText>
<image-wrap id="102118176563MS-Img_SPi-19">
<label>Figure 19 </label>
<imageLink type="mediaResource" href="102118176563MS_i_19.tif" id="ImgLink-19" />
<caption>Fitting of the “Flushout” model tracer signal to measured signal (K – curvature of the modelled signal, normalized inflow at tracer location in percents)</caption>
<formatted-caption>
<caption-label>Figure</caption-label>
<caption-order>19</caption-order>
<caption-text>Fitting of the “Flushout” model tracer signal to measured signal (K – curvature of the modelled signal, normalized inflow at tracer location in percents)</caption-text>
</formatted-caption>
</image-wrap>
</linkTarget>
</appendix>
</docFigure>
<docFigure pdf-page="19" figure-order="20" data-type-order="22">
<link href="link-20" type="image" />
<appendix>
<linkTarget id="link-20" type="image">
<anchoringText id="Ancr22">Using model fitted results and considering the relative compartment lengths and the permeability adjacent to the monitored and blind zones, the approximation of the relative inflow in the blind zones were determined. Inflow from every zone is normalized and expressed in percentage terms of the total well production rate taken as 100%. The results of the quantitative estimation of the zonal inflow distribution including contribution from the blind zones are summarised in Table 2 and presented graphically in Figure 20.</anchoringText>
<image-wrap id="102118176563MS-Img_SPi-20">
<label>Figure 20 </label>
<imageLink type="mediaResource" href="102118176563MS_i_20.tif" id="ImgLink-20" />
<caption>Quantitative inflow distribution estimation summary</caption>
<formatted-caption>
<caption-label>Figure</caption-label>
<caption-order>20</caption-order>
<caption-text>Quantitative inflow distribution estimation summary</caption-text>
</formatted-caption>
</image-wrap>
</linkTarget>
</appendix>
</docFigure>
</docFigureList>
</docTables>