<?xml version="1.0" encoding="utf-8"?>
<docTables>
<docMetaData inputFile="102118176711MS.txt" extractionDate="2021-03-20T18:36:22Z">
<doi>10.2118/176711-MS</doi>
<pii>10.2118/176711-MS</pii>
<publisher>SPE_Society_of_Petroleum_Engineers</publisher>
</docMetaData>
<docTableList>
<docTable pdf-page="5" table-order="1" data-type-order="3">
<table-wrap id="102118176711MS-tblwrp-1" content-type="structured">
<anchoringText id="Ancr1"> </anchoringText>
<label>Table 1</label>
<caption>Evaluation of heavy oil recovery from core through high-speed centrifugation</caption>
<formatted-caption>
<caption-label>Table</caption-label>
<caption-order>1</caption-order>
<caption-text>Evaluation of heavy oil recovery from core through high-speed centrifugation</caption-text>
</formatted-caption>
<table id="102118176711MS-Tbl_SPi-1" frame="hsides">
<thead>
<tr>
<th align="center" />
<th align="center">Reservoir-rock appearance</th>
<th align="center">Rock image under the microscope (1000x magnification)</th>
<th align="center">Spatially-resolved NMR spectrum of core sample</th>
</tr>
</thead>
<tbody>
<tr>
<td align="center">Before HSC</td>
<td valign="top" align="center"><link type="image" href="102118176711MS_i_6.tif" id="ImgLink-6" /></td>
<td valign="top" align="center"><link type="image" href="102118176711MS_i_7.tif" id="ImgLink-7" /></td>
<td valign="top" align="center"><link type="image" href="102118176711MS_i_8.tif" id="ImgLink-8" /></td>
</tr>
<tr>
<td align="center">After HSC</td>
<td valign="top" align="center"><link type="image" href="102118176711MS_i_9.tif" id="ImgLink-9" /></td>
<td valign="top" align="center"><link type="image" href="102118176711MS_i_10.tif" id="ImgLink-10" /></td>
<td valign="top" align="center"><link type="image" href="102118176711MS_i_11.tif" id="ImgLink-11" /></td>
</tr>
<tr>
<td align="center">After extraction</td>
<td valign="top" align="center"><link type="image" href="102118176711MS_i_12.tif" id="ImgLink-12" /></td>
<td valign="top" align="center"><link type="image" href="102118176711MS_i_13.tif" id="ImgLink-13" /></td>
<td valign="top" align="center"><link type="image" href="102118176711MS_i_14.tif" id="ImgLink-14" /></td>
</tr>
</tbody>
</table>
</table-wrap>
<appendix />
</docTable>
</docTableList>
</docTables>