<?xml version="1.0" encoding="utf-8"?>
<docTables>
<docMetaData inputFile="102118177208MS.txt" extractionDate="2021-03-16T10:39:06Z">
<doi>10.2118/177208-MS</doi>
<pii>10.2118/177208-MS</pii>
<publisher>SPE_Society_of_Petroleum_Engineers</publisher>
</docMetaData>
<docTableList>
<docTable pdf-page="4" table-order="1" data-type-order="5">
<table-wrap id="102118177208MS-tblwrp-1" content-type="structured">
<anchoringText id="Ancr1">The general petrophysical properties of the area, according to the latest revision of reserves are 17.8%porosity, net pay thickness oil of 164’ and absolute permeability 407 md. Petrophysical properties of the locations were estimated according to the petrophysical evaluation of neighboring wells and the location of these in the meshing of isopropiedades5, 6. Sumary petrophysical for LOC-A and LOC- B is shown in Table 1.</anchoringText>
<label>Table 1</label>
<caption>Summary petrophysical for LOC-A and LOC- B</caption>
<formatted-caption>
<caption-label>Table</caption-label>
<caption-order>1</caption-order>
<caption-text>Summary petrophysical for LOC-A and LOC- B</caption-text>
</formatted-caption>
<table id="102118177208MS-Tbl_SPi-1" frame="hsides">
<thead>
<tr>
<th colspan="4" valign="top" align="center">
<a>
</a>
<a>
</a>
<a id="bookmark0">
</a>
<a id="bookmark1">
</a>LOC-A</th>
</tr>
<tr>
<th valign="top" align="center">Layer</th>
<th valign="top" align="center">Net Pay (ft)</th>
<th valign="top" align="center">Porosity (%)</th>
<th valign="top" align="center">Keg (md)</th>
</tr>
</thead>
<tbody>
<tr>
<td valign="top" align="left">B-6-X</td>
<td valign="top" align="left">167</td>
<td valign="top" align="left">17</td>
<td valign="top" align="left">79</td>
</tr>
<tr>
<td colspan="4" valign="top" align="center">LOC-B</td>
</tr>
<tr>
<td valign="top" align="left">Layer</td>
<td valign="top" align="center">Net Pay (ft)</td>
<td valign="top" align="center">Porosity (%)</td>
<td valign="top" align="center">Keg (md)</td>
</tr>
<tr>
<td valign="top" align="left">B-6-X</td>
<td valign="top" align="center">170</td>
<td valign="top" align="center">21</td>
<td valign="top" align="center">145</td>
</tr>
</tbody>
</table>
</table-wrap>
<appendix />
</docTable>
<docTable pdf-page="7" table-order="2" data-type-order="10">
<table-wrap id="102118177208MS-tblwrp-2" content-type="structured">
<anchoringText id="Ancr2">Analyzing the results of the production sensitivities, with monobore completions whose diameter is 41/2” shows that the contribution of production is less and are not effective in our case because future operational problems8, 9. In the case of conventional completion (2-7/8”” and 3-1/2””) also showed sensitivities lower gas production ranging between 1.3 and 2.1 MMscfd respectively. Tables 2 through 5 are shown, the production capacity for the simulated diameters.</anchoringText>
<label>Table 2</label>
<caption>Production capacity for the simulated diameters monobore completion LOC-A</caption>
<formatted-caption>
<caption-label>Table</caption-label>
<caption-order>2</caption-order>
<caption-text>Production capacity for the simulated diameters monobore completion LOC-A</caption-text>
</formatted-caption>
<table id="102118177208MS-Tbl_SPi-2" frame="hsides">
<thead>
<tr>
<th colspan="5" valign="top" align="center">LOC-A</th>
</tr>
<tr>
<th valign="top" align="left">Tubing diameter</th>
<th colspan="2" valign="top" align="center">4-1/2''</th>
<th colspan="2" valign="top" align="center">5-1/2''</th>
</tr>
</thead>
<tbody>
<tr>
<td valign="top" align="left">Skin</td>
<td valign="top" align="left">5</td>
<td valign="top" align="left">10</td>
<td valign="top" align="left">5</td>
<td valign="top" align="left">10</td>
</tr>
<tr>
<td valign="top" align="left">Qg (MMscfd)</td>
<td valign="top" align="left">2,7</td>
<td valign="top" align="left">2,1</td>
<td valign="top" align="left">2,9</td>
<td valign="top" align="left">2,2</td>
</tr>
<tr>
<td valign="top" align="left">Qo (bopd)</td>
<td valign="top" align="left">8</td>
<td valign="top" align="left">6</td>
<td valign="top" align="left">9</td>
<td valign="top" align="left">7</td>
</tr>
<tr>
<td valign="top" align="left">Pwf (psia)</td>
<td valign="top" align="left">136</td>
<td valign="top" align="left">114</td>
<td valign="top" align="left">101</td>
<td valign="top" align="left">87</td>
</tr>
<tr>
<td valign="top" align="left">Pwh (psia)</td>
<td valign="top" align="left">43</td>
<td valign="top" align="left">40</td>
<td valign="top" align="left">44</td>
<td valign="top" align="left">40</td>
</tr>
<tr>
<td valign="top" align="left">PIf (psia)</td>
<td valign="top" align="left">42</td>
<td valign="top" align="left">39</td>
<td valign="top" align="left">43</td>
<td valign="top" align="left">39</td>
</tr>
<tr>
<td valign="top" align="left">Twf (°F)</td>
<td valign="top" align="left">163</td>
<td valign="top" align="left">163</td>
<td valign="top" align="left">163</td>
<td valign="top" align="left">163</td>
</tr>
<tr>
<td valign="top" align="left">Keg (md)</td>
<td colspan="4" valign="top" align="center">79</td>
</tr>
</tbody>
</table>
</table-wrap>
<appendix />
</docTable>
<docTable pdf-page="7" table-order="3" data-type-order="11">
<table-wrap id="102118177208MS-tblwrp-3" content-type="structured">
<anchoringText id="Ancr3">Analyzing the results of the production sensitivities, with monobore completions whose diameter is 41/2” shows that the contribution of production is less and are not effective in our case because future operational problems8, 9. In the case of conventional completion (2-7/8”” and 3-1/2””) also showed sensitivities lower gas production ranging between 1.3 and 2.1 MMscfd respectively. Tables 2 through 5 are shown, the production capacity for the simulated diameters.</anchoringText>
<label>Table 3</label>
<caption>Production capacity for the simulated diameters monobore completion LOC-B</caption>
<formatted-caption>
<caption-label>Table</caption-label>
<caption-order>3</caption-order>
<caption-text>Production capacity for the simulated diameters monobore completion LOC-B</caption-text>
</formatted-caption>
<table id="102118177208MS-Tbl_SPi-3" frame="hsides">
<thead>
<tr>
<th colspan="5" valign="top" align="center">LOC-B</th>
</tr>
<tr>
<th valign="top" align="left">Tubing diameter</th>
<th colspan="2" valign="top" align="center">4-1/2''</th>
<th colspan="2" valign="top" align="center">5-1/2''</th>
</tr>
</thead>
<tbody>
<tr>
<td valign="top" align="left">Skin</td>
<td valign="top" align="left">5</td>
<td valign="top" align="left">10</td>
<td valign="top" align="left">5</td>
<td valign="top" align="left">10</td>
</tr>
<tr>
<td valign="top" align="left">Qg (MMscfd)</td>
<td valign="top" align="left">3,8</td>
<td valign="top" align="left">3,5</td>
<td valign="top" align="left">5,3</td>
<td valign="top" align="left">4,7</td>
</tr>
<tr>
<td valign="top" align="left">Qo (bopd)</td>
<td valign="top" align="left">13</td>
<td valign="top" align="left">12</td>
<td valign="top" align="left">18</td>
<td valign="top" align="left">16</td>
</tr>
<tr>
<td valign="top" align="left">Pwf (psia)</td>
<td valign="top" align="left">225</td>
<td valign="top" align="left">274</td>
<td valign="top" align="left">201</td>
<td valign="top" align="left">181</td>
</tr>
<tr>
<td valign="top" align="left">Pwh (psia)</td>
<td valign="top" align="left">73</td>
<td valign="top" align="left">71</td>
<td valign="top" align="left">89</td>
<td valign="top" align="left">82</td>
</tr>
<tr>
<td valign="top" align="left">PIf (psia)</td>
<td valign="top" align="left">72</td>
<td valign="top" align="left">70</td>
<td valign="top" align="left">88</td>
<td valign="top" align="left">81</td>
</tr>
<tr>
<td valign="top" align="left">Twf (°F)</td>
<td valign="top" align="left">154</td>
<td valign="top" align="left">154</td>
<td valign="top" align="left">154</td>
<td valign="top" align="left">154</td>
</tr>
<tr>
<td valign="top" align="left">Keg (md)</td>
<td colspan="4" valign="top" align="center">145</td>
</tr>
</tbody>
</table>
</table-wrap>
<appendix />
</docTable>
<docTable pdf-page="7" table-order="4" data-type-order="12">
<table-wrap id="102118177208MS-tblwrp-4" content-type="structured">
<anchoringText id="Ancr4">Analyzing the results of the production sensitivities, with monobore completions whose diameter is 41/2” shows that the contribution of production is less and are not effective in our case because future operational problems8, 9. In the case of conventional completion (2-7/8”” and 3-1/2””) also showed sensitivities lower gas production ranging between 1.3 and 2.1 MMscfd respectively. Tables 2 through 5 are shown, the production capacity for the simulated diameters.</anchoringText>
<label>Table 4</label>
<caption>Production capacity for the simulated diameters convencional completetion LOC-A</caption>
<formatted-caption>
<caption-label>Table</caption-label>
<caption-order>4</caption-order>
<caption-text>Production capacity for the simulated diameters convencional completetion LOC-A</caption-text>
</formatted-caption>
<table id="102118177208MS-Tbl_SPi-4" frame="hsides">
<thead>
<tr>
<th valign="top" align="left">Tubing diameter</th>
<th colspan="2" valign="top" align="center">2-7/8''</th>
<th colspan="2" valign="top" align="center">3-1/2''</th>
</tr>
<tr>
<th valign="top" align="left">Skin</th>
<th valign="top" align="center">5</th>
<th valign="top" align="center">10</th>
<th valign="top" align="center">5</th>
<th valign="top" align="center">10</th>
</tr>
</thead>
<tbody>
<tr>
<td valign="top" align="left">Qg (MMscfd)</td>
<td valign="top" align="center">1,6</td>
<td valign="top" align="center">1,4</td>
<td valign="top" align="center">2,1</td>
<td valign="top" align="center">1,8</td>
</tr>
<tr>
<td valign="top" align="left">Qo (bopd)</td>
<td valign="top" align="center">5</td>
<td valign="top" align="center">4</td>
<td valign="top" align="center">6</td>
<td valign="top" align="center">6</td>
</tr>
<tr>
<td valign="top" align="left">Pwf (psia)</td>
<td valign="top" align="center">241</td>
<td valign="top" align="center">223</td>
<td valign="top" align="center">200</td>
<td valign="top" align="center">175</td>
</tr>
<tr>
<td valign="top" align="left">Pwh (psia)</td>
<td valign="top" align="center">37</td>
<td valign="top" align="center">37</td>
<td valign="top" align="center">40</td>
<td valign="top" align="center">38</td>
</tr>
<tr>
<td valign="top" align="left">Plf (psia)</td>
<td valign="top" align="center">36</td>
<td valign="top" align="center">36</td>
<td valign="top" align="center">39</td>
<td valign="top" align="center">37</td>
</tr>
<tr>
<td valign="top" align="left">Twf (°F)</td>
<td valign="top" align="center">163</td>
<td valign="top" align="center">163</td>
<td valign="top" align="center">163</td>
<td valign="top" align="center">163</td>
</tr>
<tr>
<td valign="top" align="left">Keg (md)</td>
<td colspan="4" valign="top" align="center">79</td>
</tr>
</tbody>
</table>
</table-wrap>
<appendix />
</docTable>
<docTable pdf-page="8" table-order="5" data-type-order="13">
<table-wrap id="102118177208MS-tblwrp-5" content-type="structured">
<anchoringText id="Ancr5">Analyzing the results of the production sensitivities, with monobore completions whose diameter is 41/2” shows that the contribution of production is less and are not effective in our case because future operational problems8, 9. In the case of conventional completion (2-7/8”” and 3-1/2””) also showed sensitivities lower gas production ranging between 1.3 and 2.1 MMscfd respectively. Tables 2 through 5 are shown, the production capacity for the simulated diameters.</anchoringText>
<label>Table 5</label>
<caption>Production capacity for the simulated diameters convencional completetion LOC-B</caption>
<formatted-caption>
<caption-label>Table</caption-label>
<caption-order>5</caption-order>
<caption-text>Production capacity for the simulated diameters convencional completetion LOC-B</caption-text>
</formatted-caption>
<table id="102118177208MS-Tbl_SPi-5" frame="hsides">
<thead>
<tr>
<th valign="top" align="left">Tubing diameter</th>
<th colspan="2" valign="top" align="center">2-7/8''</th>
<th colspan="2" valign="top" align="center">3-1/2''</th>
</tr>
<tr>
<th valign="top" align="left">Skin</th>
<th valign="top" align="center">5</th>
<th valign="top" align="center">10</th>
<th valign="top" align="center">5</th>
<th valign="top" align="center">10</th>
</tr>
</thead>
<tbody>
<tr>
<td valign="top" align="left">Qg (MMscfd)</td>
<td valign="top" align="center">1,3</td>
<td valign="top" align="center">1,3</td>
<td valign="top" align="center">2,1</td>
<td valign="top" align="center">2</td>
</tr>
<tr>
<td valign="top" align="left">Qo (bopd)</td>
<td valign="top" align="center">4</td>
<td valign="top" align="center">4</td>
<td valign="top" align="center">7</td>
<td valign="top" align="center">7</td>
</tr>
<tr>
<td valign="top" align="left">Pwf (psia)</td>
<td valign="top" align="center">258</td>
<td valign="top" align="center">252</td>
<td valign="top" align="center">239</td>
<td valign="top" align="center">239</td>
</tr>
<tr>
<td valign="top" align="left">Pwh (psia)</td>
<td valign="top" align="center">56</td>
<td valign="top" align="center">56</td>
<td valign="top" align="center">60</td>
<td valign="top" align="center">60</td>
</tr>
<tr>
<td valign="top" align="left">Plf (psia)</td>
<td valign="top" align="center">55</td>
<td valign="top" align="center">55</td>
<td valign="top" align="center">59</td>
<td valign="top" align="center">59</td>
</tr>
<tr>
<td valign="top" align="left">Twf (°F)</td>
<td valign="top" align="center">154</td>
<td valign="top" align="center">154</td>
<td valign="top" align="center">154</td>
<td valign="top" align="center">154</td>
</tr>
<tr>
<td valign="top" align="left">Keg (md)</td>
<td colspan="4" valign="top" align="center">145</td>
</tr>
</tbody>
</table>
</table-wrap>
<appendix />
</docTable>
<docTable pdf-page="8" table-order="6" data-type-order="14">
<table-wrap id="102118177208MS-tblwrp-6" content-type="structured">
<anchoringText id="Ancr6"> </anchoringText>
<label>Table 6</label>
<caption>Gun Simulation LOC-A</caption>
<formatted-caption>
<caption-label>Table</caption-label>
<caption-order>6</caption-order>
<caption-text>Gun Simulation LOC-A</caption-text>
</formatted-caption>
<table id="102118177208MS-Tbl_SPi-6" frame="hsides">
<thead>
<tr>
<th valign="top" align="left" />
<th colspan="2" valign="top" align="center">LOC-A</th>
<th colspan="2" valign="top" align="center">LOC-B</th>
</tr>
<tr>
<th valign="top" align="left">Gun Perforate Diameter</th>
<th valign="top" align="center">2-1/2''</th>
<th valign="top" align="center">2-7/8''</th>
<th valign="top" align="center">2-1/2''</th>
<th valign="top" align="center">2-7/8''</th>
</tr>
</thead>
<tbody>
<tr>
<td valign="top" align="left">ETA S.A Charge number</td>
<td valign="top" align="center">TG51HNG</td>
<td valign="top" align="center">T646H</td>
<td valign="top" align="center">TG51HNG</td>
<td valign="top" align="center">T646H</td>
</tr>
<tr>
<td valign="top" align="left">Shot density (SPF)</td>
<td valign="top" align="center">5</td>
<td valign="top" align="center">6</td>
<td valign="top" align="center">5</td>
<td valign="top" align="center">6</td>
</tr>
<tr>
<td valign="top" align="left">Phasing Degree (° )</td>
<td valign="top" align="center">S/60/60</td>
<td valign="top" align="center">S/60/60</td>
<td valign="top" align="center">S/60/60</td>
<td valign="top" align="center">S/60/60</td>
</tr>
<tr>
<td valign="top" align="left">Casing Size Hole (in)</td>
<td valign="top" align="center">0.3253</td>
<td valign="top" align="center">0.2632</td>
<td valign="top" align="center">0.3253</td>
<td valign="top" align="center">0.2632</td>
</tr>
<tr>
<td valign="top" align="left">Total Formation Penetration (in)</td>
<td valign="top" align="center">23.8435</td>
<td valign="top" align="center">21.8625</td>
<td valign="top" align="center">34.5784</td>
<td valign="top" align="center">31.8632</td>
</tr>
<tr>
<td valign="top" align="left">Area to flow(in<sup>2</sup> )</td>
<td valign="top" align="center">11.3342</td>
<td valign="top" align="center">8.3186</td>
<td valign="top" align="center">15.8853</td>
<td valign="top" align="center">11.6811</td>
</tr>
</tbody>
</table>
</table-wrap>
<appendix />
</docTable>
<docTable pdf-page="9" table-order="7" data-type-order="15">
<table-wrap id="102118177208MS-tblwrp-7" content-type="structured">
<anchoringText id="Ancr7"> </anchoringText>
<label>Table 7</label>
<caption>Costs and construction time for monobore and conventional wells</caption>
<formatted-caption>
<caption-label>Table</caption-label>
<caption-order>7</caption-order>
<caption-text>Costs and construction time for monobore and conventional wells</caption-text>
</formatted-caption>
<table id="102118177208MS-Tbl_SPi-7" frame="hsides">
<thead>
<tr>
<th valign="top" align="center">Costs</th>
<th valign="top" align="center">Thousand U.S $</th>
<th valign="top" align="center">%Save Cost</th>
</tr>
</thead>
<tbody>
<tr>
<td valign="top" align="left">Monobore</td>
<td valign="top" align="center">9,425.95</td>
<td valign="top" align="center">30%</td>
</tr>
<tr>
<td valign="top" align="left">Conventional</td>
<td valign="top" align="center">6,642.84</td>
<td valign="top" align="center">
</td>
</tr>
<tr>
<td valign="top" align="left">Time</td>
<td valign="top" align="center">Days</td>
<td valign="top" align="center">% Save Time</td>
</tr>
<tr>
<td valign="top" align="left">Monobore</td>
<td valign="top" align="center">18</td>
<td valign="top" align="center">28%</td>
</tr>
<tr>
<td valign="top" align="left">Conventional</td>
<td valign="top" align="center">28</td>
<td valign="top" align="center">
</td>
</tr>
</tbody>
</table>
</table-wrap>
<appendix />
</docTable>
<docTable pdf-page="9" table-order="8" data-type-order="16">
<table-wrap id="102118177208MS-tblwrp-8" content-type="structured">
<anchoringText id="Ancr8">The amount of casing used is determined from the pore pressure gradient and fracture, which is the conventional method used by PDVSA, resulting a configuration of two casing. Once determine this configuration, proceeded the analysis of stresses applied to them, with the use of specialized software for this, which were considered the worst operating conditions which may occur in the hole depending on the group of efforts studied (burst, collapse and tension). Safety factors set out by PDVSA were added to the maximum stresses resulting in the pipe11. Through these steps is obtained the design features. Grades and nominal weight for each casing as indicated in Table 8.</anchoringText>
<label>Tabla</label>
<caption>8 Grades and nominal weight</caption>
<formatted-caption>
<caption-label>Tab</caption-label>
<caption-order>la</caption-order>
<caption-text>8 Grades and nominal weight</caption-text>
</formatted-caption>
<table id="102118177208MS-Tbl_SPi-8" frame="hsides">
<thead>
<tr>
<th valign="top" align="center">Casing</th>
<th valign="top" align="center">OD (inches)</th>
<th valign="top" align="center">Weight (lb/ft)</th>
<th valign="top" align="center">Pipe Grade</th>
</tr>
</thead>
<tbody>
<tr>
<td valign="top" align="left">Surface</td>
<td valign="top" align="center">9-5/8</td>
<td valign="top" align="center">36</td>
<td valign="top" align="center">J-55</td>
</tr>
<tr>
<td valign="top" align="left">Production</td>
<td valign="top" align="center">5-1/2</td>
<td valign="top" align="center">17</td>
<td valign="top" align="center">N-80</td>
</tr>
</tbody>
</table>
</table-wrap>
<appendix />
</docTable>
</docTableList>
</docTables>