<?xml version="1.0" encoding="utf-8"?>
<docTables>
<docMetaData inputFile="102118179568MS.txt" extractionDate="2021-03-22T17:04:23Z">
<doi>10.2118/179568-MS</doi>
<pii>10.2118/179568-MS</pii>
<publisher>SPE_Society_of_Petroleum_Engineers</publisher>
</docMetaData>
<docFigureList>
<docFigure pdf-page="2" figure-order="1" data-type-order="1">
<link href="link-1" type="image" />
<appendix>
<linkTarget id="link-1" type="image">
<anchoringText id="Ancr6">Understanding the physical properties of CO2 is critical to evaluating CO2 floods and storage projects. The critical temperature and pressure of CO2 are 87.8°F (Tc, CO2) and 1,071 psia (pc, CO2), respectively (Fig. 1). A large number of existing mature oil reservoirs have temperatures (Tf) less than Tc, CO2. However, a corresponding vapor pressure (pvap, CO2) exists below which CO2 is a gas. When pf is greater than or equal to pvap, CO2, CO2 is a liquid.</anchoringText>
<image-wrap id="102118179568MS-Img_SPi-1">
<label>Figure 1 </label>
<imageLink type="mediaResource" href="102118179568MS_i_1.tif" id="ImgLink-1" />
<caption>Pressure-temperature (P-T) diagram for pure CO<sub>2</sub>.The critical point (green square) of CO<sub>2</sub> is at 1,071 psia and 87.8°F, respectively (adapted from Jarrell et al., 2002). The <i>p</i>
<sub>vap,</sub>
<sub>CO2</sub> at 80°F is about 975 psia. At 100°F reservoir pressure must be greater than 1,160 psia for CO<sub>2</sub> to be supercritical</caption>
<formatted-caption>
<caption-label>Figure</caption-label>
<caption-order>1</caption-order>
<caption-text>Pressure-temperature (P-T) diagram for pure CO<sub>2</sub>.The critical point (green square) of CO<sub>2</sub> is at 1,071 psia and 87.8°F, respectively (adapted from <link href="BIB1">Jarrell et al., 2002</link> ). The p<sub>vap,</sub>
<sub>CO2</sub> at 80°F is about 975 psia. At 100°F reservoir pressure must be greater than 1,160 psia for CO<sub>2</sub> to be supercritical</caption-text>
</formatted-caption>
</image-wrap>
</linkTarget>
<linkTarget id="link-10" type="bib">
<bib id="BIB1">
<label>Jarrell et al., 2002</label>
<author>
<first-name>P. M.</first-name>
<last-name>Jarrell</last-name>
</author>, <author>
<first-name>C. E.</first-name>
<last-name>Fox</last-name>
</author>, <author>
<first-name>M. H.</first-name>
<last-name>Stein</last-name>
</author>, and <author>
<first-name>S. L.</first-name>
<last-name>Webb</last-name>
</author>
<pubDate>2002</pubDate>. <article-title>Practical Aspects of CO2 Flooding, <i>SPE Monograph Series</i></article-title>,vol. <pages>
<first-page>22</first-page>
</pages>. Richardson, Texas: Society of Petroleum Engineers.</bib>
</linkTarget>
</appendix>
</docFigure>
<docFigure pdf-page="3" figure-order="2" data-type-order="2">
<link href="link-2" type="image" />
<appendix>
<linkTarget id="link-2" type="image">
<anchoringText id="Ancr7">Previous studies conducted by Beeson and Ortloff (1959), Holm (1959), Sim (1993), and Jarrel et al. (2002) reported increases in the density, viscosity, and solubility of CO2 in crude oil with pf. Thermodynamic correlations developed by Holme and Josendahl (1982) and Yellig and Metcalfe (1980) predict CO2 minimum miscibility pressure (MMP) to decrease with temperature. The density, viscosity, and solubility of CO2 (Fig. 2 and Fig. 3) increase significantly at pressures near pvap, CO2 for Tf Tc, CO2 and Pc, CO2 for Tf ≥ Tc, CO2.</anchoringText>
<image-wrap id="102118179568MS-Img_SPi-2">
<label>Figure 2 </label>
<imageLink type="mediaResource" href="102118179568MS_i_2.tif" id="ImgLink-2" />
<caption>Changes in CO<sub>2</sub> density and viscosity as a function of pressure at constant temperatures of 80°F (27°C) and 100°F (37.8°C; adapted from  Jarrel et al., 2002  )</caption>
<formatted-caption>
<caption-label>Figure</caption-label>
<caption-order>2</caption-order>
<caption-text>Changes in CO<sub>2</sub> density and viscosity as a function of pressure at constant temperatures of 80°F (27°C) and 100°F (37.8°C; adapted from <link href="BIB2"> Jarrel et al., 2002</link>  )</caption-text>
</formatted-caption>
</image-wrap>
</linkTarget>
<linkTarget id="link-10" type="bib">
<bib id="BIB2">
<label>Jarrell et al., 2002</label>
<author>
<first-name>P. M.</first-name>
<last-name>Jarrell</last-name>
</author>, <author>
<first-name>C. E.</first-name>
<last-name>Fox</last-name>
</author>, <author>
<first-name>M. H.</first-name>
<last-name>Stein</last-name>
</author>, and <author>
<first-name>S. L.</first-name>
<last-name>Webb</last-name>
</author>
<pubDate>2002</pubDate>. Practical Aspects of CO2 Flooding, <i>SPE Monograph Series, </i>vol. <pages>
<first-page>22</first-page>
</pages>. Richardson, Texas: Society of Petroleum Engineers.</bib>
</linkTarget>
</appendix>
</docFigure>
<docFigure pdf-page="3" figure-order="3" data-type-order="3">
<link href="link-3" type="image" />
<appendix>
<linkTarget id="link-3" type="image">
<anchoringText id="Ancr8">Previous studies conducted by Beeson and Ortloff (1959), Holm (1959), Sim (1993), and Jarrel et al. (2002) reported increases in the density, viscosity, and solubility of CO2 in crude oil with pf. Thermodynamic correlations developed by Holme and Josendahl (1982) and Yellig and Metcalfe (1980) predict CO2 minimum miscibility pressure (MMP) to decrease with temperature. The density, viscosity, and solubility of CO2 (Fig. 2 and Fig. 3) increase significantly at pressures near pvap, CO2 for Tf Tc, CO2 and Pc, CO2 for Tf ≥ Tc, CO2.</anchoringText>
<image-wrap id="102118179568MS-Img_SPi-3">
<label>Figure 3 </label>
<imageLink type="mediaResource" href="102118179568MS_i_3.tif" id="ImgLink-3" />
<caption>Change in in situ CO<sub>2</sub> solubility with crude oils from low- and high-temperature Illinois Basin reservoirs. More CO<sub>2</sub> is dissolved in the low-temperature reservoir. 98°F equals 37°C; 80°F equals 27°C (adapted from Sim, 1993)</caption>
<formatted-caption>
<caption-label>Figure</caption-label>
<caption-order>3</caption-order>
<caption-text>Change in in situ CO<sub>2</sub> solubility with crude oils from low- and high-temperature Illinois Basin reservoirs. More CO<sub>2</sub> is dissolved in the low-temperature reservoir. 98°F equals 37°C; 80°F equals 27°C (adapted from <link href="BIB4">Sim, 1993</link> )</caption-text>
</formatted-caption>
</image-wrap>
</linkTarget>
<linkTarget id="link-11" type="bib">
<bib id="BIB3">
<label>Jarrell et al., 2002</label>
<author>
<first-name>P. M.</first-name>
<last-name>Jarrell</last-name>
</author>, <author>
<first-name>C. E.</first-name>
<last-name>Fox</last-name>
</author>, <author>
<first-name>M. H.</first-name>
<last-name>Stein</last-name>
</author>, and <author>
<first-name>S. L.</first-name>
<last-name>Webb</last-name>
</author>
<pubDate>2002</pubDate>. Practical Aspects of CO2 Flooding, <i>SPE Monograph Series, </i>vol. <pages>
<first-page>22</first-page>
</pages>. Richardson, Texas: Society of Petroleum Engineers.</bib>
</linkTarget>
<linkTarget id="link-12" type="bib">
<bib id="BIB4">
<label>Sim, 1993</label>
<author>
<first-name>S. S. K.</first-name>
<last-name>Sim</last-name>
</author>
<pubDate>1993</pubDate>. Pressure-Volume-Temperature Correlations for Crude Oils from the Illinois Basin. Champaign, Illinois, Illinois State Geological Survey, Illinois Petroleum <pages>
<first-page>140</first-page>
</pages>.</bib>
</linkTarget>
</appendix>
</docFigure>
<docFigure pdf-page="4" figure-order="4" data-type-order="4">
<link href="link-4" type="image" />
<appendix>
<linkTarget id="link-4" type="image">
<anchoringText id="Ancr9">The estimated original oil in place (OOIP) of the Bald Unit is about 2.1 million standard barrels (stb). The unit was developed on 10-acre well spacing. The average daily oil production rate (Fig. 4) increased significantly in 1986, 1989, 1999, and 2003. Before 1986, relatively high backpressure was kept at the producing wells. In 1986, the pumping unit motors’ speed was increased to decrease backpressure and increase production.</anchoringText>
<image-wrap id="102118179568MS-Img_SPi-4">
<label>Figure 4 </label>
<imageLink type="mediaResource" href="102118179568MS_i_4.tif" id="ImgLink-4" />
<caption>Average daily oil production rate in BOPD from the beginning of primary production through 2009 at Mumford Hills (modified from Frailey et al., 2012). ©2015 University of Illinois Board of Trustees. Used by permission of the Illinois State Geological Survey</caption>
<formatted-caption>
<caption-label>Figure</caption-label>
<caption-order>4</caption-order>
<caption-text>Average daily oil production rate in BOPD from the beginning of primary production through 2009 at Mumford Hills (modified from <link href="BIB5">Frailey et al., 2012</link> ). ©2015 University of Illinois Board of Trustees. Used by permission of the Illinois State Geological Survey</caption-text>
</formatted-caption>
</image-wrap>
</linkTarget>
<linkTarget id="link-12" type="bib">
<bib id="BIB5">
<label>Sim, 1993</label>
<author>
<first-name>S. S. K.</first-name>
<last-name>Sim</last-name>
</author>
<pubDate>1993</pubDate>. Pressure-Volume-Temperature Correlations for Crude Oils from the Illinois Basin. Champaign, Illinois, Illinois State Geological Survey, Illinois Petroleum <pages>
<first-page>140</first-page>
</pages>.</bib>
</linkTarget>
<linkTarget id="link-13" type="bib">
<bib id="BIB6">
<label>Frailey et al., 2012</label>
<author>
<first-name>S. M.</first-name>
<last-name>Frailey</last-name>
</author>, <author>
<first-name>I. G.</first-name>
<last-name>Krapac</last-name>
</author>, <author>
<first-name>J. R.</first-name>
<last-name>Damico</last-name>
</author>, <author>
<first-name>R. T.</first-name>
<last-name>Okwen</last-name>
</author>, and <author>
<first-name>R. W.</first-name>
<last-name>McKaskle</last-name>
</author>
<pubDate>2012</pubDate>. <i>CO2 Storage and Enhanced Oil Recovery: Bald Unit Test Site, Mumford Hills Oil Field, Posey County, </i>Indiana. J.H. Goodwin and C.C. Monson (eds.), Champaign, Illinois, Illinois State Geological Survey, Open File Series <pages>
<first-page>2012</first-page>
<last-page>5</last-page>
</pages>.</bib>
</linkTarget>
</appendix>
</docFigure>
<docFigure pdf-page="5" figure-order="5" data-type-order="5">
<link href="link-5" type="image" />
<appendix>
<linkTarget id="link-5" type="image">
<anchoringText id="Ancr10">A miscible CO2 pilot, funded by the US Department of Energy, was implemented at Mumford Hills by combining the Bailey, Bailey-Alexander, Davis, and Davis-Lindsey (including Stedman, Alexander 1) leases (Fig. 5). The CO2 flood included seven wells, specifically four production wells, two reservoir monitoring wells, and one water-CO2 injection well. Three monitoring wells—MH1, MH2, and MH3 (Fig. 4)—were used to monitor pressure and gas composition to verify whether CO2 plume migration was influenced by the flow direction of the injected water (Frailey and Finley, 2010).</anchoringText>
<image-wrap id="102118179568MS-Img_SPi-5">
<label>Figure 5 </label>
<imageLink type="mediaResource" href="102118179568MS_i_5.tif" id="ImgLink-5" />
<caption>Orthophotographic map of the oil production wells, CO<sub>2</sub> injection well, groundwater (GW) monitoring wells, and the tank battery during the CO<sub>2</sub> flood (from <link href="BIB8">Frailey et al., 2012</link> ). ©2015 University of Illinois Board of Trustees. Used by permission of the Illinois State Geological Survey</caption>
<formatted-caption>
<caption-label>Figure</caption-label>
<caption-order>5</caption-order>
<caption-text>Orthophotographic map of the oil production wells, CO<sub>2</sub> injection well, groundwater (GW) monitoring wells, and the tank battery during the CO<sub>2</sub> flood (from <link href="BIB7">Frailey et al., 2012</link> ). ©2015 University of Illinois Board of Trustees. Used by permission of the Illinois State Geological Survey</caption-text>
</formatted-caption>
</image-wrap>
</linkTarget>
<linkTarget id="link-12" type="bib">
<bib id="BIB7">
<label>Sim, 1993</label>
<author>
<first-name>S. S. K.</first-name>
<last-name>Sim</last-name>
</author>
<pubDate>1993</pubDate>. Pressure-Volume-Temperature Correlations for Crude Oils from the Illinois Basin. Champaign, Illinois, Illinois State Geological Survey, Illinois Petroleum <pages>
<first-page>140</first-page>
</pages>.</bib>
</linkTarget>
<linkTarget id="link-13" type="bib">
<bib id="BIB8">
<label>Frailey et al., 2012</label>
<author>
<first-name>S. M.</first-name>
<last-name>Frailey</last-name>
</author>, <author>
<first-name>I. G.</first-name>
<last-name>Krapac</last-name>
</author>, <author>
<first-name>J. R.</first-name>
<last-name>Damico</last-name>
</author>, <author>
<first-name>R. T.</first-name>
<last-name>Okwen</last-name>
</author>, and <author>
<first-name>R. W.</first-name>
<last-name>McKaskle</last-name>
</author>
<pubDate>2012</pubDate>. <i>CO2 Storage and Enhanced Oil Recovery: Bald Unit Test Site, Mumford Hills Oil Field, Posey County, </i>Indiana. J.H. Goodwin and C.C. Monson (eds.), Champaign, Illinois, Illinois State Geological Survey, Open File Series <pages>
<first-page>2012</first-page>
<last-page>5</last-page>
</pages>.</bib>
</linkTarget>
</appendix>
</docFigure>
<docFigure pdf-page="6" figure-order="6" data-type-order="7">
<link href="link-6" type="image" />
<appendix>
<linkTarget id="link-6" type="image">
<anchoringText id="Ancr11">Pressure transient test results and inference from direct pressure measurements indicated obvious communication between injection and production wells. The injection pressure at BU-1 ranged between 1,100 psia and 1,600 psia, which is well above the vapor pressure of CO2 (Fig.6) and confirms CO2 is a liquid at the injector. Two of the four oil production wells’ bottom hole pressures were above and two were below the vapor pressure.</anchoringText>
<image-wrap id="102118179568MS-Img_SPi-6">
<label>Figure 6 </label>
<imageLink type="mediaResource" href="102118179568MS_i_6.tif" id="ImgLink-6" />
<caption>Bottom hole pressure (BHP) profiles of injection well (BU-1) and surrounding production wells (IB-1, IB-2, BA-1, and BA-2) during the CO<sub>2</sub> flood pilot. The vapor pressure of CO<sub>2</sub> at 78°F is about 945 psia</caption>
<formatted-caption>
<caption-label>Figure</caption-label>
<caption-order>6</caption-order>
<caption-text>Bottom hole pressure (BHP) profiles of injection well (BU-1) and surrounding production wells (IB-1, IB-2, BA-1, and BA-2) during the CO<sub>2</sub> flood pilot. The vapor pressure of CO<sub>2</sub> at 78°F is about 945 psia</caption-text>
</formatted-caption>
</image-wrap>
</linkTarget>
</appendix>
</docFigure>
<docFigure pdf-page="8" figure-order="7" data-type-order="9">
<link href="link-7" type="image" />
<appendix>
<linkTarget id="link-7" type="image">
<anchoringText id="Ancr12">The water-oil relative permeability curve of the reservoir was determined during waterflooding, and the gas-oil relative permeability curve was determined during CO2 flood history matching simulations The relative permeability curves were determined by ensuring the general trend of the simulated fluid production rates agreed with those from field data. Reservoir model results reasonably match field production data (Fig. 7).</anchoringText>
<image-wrap id="102118179568MS-Img_SPi-7">
<label>Figure 7 </label>
<imageLink type="mediaResource" href="102118179568MS_i_7.tif" id="ImgLink-7" />
<caption>Simulated and field water production data, by well, at the end of waterflooding (modified from <link href="BIB10">Frailey et al., 2012</link> ). ©2015 University of Illinois Board of Trustees. Used by permission of the Illinois State Geological Survey</caption>
<formatted-caption>
<caption-label>Figure</caption-label>
<caption-order>7</caption-order>
<caption-text>Simulated and field water production data, by well, at the end of waterflooding (modified from <link href="BIB9">Frailey et al., 2012</link> ). ©2015 University of Illinois Board of Trustees. Used by permission of the Illinois State Geological Survey</caption-text>
</formatted-caption>
</image-wrap>
</linkTarget>
<linkTarget id="link-12" type="bib">
<bib id="BIB9">
<label>Sim, 1993</label>
<author>
<first-name>S. S. K.</first-name>
<last-name>Sim</last-name>
</author>
<pubDate>1993</pubDate>. Pressure-Volume-Temperature Correlations for Crude Oils from the Illinois Basin. Champaign, Illinois, Illinois State Geological Survey, Illinois Petroleum <pages>
<first-page>140</first-page>
</pages>.</bib>
</linkTarget>
<linkTarget id="link-13" type="bib">
<bib id="BIB10">
<label>Frailey et al., 2012</label>
<author>
<first-name>S. M.</first-name>
<last-name>Frailey</last-name>
</author>, <author>
<first-name>I. G.</first-name>
<last-name>Krapac</last-name>
</author>, <author>
<first-name>J. R.</first-name>
<last-name>Damico</last-name>
</author>, <author>
<first-name>R. T.</first-name>
<last-name>Okwen</last-name>
</author>, and <author>
<first-name>R. W.</first-name>
<last-name>McKaskle</last-name>
</author>
<pubDate>2012</pubDate>. <i>CO2 Storage and Enhanced Oil Recovery: Bald Unit Test Site, Mumford Hills Oil Field, Posey County, </i>Indiana. J.H. Goodwin and C.C. Monson (eds.), Champaign, Illinois, Illinois State Geological Survey, Open File Series <pages>
<first-page>2012</first-page>
<last-page>5</last-page>
</pages>.</bib>
</linkTarget>
</appendix>
</docFigure>
<docFigure composite="true" composite-count="2" pdf-page="10" figure-order="8" data-type-order="11">
<link href="link-8" type="image" />
<appendix>
<linkTarget id="link-8" type="image">
<anchoringText id="Ancr13">Field scenario 1 simulated four regular five-spot patterns consisting of 11 existing wells and three new wells (Fig. 8). Field scenario 2 simulated seven regular five-spot patterns consisting of 12 existing wells and nine new wells. CO2 was injected for 20 years in both scenarios. Model results predict an incremental oil recovery of about 106,000 stb (10% of OOIP) and 170,000 stb (12% of OOIP) for field scenario 1 and field scenario 2, respectively (Table 4).</anchoringText>
<image-wrap id="102118179568MS-Img_SPi-8">
<label>Figure 8 </label>
<imageLink type="mediaResource" href="102118179568MS_i_8.tif" id="ImgLink-8" />
<caption>Map of the wells showing the proposed changes to the well pattern according to (left) field scenario 1 and (right) field scenario 2 (modified from <link href="BIB12">Frailey et al., 2012</link> ). The area enclosed by white lines corresponds to the area evaluated in each scenario. Existing wells are labeled and proposed additional wells are not. The contour interval is 5 ft. ©2015 University of Illinois Board of Trustees. Used by permission of the Illinois State Geological Survey</caption>
<formatted-caption>
<caption-label>Figure</caption-label>
<caption-order>8</caption-order>
<caption-text>Map of the wells showing the proposed changes to the well pattern according to (left) field scenario 1 and (right) field scenario 2 (modified from <link href="BIB11">Frailey et al., 2012</link> ). The area enclosed by white lines corresponds to the area evaluated in each scenario. Existing wells are labeled and proposed additional wells are not. The contour interval is 5 ft. ©2015 University of Illinois Board of Trustees. Used by permission of the Illinois State Geological Survey</caption-text>
</formatted-caption>
</image-wrap>
<image-wrap id="102118179568MS-Img_SPi-8a">
<imageLink type="mediaResource" href="102118179568MS_i_8a.tif" id="ImgLink-8a" />
</image-wrap>
<image-wrap id="102118179568MS-Img_SPi-8b">
<imageLink type="mediaResource" href="102118179568MS_i_8b.tif" id="ImgLink-8b" />
</image-wrap>
</linkTarget>
<linkTarget id="link-12" type="bib">
<bib id="BIB11">
<label>Sim, 1993</label>
<author>
<first-name>S. S. K.</first-name>
<last-name>Sim</last-name>
</author>
<pubDate>1993</pubDate>. Pressure-Volume-Temperature Correlations for Crude Oils from the Illinois Basin. Champaign, Illinois, Illinois State Geological Survey, Illinois Petroleum <pages>
<first-page>140</first-page>
</pages>.</bib>
</linkTarget>
<linkTarget id="link-13" type="bib">
<bib id="BIB12">
<label>Frailey et al., 2012</label>
<author>
<first-name>S. M.</first-name>
<last-name>Frailey</last-name>
</author>, <author>
<first-name>I. G.</first-name>
<last-name>Krapac</last-name>
</author>, <author>
<first-name>J. R.</first-name>
<last-name>Damico</last-name>
</author>, <author>
<first-name>R. T.</first-name>
<last-name>Okwen</last-name>
</author>, and <author>
<first-name>R. W.</first-name>
<last-name>McKaskle</last-name>
</author>
<pubDate>2012</pubDate>. <i>CO2 Storage and Enhanced Oil Recovery: Bald Unit Test Site, Mumford Hills Oil Field, Posey County, </i>Indiana. J.H. Goodwin and C.C. Monson (eds.), Champaign, Illinois, Illinois State Geological Survey, Open File Series <pages>
<first-page>2012</first-page>
<last-page>5</last-page>
</pages>.</bib>
</linkTarget>
</appendix>
</docFigure>
<docFigure pdf-page="12" figure-order="9" data-type-order="13">
<link href="link-9" type="image" />
<appendix>
<linkTarget id="link-9" type="image">
<anchoringText id="Ancr14">Field scenario 2 had the highest CO2 storage efficiency compared to Field scenario 1 and the pilot scenarios primarily because it had the largest pore volume. However, the net utilization of the pilot and field scenarios, ranged from 6–10 and 30-34 Mscf/stb, respectively. The pilots were much close aligned to that expected from Permian Basin CO2 floods (5–10 Mscf/stb), while the field scenarios were significantly higher because of additional storage into an underlying aquifer (Fig. 9).</anchoringText>
<image-wrap id="102118179568MS-Img_SPi-9">
<label>Figure 9 </label>
<imageLink type="mediaResource" href="102118179568MS_i_9.tif" id="ImgLink-9" />
<caption>South-north cross section of the reservoir model from the pilot showing CO<sub>2</sub> saturation distribution at the end of CO<sub>2</sub> injection at Mumford Hills. The blue gridblocks are saturated with water and the other gridblocks (red, yellow, and green) contain CO<sub>2</sub>. Some of the CO<sub>2</sub> injected via BU-1 (BALD01) sinks into an underlying aquifer and migrates northwards. The CO<sub>2 </sub>plume movement is partly influenced by water strong water drive from the aquifer and continuous water injection via BD-5 (not shown)</caption>
<formatted-caption>
<caption-label>Figure</caption-label>
<caption-order>9</caption-order>
<caption-text>South-north cross section of the reservoir model from the pilot showing CO<sub>2</sub> saturation distribution at the end of CO<sub>2</sub> injection at Mumford Hills. The blue gridblocks are saturated with water and the other gridblocks (red, yellow, and green) contain CO<sub>2</sub>. Some of the CO<sub>2</sub> injected via BU-1 (BALD01) sinks into an underlying aquifer and migrates northwards. The CO<sub>2 </sub>plume movement is partly influenced by water strong water drive from the aquifer and continuous water injection via BD-5 (not shown)</caption-text>
</formatted-caption>
</image-wrap>
</linkTarget>
</appendix>
</docFigure>
</docFigureList>
</docTables>