<?xml version="1.0" encoding="utf-8"?>
<docTables>
<docMetaData inputFile="102118180093MS.txt" extractionDate="2021-03-19T16:45:30Z">
<doi>10.2118/180093-MS</doi>
<pii>10.2118/180093-MS</pii>
<publisher>SPE_Society_of_Petroleum_Engineers</publisher>
</docMetaData>
<docFigureList>
<docFigure pdf-page="2" figure-order="1" data-type-order="1">
<link href="link-1" type="image" />
<appendix>
<linkTarget id="link-1" type="image">
<anchoringText id="Ancr5">Lago Agrio field is located in Sucumbíos Province, northwest of the Oriente basin in Ecuador (Fig. 1). The field was discovered in February 1967 with the drilling of the LGA-001 well, which reached a total depth of 10,175 ft and produced 2955 BOPD by natural flow from the Hollin formation.</anchoringText>
<image-wrap id="102118180093MS-Img_SPi-1">
<label>Figure 1 </label>
<imageLink type="mediaResource" href="102118180093MS_i_1.tif" id="ImgLink-1" />
<caption>Geographical location of Lago Agrio field.</caption>
<formatted-caption>
<caption-label>Figure</caption-label>
<caption-order>1</caption-order>
<caption-text>Geographical location of Lago Agrio field.</caption-text>
</formatted-caption>
</image-wrap>
</linkTarget>
</appendix>
</docFigure>
<docFigure pdf-page="3" figure-order="2" data-type-order="2">
<link href="link-2" type="image" />
<appendix>
<linkTarget id="link-2" type="image">
<anchoringText id="Ancr6">The field was put in production 1969; the major drilling activity was performed in 1970, in which 16 well were drilled. The official beginning of field production, however, was reported in April 1972. The field reached a production peak of 53,600 BOPD in November 1973 (Fig. 2) with 21 active wells, including 20 Hollin producers and 1 Lower T producer (LGA-021). Since this date, the production declined to stabilize at approximately 5,000 BOPD in 2005. The current rate to December 2015 is 3,504 BOPD with a 48% water cut.</anchoringText>
<image-wrap id="102118180093MS-Img_SPi-2">
<label>Figure 2 </label>
<imageLink type="mediaResource" href="102118180093MS_i_2.tif" id="ImgLink-2" />
<caption>Production history of Lago Agrio field.</caption>
<formatted-caption>
<caption-label>Figure</caption-label>
<caption-order>2</caption-order>
<caption-text>Production history of Lago Agrio field.</caption-text>
</formatted-caption>
</image-wrap>
</linkTarget>
</appendix>
</docFigure>
<docFigure pdf-page="3" figure-order="3" data-type-order="3">
<link href="link-3" type="image" />
<appendix>
<linkTarget id="link-3" type="image">
<anchoringText id="Ancr7">The current rate to December 2015 is 3,504 BOPD with a 48% water cut. Historically, some wells commingled production from Hollin and Napo T or Napo U; currently, an exhaustive revision and redistribution of production is underway. Fig. 3 shows the production performance for each reservoir.</anchoringText>
<image-wrap id="102118180093MS-Img_SPi-3">
<label>Figure 3 </label>
<imageLink type="mediaResource" href="102118180093MS_i_3.tif" id="ImgLink-3" />
<caption>Production history by reservoir of Lago Agrio field.</caption>
<formatted-caption>
<caption-label>Figure</caption-label>
<caption-order>3</caption-order>
<caption-text>Production history by reservoir of Lago Agrio field.</caption-text>
</formatted-caption>
</image-wrap>
</linkTarget>
</appendix>
</docFigure>
<docFigure pdf-page="4" figure-order="4" data-type-order="4">
<link href="link-4" type="image" />
<appendix>
<linkTarget id="link-4" type="image">
<anchoringText id="Ancr8">Lago Agrio was primarily developed with vertical wells. To date in the field, 62 wells have been drilled, including 47 vertical, 11 deviated, and 4 reentries. There are currently 19 active wells in the field that are producing through three primary artificial lift systems: nine with a hydraulic pump (jet pump), eight with an electrical submersible pump (ESP), and two with a sucker rod pump. Fig. 4 shows the historical sequence of drilling in Lago Agrio.</anchoringText>
<image-wrap id="102118180093MS-Img_SPi-4">
<label>Figure 4 </label>
<imageLink type="mediaResource" href="102118180093MS_i_4.tif" id="ImgLink-4" />
<caption>Drilling history of Lago Agrio field.</caption>
<formatted-caption>
<caption-label>Figure</caption-label>
<caption-order>4</caption-order>
<caption-text>Drilling history of Lago Agrio field.</caption-text>
</formatted-caption>
</image-wrap>
</linkTarget>
</appendix>
</docFigure>
<docFigure pdf-page="5" figure-order="5" data-type-order="6">
<link href="link-5" type="image" />
<appendix>
<linkTarget id="link-5" type="image">
<anchoringText id="Ancr9">FEL is the method used to define a project under a general international guide of project management of capital investment. FEL includes six phases: visualization, conceptualization, definition, implementation, operation, and abandonment (Fig. 5). The first three phases of a project or VCD (visualizationconceptualization- definition) correspond to planning and project formulation stages, in which the final characteristics and the benefits of the project to the company are determined along with all necessary resources for implementation.</anchoringText>
<image-wrap id="102118180093MS-Img_SPi-5">
<label>Figure 5 </label>
<imageLink type="mediaResource" href="102118180093MS_i_5.tif" id="ImgLink-5" />
<caption>General sequence FEL diagram for project execution.</caption>
<formatted-caption>
<caption-label>Figure</caption-label>
<caption-order>5</caption-order>
<caption-text>General sequence FEL diagram for project execution.</caption-text>
</formatted-caption>
</image-wrap>
</linkTarget>
</appendix>
</docFigure>
<docFigure pdf-page="8" figure-order="6" data-type-order="8">
<link href="link-6" type="image" />
<appendix>
<linkTarget id="link-6" type="image">
<anchoringText id="Ancr10">The method was applied successfully for Hollin sandstones; however, in cases such as Napo U and Napo T reservoirs, in which much of the initial tests were supposed to not be representative, alternative tools should be used to avoid discarding good opportunities. Fig. 6 illustrates the results of the inactive wells ranked by production efficiency index in the Napo T and Napo U reservoirs.</anchoringText>
<image-wrap id="102118180093MS-Img_SPi-6">
<label>Figure 6 </label>
<imageLink type="mediaResource" href="102118180093MS_i_6.tif" id="ImgLink-6" />
<caption>Production efficiency index for inactive wells in Napo T and Napo U reservoirs.</caption>
<formatted-caption>
<caption-label>Figure</caption-label>
<caption-order>6</caption-order>
<caption-text>Production efficiency index for inactive wells in Napo T and Napo U reservoirs.</caption-text>
</formatted-caption>
</image-wrap>
</linkTarget>
</appendix>
</docFigure>
<docFigure pdf-page="8" figure-order="7" data-type-order="9">
<link href="link-7" type="image" />
<appendix>
<linkTarget id="link-7" type="image">
<anchoringText id="Ancr11">The integrated analysis productivity workflow in the diagnostic stage incorporated stratigraphicstructural correlations to define the lateral continuity of the reservoir studied, their effect on production (using production history and bubble maps for the analyzed well and nearby wells), and decline analysis to calculate remaining reserves. Each well was evaluated in four potential reservoirs: Hollin, Napo U, Napo T, and Basal Tena. To diagnose the water sources, the analysis of the water/oil ratio and its derivate was developed using diagnostic plots (Chan 1995), and some cement bond logs and salinity values were used to validate the diagnosis (Fig. 7).</anchoringText>
<image-wrap id="102118180093MS-Img_SPi-7">
<label>Figure 7 </label>
<imageLink type="mediaResource" href="102118180093MS_i_7.tif" id="ImgLink-7" />
<caption>Multidisciplinary analysis as a basis of productivity workflow.</caption>
<formatted-caption>
<caption-label>Figure</caption-label>
<caption-order>7</caption-order>
<caption-text>Multidisciplinary analysis as a basis of productivity workflow.</caption-text>
</formatted-caption>
</image-wrap>
</linkTarget>
</appendix>
</docFigure>
<docFigure pdf-page="10" figure-order="8" data-type-order="10">
<link href="link-8" type="image" />
<appendix>
<linkTarget id="link-8" type="image">
<anchoringText id="Ancr12">In accordance with the problems identified in the previous step (diagnosis matrix), a productivity matrix was used to select the techniques, technologies, or procedures to improve the well performance, using a reference matrix for each diagnosis and general solution (Fig. 8).s</anchoringText>
<image-wrap id="102118180093MS-Img_SPi-8">
<label>Figure 8 </label>
<imageLink type="mediaResource" href="102118180093MS_i_8.tif" id="ImgLink-8" />
<caption>Productivity matrix sequence: causes and general solutions for poor petrophysical properties.</caption>
<formatted-caption>
<caption-label>Figure</caption-label>
<caption-order>8</caption-order>
<caption-text>Productivity matrix sequence: causes and general solutions for poor petrophysical properties.</caption-text>
</formatted-caption>
</image-wrap>
</linkTarget>
</appendix>
</docFigure>
<docFigure pdf-page="11" figure-order="9" data-type-order="11">
<link href="link-9" type="image" />
<appendix>
<linkTarget id="link-9" type="image">
<anchoringText id="Ancr13">Fig. 9 shows the workflow used to estimate the production for each scenario. The inflow performance relationship (IPR) curves were constructed using Darcy or Cinco Ley correlations. At this stage, 60% and 70% of absolute open flow (AOF) were used, rather than the vertical lift performance (outflow). Because the type of intervention proposed for the reservoirs was similar, petrophysical properties were an important input to estimate the initial rates. The estimated production was grouped by intervention type, as shown in Fig. 10.</anchoringText>
<image-wrap id="102118180093MS-Img_SPi-9">
<label>Figure 9 </label>
<imageLink type="mediaResource" href="102118180093MS_i_9.tif" id="ImgLink-9" />
<caption>Initial rate estimation workflow: inputs and results – Visualization and Conceptualization phases.</caption>
<formatted-caption>
<caption-label>Figure</caption-label>
<caption-order>9</caption-order>
<caption-text>Initial rate estimation workflow: inputs and results – Visualization and Conceptualization phases.</caption-text>
</formatted-caption>
</image-wrap>
</linkTarget>
</appendix>
</docFigure>
<docFigure composite="true" composite-count="5" pdf-page="11" figure-order="10" data-type-order="12">
<link href="link-10" type="image" />
<appendix>
<linkTarget id="link-10" type="image">
<anchoringText id="Ancr14">Fig. 9 shows the workflow used to estimate the production for each scenario. The inflow performance relationship (IPR) curves were constructed using Darcy or Cinco Ley correlations. At this stage, 60% and 70% of absolute open flow (AOF) were used, rather than the vertical lift performance (outflow). Because the type of intervention proposed for the reservoirs was similar, petrophysical properties were an important input to estimate the initial rates. The estimated production was grouped by intervention type, as shown in Fig. 10.</anchoringText>
<image-wrap id="102118180093MS-Img_SPi-10">
<label>Figure 10 </label>
<imageLink type="mediaResource" href="102118180093MS_i_10.tif" id="ImgLink-10" />
<caption>Probabilistic initial oil rate estimation by intervention type – Visualization phase.</caption>
<formatted-caption>
<caption-label>Figure</caption-label>
<caption-order>10</caption-order>
<caption-text>Probabilistic initial oil rate estimation by intervention type – Visualization phase.</caption-text>
</formatted-caption>
</image-wrap>
<image-wrap id="102118180093MS-Img_SPi-10a">
<imageLink type="mediaResource" href="102118180093MS_i_10a.tif" id="ImgLink-10a" />
<figure-specific-caption>
<caption-order>1</caption-order>
<caption-text>Active wells: Hydraulic fracturing - Producing zones (1)</caption-text>
</figure-specific-caption>
</image-wrap>
<image-wrap id="102118180093MS-Img_SPi-10b">
<imageLink type="mediaResource" href="102118180093MS_i_10b.tif" id="ImgLink-10b" />
<figure-specific-caption>
<caption-order>2</caption-order>
<caption-text>Inactive wells: Change of zone - Untested zones (2)</caption-text>
</figure-specific-caption>
</image-wrap>
<image-wrap id="102118180093MS-Img_SPi-10c">
<imageLink type="mediaResource" href="102118180093MS_i_10c.tif" id="ImgLink-10c" />
<figure-specific-caption>
<caption-order>3</caption-order>
<caption-text>Inactive wells: Change of zone and hydraulic fracturing Tested zones without production (3)</caption-text>
</figure-specific-caption>
</image-wrap>
<image-wrap id="102118180093MS-Img_SPi-10d">
<imageLink type="mediaResource" href="102118180093MS_i_10d.tif" id="ImgLink-10d" />
<figure-specific-caption>
<caption-order>4</caption-order>
<caption-text>Inactive wells: Re-entries or twin well - Hollin reservoir (4)</caption-text>
</figure-specific-caption>
</image-wrap>
<image-wrap id="102118180093MS-Img_SPi-10e">
<imageLink type="mediaResource" href="102118180093MS_i_10e.tif" id="ImgLink-10e" />
<figure-specific-caption>
<caption-order>5</caption-order>
<caption-text>Inactive wells: hydraulic fracturing - Last producer zone
(5)</caption-text>
</figure-specific-caption>
</image-wrap>
</linkTarget>
</appendix>
</docFigure>
<docFigure pdf-page="13" figure-order="11" data-type-order="14">
<link href="link-11" type="image" />
<appendix>
<linkTarget id="link-11" type="image">
<anchoringText id="Ancr15">After all scenarios were qualified regarding complexity and definition, the weighted technical risk index was generated to rank them in combination with economical aspects (cost/oil cumulative production to two years). Fig. 11 shows the quantification of risk vs. cost/Np for each scenario in inactive wells, which includes 20 scenarios for Hollin, 18 scenarios for Napo T, 10 scenarios for Napo U, and 10 scenarios for Basal Tena.</anchoringText>
<image-wrap id="102118180093MS-Img_SPi-11">
<label>Figure 11 </label>
<imageLink type="mediaResource" href="102118180093MS_i_11.tif" id="ImgLink-11" />
<caption>Technical risk vs. cost/oil cumulative production for two year of production: the bubble size refers to initial rate (58 scenarios). Visualization phase.</caption>
<formatted-caption>
<caption-label>Figure</caption-label>
<caption-order>11</caption-order>
<caption-text>Technical risk vs. cost/oil cumulative production for two year of production: the bubble size refers to initial rate (58 scenarios). Visualization phase.</caption-text>
</formatted-caption>
</image-wrap>
</linkTarget>
</appendix>
</docFigure>
<docFigure pdf-page="14" figure-order="12" data-type-order="15">
<link href="link-12" type="image" />
<appendix>
<linkTarget id="link-12" type="image">
<anchoringText id="Ancr16">To address technical risk, a better scenario was selected for each well that would not eliminate the other scenarios considered to be opportunities for the intermediate plan. Wells with estimated production that exceeded 80 BOPD were analyzed in more detail; PTA and Class II cost were incorporated. By combining the technical and economic risks and uncertainties, the respective ranking stage by well was established. At the end of this project, 30 opportunities for intervention were conceptualized and ranked. Fig. 12 plots the 30 final scenarios generated and evaluated in each well, and the associated deterministic and probabilistic production.</anchoringText>
<image-wrap id="102118180093MS-Img_SPi-12">
<label>Figure 12 </label>
<imageLink type="mediaResource" href="102118180093MS_i_12.tif" id="ImgLink-12" />
<caption>Summary of best scenario of production optimization by well in Lago Agrio field. Conceptualization phase.</caption>
<formatted-caption>
<caption-label>Figure</caption-label>
<caption-order>12</caption-order>
<caption-text>Summary of best scenario of production optimization by well in Lago Agrio field. Conceptualization phase.</caption-text>
</formatted-caption>
</image-wrap>
</linkTarget>
</appendix>
</docFigure>
<docFigure composite="true" composite-count="2" pdf-page="15" figure-order="13" data-type-order="17">
<link href="link-13" type="image" />
<appendix>
<linkTarget id="link-13" type="image">
<anchoringText id="Ancr17">Between approximately P5 and P90 values of production were obtained for seven interventions (approximately 1,900 BOPD, as shown in Fig. 13); well LGA-025, however, was tested in a new zone, but the results show very low permeability and, consequently, low oil rate. Well LGA-037 currently is awaiting further evaluation. Almost all workovers that were performed used hydraulic fracturing. Some detailed results have been documented as case histories.</anchoringText>
<image-wrap id="102118180093MS-Img_SPi-13">
<label>Figure 13 </label>
<imageLink type="mediaResource" href="102118180093MS_i_13.tif" id="ImgLink-13" />
<caption>Initial rate comparison in executed workovers.</caption>
<formatted-caption>
<caption-label>Figure</caption-label>
<caption-order>13</caption-order>
<caption-text>Initial rate comparison in executed workovers.</caption-text>
</formatted-caption>
</image-wrap>
<image-wrap id="102118180093MS-Img_SPi-13a">
<imageLink type="mediaResource" href="102118180093MS_i_13a.tif" id="ImgLink-13a" />
<figure-specific-caption>
<caption-order></caption-order>
<caption-text>Fluid rate comparation - Executed workover</caption-text>
</figure-specific-caption>
</image-wrap>
<image-wrap id="102118180093MS-Img_SPi-13b">
<imageLink type="mediaResource" href="102118180093MS_i_13b.tif" id="ImgLink-13b" />
<figure-specific-caption>
<caption-order></caption-order>
<caption-text>Oil rate comparation - Executed workover</caption-text>
</figure-specific-caption>
</image-wrap>
</linkTarget>
</appendix>
</docFigure>
</docFigureList>
</docTables>