<?xml version="1.0" encoding="utf-8"?>
<docTables>
<docMetaData inputFile="102118176410MS.txt" extractionDate="2021-03-15T17:14:20Z">
<doi>10.2118/176410-MS</doi>
<pii>10.2118/176410-MS</pii>
<publisher>SPE_Society_of_Petroleum_Engineers</publisher>
</docMetaData>
<docFigureList>
<docFigure pdf-page="2" figure-order="1" data-type-order="1">
<link href="link-1" type="image" />
<appendix>
<linkTarget id="link-1" type="image">
<anchoringText id="Ancr10">SAGD technique is one of the successful thermal recovery process to recover the oilsands in Canada (Good et al. 1994; Butler 2001a; Jimenez 2008). Currently, there are so many commercial SAGD projects have been operating in Canada, and most of them are located in Athabasca, Cold Lake and Lloydminster (Bulter 2001a and 2001b; Gates and Chakrabarty 2006; Jimenez 2008), as shown in Figure 1.</anchoringText>
<image-wrap id="102118176410MS-Img_SPi-1">
<label>Figure 1 </label>
<imageLink type="mediaResource" href="102118176410MS_i_1.tif" id="ImgLink-1" />
<caption>approximate locations of Canadian SAGD projects.</caption>
<formatted-caption>
<caption-label>Figure</caption-label>
<caption-order>1</caption-order>
<caption-text>approximate locations of Canadian SAGD projects.</caption-text>
</formatted-caption>
</image-wrap>
</linkTarget>
</appendix>
</docFigure>
<docFigure pdf-page="3" figure-order="2" data-type-order="2">
<link href="link-2" type="image" />
<appendix>
<linkTarget id="link-2" type="image">
<anchoringText id="Ancr11">Based on the typical thick heavy oil reservoir from Bohai offshore oilfield, China, we established a numerical model, as shown in Figure 2. The basic physical parameters of this model are shown in Table 1. The horizontal injector was placed 6 m above the producer. The water-oil relative permeability curve and liquid-gas relative permeability curve are respectively shown in Figure 3.</anchoringText>
<image-wrap id="102118176410MS-Img_SPi-2">
<label>Figure 2 </label>
<imageLink type="mediaResource" href="102118176410MS_i_2.tif" id="ImgLink-2" />
<caption>The simulation model</caption>
<formatted-caption>
<caption-label>Figure</caption-label>
<caption-order>2</caption-order>
<caption-text>The simulation model</caption-text>
</formatted-caption>
</image-wrap>
</linkTarget>
</appendix>
</docFigure>
<docFigure pdf-page="4" figure-order="3" data-type-order="4">
<link href="link-3" type="image" />
<appendix>
<linkTarget id="link-3" type="image">
<anchoringText id="Ancr12">Based on the typical thick heavy oil reservoir from Bohai offshore oilfield, China, we established a numerical model, as shown in Figure 2. The basic physical parameters of this model are shown in Table 1. The horizontal injector was placed 6 m above the producer. The water-oil relative permeability curve and liquid-gas relative permeability curve are respectively shown in Figure 3.</anchoringText>
<image-wrap id="102118176410MS-Img_SPi-3">
<label>Figure 3 </label>
<imageLink type="mediaResource" href="102118176410MS_i_3.tif" id="ImgLink-3" />
<caption>Relative permeability curved used in the numerical simulation model.</caption>
<formatted-caption>
<caption-label>Figure</caption-label>
<caption-order>3</caption-order>
<caption-text>Relative permeability curved used in the numerical simulation model.</caption-text>
</formatted-caption>
</image-wrap>
</linkTarget>
</appendix>
</docFigure>
<docFigure pdf-page="5" figure-order="4" data-type-order="5">
<link href="link-4" type="image" />
<appendix>
<linkTarget id="link-4" type="image">
<anchoringText id="Ancr13">SAGD process is composed by startup phase (preheating phase), pressure-decline phase and drainage phase. Preheating phase aims to create thermal interconnection between producer well and injector well. There are three approaches, including cyclic steam stimulation, steam circulation and fracturing (Liu 1998; Dong et al. 2014). In this model, the CSS preheating method is adopted. Figure 4 shows the temperature profile after CSS preheating process. As shown, after preheating stage, the temperature between the two horizontal wells has rised to 150°above. Furthermore, the subcool temperature control is also important for SAGD simulation. The value of steam trap we used in this model is 15°.</anchoringText>
<image-wrap id="102118176410MS-Img_SPi-4">
<label>Figure 4 </label>
<imageLink type="mediaResource" href="102118176410MS_i_4.tif" id="ImgLink-4" />
<caption>The temperature profile after CSS preheating process</caption>
<formatted-caption>
<caption-label>Figure</caption-label>
<caption-order>4</caption-order>
<caption-text>The temperature profile after CSS preheating process</caption-text>
</formatted-caption>
</image-wrap>
</linkTarget>
</appendix>
</docFigure>
<docFigure pdf-page="8" figure-order="5" data-type-order="9">
<link href="link-5" type="image" />
<appendix>
<linkTarget id="link-5" type="image">
<anchoringText id="Ancr14">For the prediction of recovery factor, according to the results above, we selected the parameters of movable oil saturation (ΔSo), thickness (H), NTG, operation pressure (p), horizontal permeability (Kh) and Kv/Kh ratio as the influencing factors. Firstly, using the method of linear fitting, we get a linear correlation, as shown below. The fitting results are shown in Figure 5. We can see the correlation results is in good agreement with the numerical results. The correlation coefficient is about 0.902.</anchoringText>
<image-wrap id="102118176410MS-Img_SPi-5">
<label>Figure 5 </label>
<imageLink type="mediaResource" href="102118176410MS_i_5.tif" id="ImgLink-5" />
<caption>The oil recovery factor results of linear correlation.</caption>
<formatted-caption>
<caption-label>Figure</caption-label>
<caption-order>5</caption-order>
<caption-text>The oil recovery factor results of linear correlation.</caption-text>
</formatted-caption>
</image-wrap>
</linkTarget>
</appendix>
</docFigure>
<docFigure pdf-page="9" figure-order="6" data-type-order="10">
<link href="link-6" type="image" />
<appendix>
<linkTarget id="link-6" type="image">
<anchoringText id="Ancr15">In order to further improve the fitting results, we should take the influence of cross-term into consideration. Based on the linear correlation above, we proposed a nonlinear correlation, as shown below. The fitting results are shown in Figure 6. Compared with the results of linear correlation, the nonlinear correlation results is better. The correlation coefficient is also improved, and it is about 0.933.</anchoringText>
<image-wrap id="102118176410MS-Img_SPi-6">
<label>Figure 6 </label>
<imageLink type="mediaResource" href="102118176410MS_i_6.tif" id="ImgLink-6" />
<caption>The oil recovery factor results of nonlinear correlation.</caption>
<formatted-caption>
<caption-label>Figure</caption-label>
<caption-order>6</caption-order>
<caption-text>The oil recovery factor results of nonlinear correlation.</caption-text>
</formatted-caption>
</image-wrap>
</linkTarget>
</appendix>
</docFigure>
<docFigure pdf-page="9" figure-order="7" data-type-order="11">
<link href="link-7" type="image" />
<appendix>
<linkTarget id="link-7" type="image">
<anchoringText id="Ancr16">For the prediction of recovery rate, according to the results above, we selected the parameters of horizontal permeability (Kh), thickness (H), porosity (ϕ), operation pressure (p), Kv/Kh ratio and injection rate (Vs) as the influencing factors. Analogously, using the method of linear fitting, we get a linear correlation, as shown below. The fitting results are shown in Figure 7. We can see the correlation results is also in good agreement with the numerical results. The correlation coefficient is about 0.746.</anchoringText>
<image-wrap id="102118176410MS-Img_SPi-7">
<label>Figure 7 </label>
<imageLink type="mediaResource" href="102118176410MS_i_7.tif" id="ImgLink-7" />
<caption>The oil recovery rate results of linear correlation.</caption>
<formatted-caption>
<caption-label>Figure</caption-label>
<caption-order>7</caption-order>
<caption-text>The oil recovery rate results of linear correlation.</caption-text>
</formatted-caption>
</image-wrap>
</linkTarget>
</appendix>
</docFigure>
<docFigure pdf-page="10" figure-order="8" data-type-order="12">
<link href="link-8" type="image" />
<appendix>
<linkTarget id="link-8" type="image">
<anchoringText id="Ancr17">For the recovery rate results, we can see that the fitting model is relatively poor compared with the recovery factor model. Therefore, based on the linear correlation above, we also proposed a nonlinear correlation, as shown below. The fitting results are shown in Figure 8. Compared with the results of linear correlation, the nonlinear correlation results is better. The correlation coefficient is also improved, and it is about 0.801.</anchoringText>
<image-wrap id="102118176410MS-Img_SPi-8">
<label>Figure 8 </label>
<imageLink type="mediaResource" href="102118176410MS_i_8.tif" id="ImgLink-8" />
<caption>The oil recovery rate results of nonlinear correlation.</caption>
<formatted-caption>
<caption-label>Figure</caption-label>
<caption-order>8</caption-order>
<caption-text>The oil recovery rate results of nonlinear correlation.</caption-text>
</formatted-caption>
</image-wrap>
</linkTarget>
</appendix>
</docFigure>
<docFigure pdf-page="10" figure-order="9" data-type-order="13">
<link href="link-9" type="image" />
<appendix>
<linkTarget id="link-9" type="image">
<anchoringText id="Ancr18">For the prediction of COSR, according to the results above, we selected the parameters of porosity (ϕ), NTG, thickness (H), horizontal permeability (Kh), movable oil saturation (ΔSo) and operation pressure (p) as the influencing factors. Analogously, using the method of linear fitting, we get a linear correlation, as shown below. The fitting results are shown in Figure 9. We can see the correlation results is in good agreement with the numerical results. The correlation coefficient is about 0.894.</anchoringText>
<image-wrap id="102118176410MS-Img_SPi-9">
<label>Figure 9 </label>
<imageLink type="mediaResource" href="102118176410MS_i_9.tif" id="ImgLink-9" />
<caption>The COSR results of linear correlation.</caption>
<formatted-caption>
<caption-label>Figure</caption-label>
<caption-order>9</caption-order>
<caption-text>The COSR results of linear correlation.</caption-text>
</formatted-caption>
</image-wrap>
</linkTarget>
</appendix>
</docFigure>
<docFigure pdf-page="11" figure-order="10" data-type-order="19">
<link href="link-10" type="image" />
<appendix>
<linkTarget id="link-10" type="image">
<anchoringText id="Ancr19">The nonlinear fitting correlation for COSR is shown below. The fitting results are shown in Figure 10. We can see that compared with the results of linear correlation, the nonlinear correlation results is better. The correlation coefficient is also improved, and it is about 0.911.</anchoringText>
<image-wrap id="102118176410MS-Img_SPi-10">
<label>Figure 10 </label>
<imageLink type="mediaResource" href="102118176410MS_i_10.tif" id="ImgLink-10" />
<caption>The COSR results of nonlinear correlation.</caption>
<formatted-caption>
<caption-label>Figure</caption-label>
<caption-order>10</caption-order>
<caption-text>The COSR results of nonlinear correlation.</caption-text>
</formatted-caption>
</image-wrap>
</linkTarget>
</appendix>
</docFigure>
</docFigureList>
</docTables>