<?xml version="1.0" encoding="utf-8"?>
<docTables>
<docMetaData inputFile="102118177496MS.txt" extractionDate="2021-03-19T17:42:29Z">
<doi>10.2118/177496-MS</doi>
<pii>10.2118/177496-MS</pii>
<publisher>SPE_Society_of_Petroleum_Engineers</publisher>
</docMetaData>
<docFigureList>
<docFigure pdf-page="2" figure-order="1" data-type-order="1">
<link href="link-1" type="image" />
<appendix>
<linkTarget id="link-1" type="image">
<anchoringText id="Ancr1">The longest well drilled by Al Hosn Gas is located in a giant onshore sour gas field within the Abu Dhabi Emirate in the United Arab Emirates (see Figure 1). The +28,000 ft MD extended-reach horizontal appraisal well was successfully drilled within the target reservoir (late-Jurassic carbonate formation) and in an aggressive subsurface environment (high temperature and H2S /CO2) past the proposed directional plan total depth (TD). Furthermore, the well’s high priority objective of acquiring high quality log data was achieved by (but not limited to) good planning, efficient drilling practices, and collaboration between multi-disciplinary teams, who had a keen awareness of challenges before them.</anchoringText>
<image-wrap id="102118177496MS-Img_SPi-1">
<label>Figure 1 </label>
<imageLink type="mediaResource" href="102118177496MS_i_1.tif" id="ImgLink-1" />
<caption>Location of Al Hosn Gas’s longest well, within the Abu Dhabi Emirate</caption>
<formatted-caption>
<caption-label>Figure</caption-label>
<caption-order>1</caption-order>
<caption-text>Location of Al Hosn Gas’s longest well, within the Abu Dhabi Emirate</caption-text>
</formatted-caption>
</image-wrap>
</linkTarget>
</appendix>
</docFigure>
<docFigure pdf-page="3" figure-order="2" data-type-order="2">
<link href="link-2" type="image" />
<appendix>
<linkTarget id="link-2" type="image">
<anchoringText id="Ancr2">The well profile is comprised of vertical 26 and 16 inch (in.) sections, with kick off (start of deviated drilling) in the 12 1/4 in. section and landing (return to relatively constant borehole inclination) in the 8 1/2 in. section, as per the profile seen in Figure 2. Drilling the lateral is continued as an 8 1/2 in. hole. The maximum dogleg severity throughout the profile in the planning phase was 2.5 degrees per 100 ft. Once it was decided to extend the lateral length beyond the directional plan, the well trajectory was planned to allow for minimal dogleg severity.</anchoringText>
<image-wrap id="102118177496MS-Img_SPi-2">
<label>Figure 2 </label>
<imageLink type="mediaResource" href="102118177496MS_i_2.tif" id="ImgLink-2" />
<caption>Well Profile</caption>
<formatted-caption>
<caption-label>Figure</caption-label>
<caption-order>2</caption-order>
<caption-text>Well Profile</caption-text>
</formatted-caption>
</image-wrap>
</linkTarget>
</appendix>
</docFigure>
<docFigure pdf-page="4" figure-order="3" data-type-order="3">
<link href="link-3" type="image" />
<appendix>
<linkTarget id="link-3" type="image">
<anchoringText id="Ancr3">Hole cleaning and lubricity have been the critical variables of keeping friction factors extremely low for this water-based mud system (it would be expected in oil-based mud applications). Friction factor was below 0.20 with the water-based mud system at certain points, based from on-bottom torque measurements versus a calculated torque plot. Figure 3 represents the on-bottom torque measurements versus the calculated model for the well, which was drilled to a final measured depth of 28,256 ft.</anchoringText>
<image-wrap id="102118177496MS-Img_SPi-3">
<label>Figure 3 </label>
<imageLink type="mediaResource" href="102118177496MS_i_3.tif" id="ImgLink-3" />
<caption>Calculated torque plot for the entire lateral section</caption>
<formatted-caption>
<caption-label>Figure</caption-label>
<caption-order>3</caption-order>
<caption-text>Calculated torque plot for the entire lateral section</caption-text>
</formatted-caption>
</image-wrap>
</linkTarget>
</appendix>
</docFigure>
<docFigure pdf-page="5" figure-order="4" data-type-order="4">
<link href="link-4" type="image" />
<appendix>
<linkTarget id="link-4" type="image">
<anchoringText id="Ancr4">A reduction in torque occurs at 22,000 ft MD resulting from the addition of fit-for-purpose lubricants into the mud system. Torque steadily climbs again to 23-24,000 ft.-lbs. by 22,500 ft. MD and consistently remains at 0.23, but as per Figure 4, a drop occurs from 23,000 to 23,300 ft. MD without any modifications to the percentage of lubricant in the mud. The reduction in friction factor coincides with an increase in inclination from 90 to 92 degrees and is a common trend found throughout the project.</anchoringText>
<image-wrap id="102118177496MS-Img_SPi-4">
<label>Figure 4 </label>
<imageLink type="mediaResource" href="102118177496MS_i_4.tif" id="ImgLink-4" />
<caption>Calculated torque plot for a specific interval of the lateral section</caption>
<formatted-caption>
<caption-label>Figure</caption-label>
<caption-order>4</caption-order>
<caption-text>Calculated torque plot for a specific interval of the lateral section</caption-text>
</formatted-caption>
</image-wrap>
</linkTarget>
</appendix>
</docFigure>
<docFigure pdf-page="8" figure-order="5" data-type-order="5">
<link href="link-5" type="image" />
<appendix>
<linkTarget id="link-5" type="image">
<anchoringText id="Ancr5">See Figure 5 for an interval in the lateral section of “good” image log quality</anchoringText>
<image-wrap id="102118177496MS-Img_SPi-5">
<label>Figure 5 </label>
<imageLink type="mediaResource" href="102118177496MS_i_5.tif" id="ImgLink-5" />
<caption>Example of “good” quality electrical resistive image log in the lateral section</caption>
<formatted-caption>
<caption-label>Figure</caption-label>
<caption-order>5</caption-order>
<caption-text>Example of “good” quality electrical resistive image log in the lateral section</caption-text>
</formatted-caption>
</image-wrap>
</linkTarget>
</appendix>
</docFigure>
</docFigureList>
</docTables>