<?xml version="1.0" encoding="utf-8"?>
<docTables>
<docMetaData inputFile="102118179990MS.txt" extractionDate="2021-03-19T11:52:39Z">
<doi>10.2118/179990-MS</doi>
<pii>10.2118/179990-MS</pii>
<publisher>SPE_Society_of_Petroleum_Engineers</publisher>
</docMetaData>
<docFigureList>
<docFigure pdf-page="10" figure-order="1" data-type-order="2">
<link href="link-1" type="image" />
<appendix>
<linkTarget id="link-1" type="image">
<anchoringText id="Ancr7">Figure 1 shows the awarded areas which are approximately 90 000 km2 with reserves of 20 6000 MMMboe enough for 15 years of production and 5 years of exploration. While all the 2P reserves are conventional, the majority of prospective resources correspond to conventional basins (18.2 MMMboe) and to a lesser extent by non-conventional formations (3904 MMMboe). In addition, this round comprises two stages of contracts that can be operated on joint ventures. The first stage includes 22 existing service contracts in Poza Rica-Altamira, Burgos and ATG Assets (Financed Public Works Contracts and Integrated Exploration and Production Contracts).</anchoringText>
<image-wrap id="102118179990MS-Img_SPi-1">
<label>Figure 1 </label>
<imageLink type="mediaResource" href="102118179990MS_i_1.tif" id="ImgLink-1" />
<caption>Location of the blocks and results of the Round 0.</caption>
<formatted-caption>
<caption-label>Figure</caption-label>
<caption-order>1</caption-order>
<caption-text>Location of the blocks and results of the Round 0.</caption-text>
</formatted-caption>
</image-wrap>
</linkTarget>
</appendix>
</docFigure>
<docFigure pdf-page="11" figure-order="2" data-type-order="3">
<link href="link-2" type="image" />
<appendix>
<linkTarget id="link-2" type="image">
<anchoringText id="Ancr8">The first tender of Round 1 comprised 14 blocks located in the shallow waters of the Gulf of México within the Southeastern Oil Basin (Figure 2). This first auction on July 2015 received only two successful bids on 14 blocks. Although bids were submitted for four other blocks (3, 4, 6 and 12), these bids were rejected as they fell below the minimum terms set by the government.</anchoringText>
<image-wrap id="102118179990MS-Img_SPi-2">
<label>Figure 2 </label>
<imageLink type="mediaResource" href="102118179990MS_i_2.tif" id="ImgLink-2" />
<caption>Location of the blocks and results of the Round 1 - Tender 1</caption>
<formatted-caption>
<caption-label>Figure</caption-label>
<caption-order>2</caption-order>
<caption-text>Location of the blocks and results of the Round 1 - Tender 1</caption-text>
</formatted-caption>
</image-wrap>
</linkTarget>
</appendix>
</docFigure>
<docFigure pdf-page="12" figure-order="3" data-type-order="4">
<link href="link-3" type="image" />
<appendix>
<linkTarget id="link-3" type="image">
<anchoringText id="Ancr9">The second tender of Round One occurred on October 2015 and it comprised 9 fields divided into 5 areas in the shallow waters of the Gulf of México within the Southeastern Oil Basin (Figure 3). This tender had 15 participants (five more than in the previous tender) that submitted bids individually (5) and in consortiums (4). The minimum royalty payments for these blocks ranged from 30.2% to 35.9% and all of the areas were awarded with almost double the minimum requested.</anchoringText>
<image-wrap id="102118179990MS-Img_SPi-3">
<label>Figure 3 </label>
<imageLink type="mediaResource" href="102118179990MS_i_3.tif" id="ImgLink-3" />
<caption>Location of the blocks and results of the Round 1 - Tender 2</caption>
<formatted-caption>
<caption-label>Figure</caption-label>
<caption-order>3</caption-order>
<caption-text>Location of the blocks and results of the Round 1 - Tender 2</caption-text>
</formatted-caption>
</image-wrap>
</linkTarget>
</appendix>
</docFigure>
<docFigure pdf-page="13" figure-order="4" data-type-order="5">
<link href="link-4" type="image" />
<appendix>
<linkTarget id="link-4" type="image">
<anchoringText id="Ancr10">The third tender of Round One took place on December 2015 and included 25 onshore blocks grouped in three geographic areas: Burgos, North, and South. In addition, the fields were classified in two types depending on the hydrocarbon volume contained. Type 1 corresponds to fields with a volume of less than 100 MMb (21 fields) whereas fields with a volume equal or greater than 100 MMb were classified as Type 2 (4 fields) as shown in Figure 4.</anchoringText>
<image-wrap id="102118179990MS-Img_SPi-4">
<label>Figure 4 </label>
<imageLink type="mediaResource" href="102118179990MS_i_4.tif" id="ImgLink-4" />
<caption>Location of the blocks and results of the Round 1 - Tender 3</caption>
<formatted-caption>
<caption-label>Figure</caption-label>
<caption-order>4</caption-order>
<caption-text>Location of the blocks and results of the Round 1 - Tender 3</caption-text>
</formatted-caption>
</image-wrap>
</linkTarget>
</appendix>
</docFigure>
<docFigure pdf-page="14" figure-order="5" data-type-order="6">
<link href="link-5" type="image" />
<appendix>
<linkTarget id="link-5" type="image">
<anchoringText id="Ancr11"> </anchoringText>
<image-wrap id="102118179990MS-Img_SPi-5">
<label>Figure 5 </label>
<imageLink type="mediaResource" href="102118179990MS_i_5.tif" id="ImgLink-5" />
<caption>Location of the blocks of the Round 1 - Tender 4</caption>
<formatted-caption>
<caption-label>Figure</caption-label>
<caption-order>5</caption-order>
<caption-text>Location of the blocks of the Round 1 - Tender 4</caption-text>
</formatted-caption>
</image-wrap>
</linkTarget>
</appendix>
</docFigure>
<docFigure composite="true" composite-count="2" pdf-page="20" figure-order="6" data-type-order="12">
<link href="link-6" type="image" />
<appendix>
<linkTarget id="link-6" type="image">
<anchoringText id="Ancr12">Mexico’s oil production can be divided in four geographic areas: Northern Region, Southern Region, Southwestern Offshore Region, and Northeastern Offshore Region (Figure 6a). However, Figure 6b shows that most of the production corresponds to the Northeastern Region that comprised the giant fields Cantarell and Ku-Maloop-Zaap.</anchoringText>
<image-wrap id="102118179990MS-Img_SPi-6">
<label>Figure 6 </label>
<imageLink type="mediaResource" href="102118179990MS_i_6.tif" id="ImgLink-6" />
<caption>Mexico’s main oil production regions (a), Mexico’s oil production by region (b)</caption>
<formatted-caption>
<caption-label>Figure</caption-label>
<caption-order>6</caption-order>
<caption-text>Mexico’s main oil production regions (a), Mexico’s oil production by region (b)</caption-text>
</formatted-caption>
</image-wrap>
<image-wrap id="102118179990MS-Img_SPi-6a">
<imageLink type="mediaResource" href="102118179990MS_i_6a.tif" id="ImgLink-6a" />
<figure-specific-caption>
<caption-order>a</caption-order>
<caption-text>Mexico&#x2019;s main oil production regions</caption-text>
</figure-specific-caption>
</image-wrap>
<image-wrap id="102118179990MS-Img_SPi-6b">
<imageLink type="mediaResource" href="102118179990MS_i_6b.tif" id="ImgLink-6b" />
<figure-specific-caption>
<caption-order>b</caption-order>
<caption-text>Mexico&#x2019;s oil production by region</caption-text>
</figure-specific-caption>
</image-wrap>
</linkTarget>
</appendix>
</docFigure>
<docFigure pdf-page="20" figure-order="7" data-type-order="13">
<link href="link-7" type="image" />
<appendix>
<linkTarget id="link-7" type="image">
<anchoringText id="Ancr13">Considering that the production trend of Cantarell and Ku-Maloop-Zaap determine the trend of Mexico’s total oil production (Figure 7), in this section we use a probabilistic method based on decline curve analysis (DCA) to forecast production of these two fields.</anchoringText>
<image-wrap id="102118179990MS-Img_SPi-7">
<label>Figure 7 </label>
<imageLink type="mediaResource" href="102118179990MS_i_7.tif" id="ImgLink-7" />
<caption>Mexico’s total and Northeastern region oil production</caption>
<formatted-caption>
<caption-label>Figure</caption-label>
<caption-order>7</caption-order>
<caption-text>Mexico’s total and Northeastern region oil production</caption-text>
</formatted-caption>
</image-wrap>
</linkTarget>
</appendix>
</docFigure>
<docFigure pdf-page="21" figure-order="8" data-type-order="14">
<link href="link-8" type="image" />
<appendix>
<linkTarget id="link-8" type="image">
<anchoringText id="Ancr14">Figure 8 shows the result of applying the previous methodology to both fields. This production forecast assumes only natural decline and disregards any Enhanced Oil Recovery programs that PEMEX will implement in the near future. Thus, the successful application of these programs would guarantee a production of 200 thousand b/d from Cantarell for the next five years (Silva, 2015).</anchoringText>
<image-wrap id="102118179990MS-Img_SPi-8">
<label>Figure 8 </label>
<imageLink type="mediaResource" href="102118179990MS_i_8.tif" id="ImgLink-8" />
<caption>Ku-Maloob-Zaap and Cantarell oil production forecast</caption>
<formatted-caption>
<caption-label>Figure</caption-label>
<caption-order>8</caption-order>
<caption-text>Ku-Maloob-Zaap and Cantarell oil production forecast</caption-text>
</formatted-caption>
</image-wrap>
</linkTarget>
</appendix>
</docFigure>
<docFigure pdf-page="22" figure-order="9" data-type-order="15">
<link href="link-9" type="image" />
<appendix>
<linkTarget id="link-9" type="image">
<anchoringText id="Ancr15">It is important to note that the results are approximate because they are derived from a methodology that considers various assumptions. Nevertheless, the information obtained still allows us to have an idea of the future trend. For instance, we can derive a forecast considering the production decline in these two major fields pertaining to the Northeastern region and assuming that the rest of the regions continue increasing or maintaining the current production level as shown in Figure 9.</anchoringText>
<image-wrap id="102118179990MS-Img_SPi-9">
<label>Figure 9 </label>
<imageLink type="mediaResource" href="102118179990MS_i_9.tif" id="ImgLink-9" />
<caption>Mexico’s total and Northeastern region oil production forecast</caption>
<formatted-caption>
<caption-label>Figure</caption-label>
<caption-order>9</caption-order>
<caption-text>Mexico’s total and Northeastern region oil production forecast</caption-text>
</formatted-caption>
</image-wrap>
</linkTarget>
</appendix>
</docFigure>
<docFigure pdf-page="23" figure-order="10" data-type-order="16">
<link href="link-10" type="image" />
<appendix>
<linkTarget id="link-10" type="image">
<anchoringText id="Ancr16">Figure 10 shows the average breakeven of the most important oil plays. It can be seen that the highest extraction cost in the oil industry correspond to shale and oil sands. Therefore, North America production growth might not reach the 9 MMbd by 2035 (BP, 2015), as this production growth was expected to come mainly from tight oil (4 MMbd) and oil sands (3 MMbd).</anchoringText>
<image-wrap id="102118179990MS-Img_SPi-10">
<label>Figure 10 </label>
<imageLink type="mediaResource" href="102118179990MS_i_10.tif" id="ImgLink-10" />
<caption>Avarage, low and high breakeven in 2020 (Rystad Energy Research and Analysis, 2015)</caption>
<formatted-caption>
<caption-label>Figure</caption-label>
<caption-order>10</caption-order>
<caption-text>Avarage, low and high breakeven in 2020 <link href="BIB1">(Rystad Energy Research and Analysis, 2015)</link>
</caption-text>
</formatted-caption>
</image-wrap>
</linkTarget>
<linkTarget id="link-19" type="bib">
<bib id="BIB1">
<author>
</author>
<article-title>
<i>Rystad Energy Research and Analysis [Online]</i>.</article-title> - <pubDate>2015. - 01 29, 2016.</pubDate> - http://www.rystadenergy.com/ResearchProducts.</bib>
</linkTarget>
</appendix>
</docFigure>
<docFigure composite="true" composite-count="2" pdf-page="24" figure-order="11" data-type-order="17">
<link href="link-11" type="image" />
<appendix>
<linkTarget id="link-11" type="image">
<anchoringText id="Ancr17">Mexico’s oil production is expected to increase but its demand is expected to remain constant as in the last decade (Figure 11a). On the other hand, the production of U.S. tight oil and Canadian oil sands are expected to flatten out while the demand is more likely to increase.</anchoringText>
<image-wrap id="102118179990MS-Img_SPi-11">
<label>Figure 11 </label>
<imageLink type="mediaResource" href="102118179990MS_i_11.tif" id="ImgLink-11" />
<caption>Mexico’s total production and consumption of (a) oil and (b) gas (U.S. Energy Information Administration, 2015)</caption>
<formatted-caption>
<caption-label>Figure</caption-label>
<caption-order>11</caption-order>
<caption-text>Mexico’s total production and consumption of (a) oil and (b) gas <link href="BIB2">(U.S. Energy Information Administration, 2015)</link>
</caption-text>
</formatted-caption>
</image-wrap>
<image-wrap id="102118179990MS-Img_SPi-11a">
<imageLink type="mediaResource" href="102118179990MS_i_11a.tif" id="ImgLink-11a" />
<figure-specific-caption>
<caption-order>a</caption-order>
<caption-text>oil</caption-text>
</figure-specific-caption>
</image-wrap>
<image-wrap id="102118179990MS-Img_SPi-11b">
<imageLink type="mediaResource" href="102118179990MS_i_11b.tif" id="ImgLink-11b" />
<figure-specific-caption>
<caption-order>b</caption-order>
<caption-text>gas</caption-text>
</figure-specific-caption>
</image-wrap>
</linkTarget>
<linkTarget id="link-20" type="bib">
<bib id="BIB2">
<author>
</author>
<article-title>
<i>U.S. Energy Information Administration, Mexico international energy data analysis [Online]</i>.</article-title> – 09 21, <pubDate>2015. - 5 02, 2016.</pubDate> - https://www.eia.gov/beta/international/analysis_includes/countries_long/Mexico/mexico.pdf.</bib>
</linkTarget>
</appendix>
</docFigure>
<docFigure pdf-page="25" figure-order="12" data-type-order="18">
<link href="link-12" type="image" />
<appendix>
<linkTarget id="link-12" type="image">
<anchoringText id="Ancr18">The electricity sector has been a growing natural gas market in Mexico where natural gas nearly accounts for 60% of Mexico’s power generation (Clemente, 2015). Figure 11b and Figure 12 show that Mexico will remain as an importer of dry natural gas. Besides, the import capacity is likely to increase through new pipelines making the country able to import at least 4000 MMcfd of natural gas from shale gas locations in the U.S.</anchoringText>
<image-wrap id="102118179990MS-Img_SPi-12">
<label>Figure 12 </label>
<imageLink type="mediaResource" href="102118179990MS_i_12.tif" id="ImgLink-12" />
<caption>Natural gas pipelines (IHS, 2015)</caption>
<formatted-caption>
<caption-label>Figure</caption-label>
<caption-order>12</caption-order>
<caption-text>Natural gas pipelines (IHS, 2015)</caption-text>
</formatted-caption>
</image-wrap>
</linkTarget>
</appendix>
</docFigure>
</docFigureList>
</docTables>