<?xml version="1.0" encoding="utf-8"?>
<docTables>
<docMetaData inputFile="102118177060MS.txt" extractionDate="2021-03-22T17:10:43Z">
<doi>10.2118/177060-MS</doi>
<pii>10.2118/177060-MS</pii>
<publisher>SPE_Society_of_Petroleum_Engineers</publisher>
</docMetaData>
<docFigureList>
<docFigure pdf-page="2" figure-order="1" data-type-order="1">
<link href="link-1" type="image" />
<appendix>
<linkTarget id="link-1" type="image">
<anchoringText id="Ancr1">The Petrocedeño field is an onshore extra heavy oil field (8-10 ˚ API) located in the Orinoco Oil belt, Venezuela (Fig. 1) and operated by PDVSA (60%), with the partners TOTAL (30%) and STATOIL (10%). Since 2000 it has been producing crude oil by means of natural depletion through horizontal wells from the shallow reservoirs (230-475 m) made up of unconsolidated sands of the Early to Middle Miocene Oficina Formation. The field covers an area of 399 km2 and over the years a high density of data has been acquired, including more than 1000 wells (deviated or vertical stratigraphic wells and horizontal producer wells), over 6000 ft of core and 3D seismic data.</anchoringText>
<image-wrap id="102118177060MS-Img_SPi-1">
<label>Figure 1 </label>
<imageLink type="mediaResource" href="102118177060MS_i_1.tif" id="ImgLink-1" />
<caption>Location map of Venezuela with the Orinoco heavy-oil belt and the Petrocedeño Field (Martinius et al., 2012)</caption>
<formatted-caption>
<caption-label>Figure</caption-label>
<caption-order>1</caption-order>
<caption-text>Location map of Venezuela with the Orinoco heavy-oil belt and the Petrocedeño Field (<link href="BIB1">Martinius et al., 2012</link>)</caption-text>
</formatted-caption>
</image-wrap>
</linkTarget>
<linkTarget id="link-17" type="bib">
<bib id="BIB1">
<label>Martinius et al., 2012</label>
<author>
<first-name>Allard W.</first-name>
<last-name>Martinius</last-name>
</author>, <author>
<first-name>Jan</first-name>
<last-name>Hegner</last-name>
</author>, <author>
<first-name>Inge</first-name>
<last-name>Kaas</last-name>
</author>, <author>
<first-name>Celia</first-name>
<last-name>Bejarano</last-name>
</author>, <author>
<first-name>Xavier</first-name>
<last-name>Mathieu</last-name>
</author>, and <author>
<first-name>Rune</first-name>
<last-name>Mjøs</last-name>
</author>, <pubDate>2012</pubDate>. <article-title>Sedimentology and depositional model for the Early Miocene Oficina Formation in the Petrodecedeño Field (Orinoco heavy-oil belt, Venezuela)</article-title>. <journal-title>
<i>Marine and Petroleum Geology</i>
</journal-title>
<volume>35</volume>
<issue>(2012)</issue>: <pages>
<first-page>354</first-page>
<last-page>380</last-page>
</pages>.</bib>
</linkTarget>
</appendix>
</docFigure>
<docFigure pdf-page="3" figure-order="2" data-type-order="2">
<link href="link-2" type="image" />
<appendix>
<linkTarget id="link-2" type="image">
<anchoringText id="Ancr2">The productive reservoirs of the Petrocedeño field are of the lower Oficina formation. These Early Miocene sediments are part of a wedge deposited onto Cretaceous or crystalline basement of the eastern Venezuelan fore deep basin (Fig. 2, Martinius et al., 2013). They were deposited in fluvial to tide-dominated deltaic environments filling in the basin. The lower Oficina formation has an operational subdivision of a lower fluvial and an upper transitional/deltaic part.</anchoringText>
<image-wrap id="102118177060MS-Img_SPi-2">
<label>Figure 2 </label>
<imageLink type="mediaResource" href="102118177060MS_i_2.tif" id="ImgLink-2" />
<caption>A schematic cross section of the fore deep basin and the infill of the Oficina formation. The stratigraphic column and the approximate location of the Petrocedeño field is marked by the red box (Martinius et al., 2012 as reproduced in Vega and Rojas, 1987)</caption>
<formatted-caption>
<caption-label>Figure</caption-label>
<caption-order>2</caption-order>
<caption-text>A schematic cross section of the fore deep basin and the infill of the Oficina formation. The stratigraphic column and the approximate location of the Petrocedeño field is marked by the red box (<link href="BIB2">Martinius et al., 2012</link> as reproduced in <link href="BIB3">Vega and Rojas, 1987</link>)</caption-text>
</formatted-caption>
</image-wrap>
</linkTarget>
<linkTarget id="link-17" type="bib">
<bib id="BIB2">
<label>Martinius et al., 2012</label>
<author>
<first-name>Allard W.</first-name>
<last-name>Martinius</last-name>
</author>, <author>
<first-name>Jan</first-name>
<last-name>Hegner</last-name>
</author>, <author>
<first-name>Inge</first-name>
<last-name>Kaas</last-name>
</author>, <author>
<first-name>Celia</first-name>
<last-name>Bejarano</last-name>
</author>, <author>
<first-name>Xavier</first-name>
<last-name>Mathieu</last-name>
</author>, and <author>
<first-name>Rune</first-name>
<last-name>Mjøs</last-name>
</author>, <pubDate>2012</pubDate>. <article-title>Sedimentology and depositional model for the Early Miocene Oficina Formation in the Petrodecedeño Field (Orinoco heavy-oil belt, Venezuela)</article-title>. <journal-title>
<i>Marine and Petroleum Geology</i>
</journal-title>
<volume>35</volume>
<issue>(2012)</issue>: <pages>
<first-page>354</first-page>
<last-page>380</last-page>
</pages>.</bib>
</linkTarget>
<linkTarget id="link-19" type="bib">
<bib id="BIB3">
<label>Vega and Rojas, 1987</label>
<author>
<first-name>A.</first-name>
<last-name>Vega</last-name>
</author> and <author>
<first-name>I.</first-name>
<last-name>Rojas</last-name>
</author>
<pubDate>1987</pubDate>. <article-title>Exploration and evaluation of the Zuata area, Orinoco oil belt, Venezuela</article-title>. <journal-title>
<i>Journal of Petroleum Geology</i>
</journal-title>, v. <volume>10</volume>: p. <pages>
<first-page>163</first-page>
<last-page>176</last-page>
</pages>.</bib>
</linkTarget>
</appendix>
</docFigure>
<docFigure pdf-page="4" figure-order="3" data-type-order="3">
<link href="link-3" type="image" />
<appendix>
<linkTarget id="link-3" type="image">
<anchoringText id="Ancr3">The lower Oficina formation has an operational subdivision of a lower fluvial and an upper transitional/deltaic part. This was further subdivided into six units, F-D for the fluvial part and C-A for the superior transitional/deltaic part (Fig. 3, Martinius et al., 2013). The reservoir model described in this paper contains the deltaic B unit which consists of meandering channel belts with point bar and crevasse splay deposits with as non-reservoir facies the floodplain, accretion surfaces/mud drapes and clay plug deposits (Fig. 4 and Fig. 5).</anchoringText>
<image-wrap id="102118177060MS-Img_SPi-3">
<label>Figure 3 </label>
<imageLink type="mediaResource" href="102118177060MS_i_3.tif" id="ImgLink-3" />
<caption>Stratigraphic illustration of the productive reservoirs of the Petrocedeño field with a type well logs (Martinius et al., 2012)</caption>
<formatted-caption>
<caption-label>Figure</caption-label>
<caption-order>3</caption-order>
<caption-text>Stratigraphic illustration of the productive reservoirs of the Petrocedeño field with a type well logs (<link href="BIB4">Martinius et al., 2012</link>)</caption-text>
</formatted-caption>
</image-wrap>
</linkTarget>
<linkTarget id="link-17" type="bib">
<bib id="BIB4">
<label>Martinius et al., 2012</label>
<author>
<first-name>Allard W.</first-name>
<last-name>Martinius</last-name>
</author>, <author>
<first-name>Jan</first-name>
<last-name>Hegner</last-name>
</author>, <author>
<first-name>Inge</first-name>
<last-name>Kaas</last-name>
</author>, <author>
<first-name>Celia</first-name>
<last-name>Bejarano</last-name>
</author>, <author>
<first-name>Xavier</first-name>
<last-name>Mathieu</last-name>
</author>, and <author>
<first-name>Rune</first-name>
<last-name>Mjøs</last-name>
</author>, <pubDate>2012</pubDate>. <article-title>Sedimentology and depositional model for the Early Miocene Oficina Formation in the Petrodecedeño Field (Orinoco heavy-oil belt, Venezuela)</article-title>. <journal-title>
<i>Marine and Petroleum Geology</i>
</journal-title>
<volume>35</volume>
<issue>(2012)</issue>: <pages>
<first-page>354</first-page>
<last-page>380</last-page>
</pages>.</bib>
</linkTarget>
</appendix>
</docFigure>
<docFigure pdf-page="4" figure-order="4" data-type-order="4">
<link href="link-4" type="image" />
<appendix>
<linkTarget id="link-4" type="image">
<anchoringText id="Ancr4">The lower Oficina formation has an operational subdivision of a lower fluvial and an upper transitional/deltaic part. This was further subdivided into six units, F-D for the fluvial part and C-A for the superior transitional/deltaic part (Fig. 3, Martinius et al., 2013). The reservoir model described in this paper contains the deltaic B unit which consists of meandering channel belts with point bar and crevasse splay deposits with as non-reservoir facies the floodplain, accretion surfaces/mud drapes and clay plug deposits (Fig. 4 and Fig. 5).</anchoringText>
<image-wrap id="102118177060MS-Img_SPi-4">
<label>Figure 4 </label>
<imageLink type="mediaResource" href="102118177060MS_i_4.tif" id="ImgLink-4" />
<caption>Conceptual model of a meandering fluvial system showing (a) main channel belt, (b) vertical communication between reservoir units, (c) point bar deposits (d) clay plug deposit and (e) lateral facies change within channel belt (modified after Gouw, 2007 as reproduced in Weerts, 1996)</caption>
<formatted-caption>
<caption-label>Figure</caption-label>
<caption-order>4</caption-order>
<caption-text>Conceptual model of a meandering fluvial system showing (a) main channel belt, (b) vertical communication between reservoir units, (c) point bar deposits (d) clay plug deposit and (e) lateral facies change within channel belt (modified after <link href="BIB5">Gouw, 2007</link> as reproduced in <link href="BIB6">Weerts, 1996</link>)</caption-text>
</formatted-caption>
</image-wrap>
</linkTarget>
<linkTarget id="link-21" type="bib">
<bib id="BIB5">
<label>Gouw, 2007</label>
<author>
<first-name>M. J. P.</first-name>
<last-name>Gouw</last-name>
</author>
<pubDate>2007</pubDate>. <article-title>Alluvial architecture of fluvio-deltaic successions: a review with special reference to Holocene settings</article-title>. <journal-title>
<i>Netherlands Journal of Geosciences – Geologie en Mijnbouw</i>
</journal-title>
<volume>86-3</volume>: <pages>
<first-page>211</first-page>
<last-page>227</last-page>
</pages>.</bib>
</linkTarget>
<linkTarget id="link-22" type="bib">
<bib id="BIB6">
<label>Weerts, 1996</label>
<author>
<first-name>H. J. T.</first-name>
<last-name>Weerts</last-name>
</author>
<pubDate>1996</pubDate>. <article-title>Complex Confining Layers. Architecture and hydraulic properties of Holocene and Late Weichselian deposits in the fluvial Rhine-Meuse delta, the Netherlands. Published PhD Thesis Utrecht University</article-title>. <journal-title>Netherlands Geographical Studies</journal-title>
<volume>213</volume>: <pages>
<first-page>189</first-page>
</pages> pp.</bib>
</linkTarget>
</appendix>
</docFigure>
<docFigure pdf-page="5" figure-order="5" data-type-order="5">
<link href="link-5" type="image" />
<appendix>
<linkTarget id="link-5" type="image">
<anchoringText id="Ancr5">The lower Oficina formation has an operational subdivision of a lower fluvial and an upper transitional/deltaic part. This was further subdivided into six units, F-D for the fluvial part and C-A for the superior transitional/deltaic part (Fig. 3, Martinius et al., 2013). The reservoir model described in this paper contains the deltaic B unit which consists of meandering channel belts with point bar and crevasse splay deposits with as non-reservoir facies the floodplain, accretion surfaces/mud drapes and clay plug deposits (Fig. 4 and Fig. 5).</anchoringText>
<image-wrap id="102118177060MS-Img_SPi-5">
<label>Figure 5 </label>
<imageLink type="mediaResource" href="102118177060MS_i_5.tif" id="ImgLink-5" />
<caption>Schematic diagram of point bar deposits showing (a) associated accretion surfaces/mud drapes, (b) vertical evolution of facies and (c) clay plug deposits</caption>
<formatted-caption>
<caption-label>Figure</caption-label>
<caption-order>5</caption-order>
<caption-text>Schematic diagram of point bar deposits showing (a) associated accretion surfaces/mud drapes, (b) vertical evolution of facies and (c) clay plug deposits</caption-text>
</formatted-caption>
</image-wrap>
</linkTarget>
</appendix>
</docFigure>
<docFigure composite="true" composite-count="2" pdf-page="6" figure-order="6" data-type-order="6">
<link href="link-6" type="image" />
<appendix>
<linkTarget id="link-6" type="image">
<anchoringText id="Ancr6">The first step of the workflow was to create the framework deterministically. Paleogeographic maps focusing on representing the channel belt locations and organization per reservoir unit were made using the sedimentological understanding and interpretation of the stratigraphic wells. These were consequently fine tuned using net-sand maps and information from the horizontal wells (Fig. 6A). The maps for the successive interval are then used to define a 3D parameter in the geocelular model representing the different depositional environments (Fig. 7).</anchoringText>
<image-wrap id="102118177060MS-Img_SPi-6">
<label>Figure 6</label>
<imageLink type="mediaResource" href="102118177060MS_i_6.tif" id="ImgLink-6" />
<caption>(A) Paleogeographic map contour superposing net-sand map with horizontal wells. (B) The resulting deposition environment model</caption>
<formatted-caption>
<caption-label>Figure</caption-label>
<caption-order>6</caption-order>
<caption-text>(A) Paleogeographic map contour superposing net-sand map with horizontal wells. (B) The resulting deposition environment model</caption-text>
</formatted-caption>
</image-wrap>
<image-wrap id="102118177060MS-Img_SPi-6a">
<imageLink type="mediaResource" href="102118177060MS_i_6a.tif" id="ImgLink-6a" />
<figure-specific-caption>
<caption-order>a</caption-order>
<caption-text>Paleogeographic map contour superposing net-sand map with horizontal wells.</caption-text>
</figure-specific-caption>
</image-wrap>
<image-wrap id="102118177060MS-Img_SPi-6b">
<imageLink type="mediaResource" href="102118177060MS_i_6b.tif" id="ImgLink-6b" />
<figure-specific-caption>
<caption-order>b</caption-order>
<caption-text>The resulting deposition environment model</caption-text>
</figure-specific-caption>
</image-wrap>
</linkTarget>
</appendix>
</docFigure>
<docFigure pdf-page="7" figure-order="7" data-type-order="7">
<link href="link-7" type="image" />
<appendix>
<linkTarget id="link-7" type="image">
<anchoringText id="Ancr7">The first step of the workflow was to create the framework deterministically. Paleogeographic maps focusing on representing the channel belt locations and organization per reservoir unit were made using the sedimentological understanding and interpretation of the stratigraphic wells. These were consequently fine tuned using net-sand maps and information from the horizontal wells (Fig. 6A). The maps for the successive interval are then used to define a 3D parameter in the geocelular model representing the different depositional environments (Fig. 7).</anchoringText>
<image-wrap id="102118177060MS-Img_SPi-7">
<label>Figure 7 </label>
<imageLink type="mediaResource" href="102118177060MS_i_7.tif" id="ImgLink-7" />
<caption>The reservoir channel belt defined per reservoir unit of the B unit in the geocelular model</caption>
<formatted-caption>
<caption-label>Figure</caption-label>
<caption-order>7</caption-order>
<caption-text>The reservoir channel belt defined per reservoir unit of the B unit in the geocelular model</caption-text>
</formatted-caption>
</image-wrap>
</linkTarget>
</appendix>
</docFigure>
<docFigure composite="true" composite-count="2" pdf-page="7" figure-order="8" data-type-order="8">
<link href="link-8" type="image" />
<appendix>
<linkTarget id="link-8" type="image">
<anchoringText id="Ancr8">The 2nd steps of the workflow, was to model the facies associations by means of SIS within the defined depositional environment 3D model (Fig. 8). The main input parameters were the wells with facies association logs, variogram dimensions, and most importantly a probability cube that allowed the representation of vertical and lateral geological trends within each interval.</anchoringText>
<image-wrap id="102118177060MS-Img_SPi-8">
<label>Figure 8</label>
<imageLink type="mediaResource" href="102118177060MS_i_8.tif" id="ImgLink-8" />
<caption>(A) The depositional geomodel. (B) The facies association model propagated using SIS within the depositional model framework</caption>
<formatted-caption>
<caption-label>Figure</caption-label>
<caption-order>8</caption-order>
<caption-text>(A) The depositional geomodel. (B) The facies association model propagated using SIS within the depositional model framework</caption-text>
</formatted-caption>
</image-wrap>
<image-wrap id="102118177060MS-Img_SPi-8a">
<imageLink type="mediaResource" href="102118177060MS_i_8a.tif" id="ImgLink-8a" />
<figure-specific-caption>
<caption-order>a</caption-order>
<caption-text>The depositional geomodel.</caption-text>
</figure-specific-caption>
</image-wrap>
<image-wrap id="102118177060MS-Img_SPi-8b">
<imageLink type="mediaResource" href="102118177060MS_i_8b.tif" id="ImgLink-8b" />
<figure-specific-caption>
<caption-order>b</caption-order>
<caption-text>The facies association model propagated using SIS within the depositional model framework</caption-text>
</figure-specific-caption>
</image-wrap>
</linkTarget>
</appendix>
</docFigure>
<docFigure composite="true" composite-count="3" pdf-page="8" figure-order="9" data-type-order="9">
<link href="link-9" type="image" />
<appendix>
<linkTarget id="link-9" type="image">
<anchoringText id="Ancr9">In order to control the vertical and lateral distribution of the point bar (sand) and mudstone (shale) facies as observed in the wells, a probability cube was created and used as input in the SIS. The first step in creating this probability cube was to implement the vertical facies evolution per reservoir unit, observed at the stratigraphic wells. A vertical proportion curve (VPC) based on the stratigraphic wells (Fig. 9A) were constructed per unit using facies proportion statistics per 5 ft layer. After normalization (Fig. 9B) they were converted into 3D probability cubes, one for shale and one for sand (Fig. 9C).</anchoringText>
<image-wrap id="102118177060MS-Img_SPi-9">
<label>Figure 9</label>
<imageLink type="mediaResource" href="102118177060MS_i_9.tif" id="ImgLink-9" />
<caption>(A) VPC from the stratigraphic wells for a reservoir zone. (B) Corresponding probability curve for Mudstone. (C) Cross section of the 3D probability cube showing the vertical probabilities for Mudstone in the corresponding reservoir zone</caption>
<formatted-caption>
<caption-label>Figure</caption-label>
<caption-order>9</caption-order>
<caption-text>(A) VPC from the stratigraphic wells for a reservoir zone. (B) Corresponding probability curve for Mudstone. (C) Cross section of the 3D probability cube showing the vertical probabilities for Mudstone in the corresponding reservoir zone</caption-text>
</formatted-caption>
</image-wrap>
<image-wrap id="102118177060MS-Img_SPi-9a">
<imageLink type="mediaResource" href="102118177060MS_i_9a.tif" id="ImgLink-9a" />
<figure-specific-caption>
<caption-order>a</caption-order>
<caption-text>VPC from the stratigraphic wells for a reservoir zone.</caption-text>
</figure-specific-caption>
</image-wrap>
<image-wrap id="102118177060MS-Img_SPi-9b">
<imageLink type="mediaResource" href="102118177060MS_i_9b.tif" id="ImgLink-9b" />
<figure-specific-caption>
<caption-order>b</caption-order>
<caption-text>Corresponding probability curve for Mudstone.</caption-text>
</figure-specific-caption>
</image-wrap>
<image-wrap id="102118177060MS-Img_SPi-9c">
<imageLink type="mediaResource" href="102118177060MS_i_9c.tif" id="ImgLink-9c" />
<figure-specific-caption>
<caption-order>c</caption-order>
<caption-text>Cross section of the 3D probability cube showing the vertical probabilities for Mudstone in the corresponding reservoir zone</caption-text>
</figure-specific-caption>
</image-wrap>
</linkTarget>
</appendix>
</docFigure>
<docFigure composite="true" composite-count="2" pdf-page="9" figure-order="10" data-type-order="10">
<link href="link-10" type="image" />
<appendix>
<linkTarget id="link-10" type="image">
<anchoringText id="Ancr10">The second input data included in the probability cube was the potential vertical communication between different reservoir units. At the interface between each reservoir unit, shale thickness maps (Fig. 10A) were created, a result of correlation and kriging of shale thickness data between the stratigraphic wells. These maps provided the information needed, as areas with thin or absent shale barrier are areas of potential communication, whereas areas of thick shale obviously prevent vertical flow.</anchoringText>
<image-wrap id="102118177060MS-Img_SPi-10">
<label>Figure 10</label>
<imageLink type="mediaResource" href="102118177060MS_i_10.tif" id="ImgLink-10" />
<caption>(A) A shale barrier thickness map corresponding to a reservoir zone interface. (B) Consequent lateral shale probability incorporated in the probability cube</caption>
<formatted-caption>
<caption-label>Figure</caption-label>
<caption-order>10</caption-order>
<caption-text>(A) A shale barrier thickness map corresponding to a reservoir zone interface. (B) Consequent lateral shale probability incorporated in the probability cube</caption-text>
</formatted-caption>
</image-wrap>
<image-wrap id="102118177060MS-Img_SPi-10a">
<imageLink type="mediaResource" href="102118177060MS_i_10a.tif" id="ImgLink-10a" />
<figure-specific-caption>
<caption-order>a</caption-order>
<caption-text>A shale barrier thickness map corresponding to a reservoir zone interface.</caption-text>
</figure-specific-caption>
</image-wrap>
<image-wrap id="102118177060MS-Img_SPi-10b">
<imageLink type="mediaResource" href="102118177060MS_i_10b.tif" id="ImgLink-10b" />
<figure-specific-caption>
<caption-order>b</caption-order>
<caption-text>Consequent lateral shale probability incorporated in the probability cube</caption-text>
</figure-specific-caption>
</image-wrap>
</linkTarget>
</appendix>
</docFigure>
<docFigure composite="true" composite-count="2" pdf-page="9" figure-order="11" data-type-order="11">
<link href="link-11" type="image" />
<appendix>
<linkTarget id="link-11" type="image">
<anchoringText id="Ancr11">The resulting probability cube (Fig. 11A) guided the SIS simulation, resulting in a facies association parameter (Fig. 11B) respecting both the vertical evolution and the potential area of inter-unit commu-nication: more sandy facies are present in area of potential vertical communication, and shally facies in area where barrier were identified.</anchoringText>
<image-wrap id="102118177060MS-Img_SPi-11">
<label>Figure 11</label>
<imageLink type="mediaResource" href="102118177060MS_i_11.tif" id="ImgLink-11" />
<caption>(A) Shale probability cube. (B) Associated facies model</caption>
<formatted-caption>
<caption-label>Figure</caption-label>
<caption-order>11</caption-order>
<caption-text>(A) Shale probability cube. (B) Associated facies model</caption-text>
</formatted-caption>
</image-wrap>
<image-wrap id="102118177060MS-Img_SPi-11a">
<imageLink type="mediaResource" href="102118177060MS_i_11a.tif" id="ImgLink-11a" />
<figure-specific-caption>
<caption-order>a</caption-order>
<caption-text>Shale probability cube.</caption-text>
</figure-specific-caption>
</image-wrap>
<image-wrap id="102118177060MS-Img_SPi-11b">
<imageLink type="mediaResource" href="102118177060MS_i_11b.tif" id="ImgLink-11b" />
<figure-specific-caption>
<caption-order>b</caption-order>
<caption-text>Associated facies model</caption-text>
</figure-specific-caption>
</image-wrap>
</linkTarget>
</appendix>
</docFigure>
<docFigure composite="true" composite-count="2" pdf-page="10" figure-order="12" data-type-order="12">
<link href="link-12" type="image" />
<appendix>
<linkTarget id="link-12" type="image">
<anchoringText id="Ancr12">In the 3rd step of the workflow, the facies were modeled using SIS into the existing facies association model (Fig. 12). As the facies association model already included strong lateral and vertical trends, the facies were modeled without additional trend inputs. The facies are computed at the wells using a cut-off. Concerning the variogram settings, the same approach was used as for the modeling of the facies associations: dimension and sinuosity being similar. This enabled the facies to be distributed following the main channel geometries defined by the facies association stage (Fig. 12B).</anchoringText>
<image-wrap id="102118177060MS-Img_SPi-12">
<label>Figure 12</label>
<imageLink type="mediaResource" href="102118177060MS_i_12.tif" id="ImgLink-12" />
<caption>(A) A layer of the facies association model. (B) Corresponding facies model within which the petrophysical propierties will be propagated</caption>
<formatted-caption>
<caption-label>Figure</caption-label>
<caption-order>12</caption-order>
<caption-text>(A) A layer of the facies association model. (B) Corresponding facies model within which the petrophysical propierties will be propagated</caption-text>
</formatted-caption>
</image-wrap>
<image-wrap id="102118177060MS-Img_SPi-12a">
<imageLink type="mediaResource" href="102118177060MS_i_12a.tif" id="ImgLink-12a" />
<figure-specific-caption>
<caption-order>a</caption-order>
<caption-text>A layer of the facies association model.</caption-text>
</figure-specific-caption>
</image-wrap>
<image-wrap id="102118177060MS-Img_SPi-12b">
<imageLink type="mediaResource" href="102118177060MS_i_12b.tif" id="ImgLink-12b" />
<figure-specific-caption>
<caption-order>b</caption-order>
<caption-text>Corresponding facies model within which the petrophysical propierties will be propagated</caption-text>
</figure-specific-caption>
</image-wrap>
</linkTarget>
</appendix>
</docFigure>
<docFigure composite="true" composite-count="3" pdf-page="11" figure-order="13" data-type-order="13">
<link href="link-13" type="image" />
<appendix>
<linkTarget id="link-13" type="image">
<anchoringText id="Ancr13">Analysis of the facies association modelled, showed that the vertical facies evolution was successfully implemented and the desired petrophysical signature achieved. This can be seen by comparing the VPC from well observations (Fig. 13A), the VPC from the model (Fig. 13B) with the vertical evolution shown by the average volume of wet clay per layer from model (Fig. 13C).</anchoringText>
<image-wrap id="102118177060MS-Img_SPi-13">
<label>Figure 13</label>
<imageLink type="mediaResource" href="102118177060MS_i_13.tif" id="ImgLink-13" />
<caption>(A) Facies association VPC from a reservoir zone based on logs from stratigraphic wells. (B) Facies association VPC from the corresponding reservoir unit based on the 3D facies association parameter. (C) Average modeled volume wet clay per layer from the same reservoir unit showing the effect of the implemented vertical facies evolution to the petrophysical model</caption>
<formatted-caption>
<caption-label>Figure</caption-label>
<caption-order>13</caption-order>
<caption-text>(A) Facies association VPC from a reservoir zone based on logs from stratigraphic wells. (B) Facies association VPC from the corresponding reservoir unit based on the 3D facies association parameter. (C) Average modeled volume wet clay per layer from the same reservoir unit showing the effect of the implemented vertical facies evolution to the petrophysical model</caption-text>
</formatted-caption>
</image-wrap>
<image-wrap id="102118177060MS-Img_SPi-13a">
<imageLink type="mediaResource" href="102118177060MS_i_13a.tif" id="ImgLink-13a" />
<figure-specific-caption>
<caption-order>a</caption-order>
<caption-text>Facies association VPC from a reservoir zone based on logs from stratigraphic wells.</caption-text>
</figure-specific-caption>
</image-wrap>
<image-wrap id="102118177060MS-Img_SPi-13b">
<imageLink type="mediaResource" href="102118177060MS_i_13b.tif" id="ImgLink-13b" />
<figure-specific-caption>
<caption-order>b</caption-order>
<caption-text>Facies association VPC from the corresponding reservoir unit based on the 3D facies association parameter.</caption-text>
</figure-specific-caption>
</image-wrap>
<image-wrap id="102118177060MS-Img_SPi-13c">
<imageLink type="mediaResource" href="102118177060MS_i_13c.tif" id="ImgLink-13c" />
<figure-specific-caption>
<caption-order>c</caption-order>
<caption-text>Average modeled volume wet clay per layer from the same reservoir unit showing the effect of the implemented vertical facies evolution to the petrophysical model</caption-text>
</figure-specific-caption>
</image-wrap>
</linkTarget>
</appendix>
</docFigure>
<docFigure composite="true" composite-count="2" pdf-page="11" figure-order="14" data-type-order="14">
<link href="link-14" type="image" />
<appendix>
<linkTarget id="link-14" type="image">
<anchoringText id="Ancr14">The implementations of the shale barrier maps in the same phase can be seen by volume of wet clay average maps of the concerning unit interfaces (Fig. 14B) but are at the same time very much dependent on the shale proportion in the corresponding layers. Impact on the dynamic simulation has yet to be evaluated.</anchoringText>
<image-wrap id="102118177060MS-Img_SPi-14">
<label>Figure 14</label>
<imageLink type="mediaResource" href="102118177060MS_i_14.tif" id="ImgLink-14" />
<caption>(A) A shale barrier thickness map corresponding to a reservoir unit interface. (B) Volume wet clay average map of the interval to which the barrier thickness map (A) was applied to</caption>
<formatted-caption>
<caption-label>Figure</caption-label>
<caption-order>14</caption-order>
<caption-text>(A) A shale barrier thickness map corresponding to a reservoir unit interface. (B) Volume wet clay average map of the interval to which the barrier thickness map (A) was applied to</caption-text>
</formatted-caption>
</image-wrap>
<image-wrap id="102118177060MS-Img_SPi-14a">
<imageLink type="mediaResource" href="102118177060MS_i_14a.tif" id="ImgLink-14a" />
<figure-specific-caption>
<caption-order>a</caption-order>
<caption-text>A shale barrier thickness map corresponding to a reservoir unit interface.</caption-text>
</figure-specific-caption>
</image-wrap>
<image-wrap id="102118177060MS-Img_SPi-14b">
<imageLink type="mediaResource" href="102118177060MS_i_14b.tif" id="ImgLink-14b" />
<figure-specific-caption>
<caption-order>b</caption-order>
<caption-text>Volume wet clay average map of the interval to which the barrier thickness map (A) was applied to</caption-text>
</figure-specific-caption>
</image-wrap>
</linkTarget>
</appendix>
</docFigure>
<docFigure composite="true" composite-count="2" pdf-page="12" figure-order="15" data-type-order="15">
<link href="link-15" type="image" />
<appendix>
<linkTarget id="link-15" type="image">
<anchoringText id="Ancr15">Sand distribution can be independently validated by comparing the net-sand maps per reservoir units from the model (Fig. 15B) with the operational net-sand maps (Fig. 15A). This shows that the main trends are well represented in the model with the expected uncertainty.</anchoringText>
<image-wrap id="102118177060MS-Img_SPi-15">
<label>Figure 15</label>
<imageLink type="mediaResource" href="102118177060MS_i_15.tif" id="ImgLink-15" />
<caption>(A) Operational net sand map of a reservoir unit. (B) Net sand map from the static model of the same reservoir unit</caption>
<formatted-caption>
<caption-label>Figure</caption-label>
<caption-order>15</caption-order>
<caption-text>(A) Operational net sand map of a reservoir unit. (B) Net sand map from the static model of the same reservoir unit</caption-text>
</formatted-caption>
</image-wrap>
<image-wrap id="102118177060MS-Img_SPi-15a">
<imageLink type="mediaResource" href="102118177060MS_i_15a.tif" id="ImgLink-15a" />
<figure-specific-caption>
<caption-order>a</caption-order>
<caption-text>Operational net sand map of a reservoir unit.</caption-text>
</figure-specific-caption>
</image-wrap>
<image-wrap id="102118177060MS-Img_SPi-15b">
<imageLink type="mediaResource" href="102118177060MS_i_15b.tif" id="ImgLink-15b" />
<figure-specific-caption>
<caption-order>b</caption-order>
<caption-text>Net sand map from the static model of the same reservoir unit</caption-text>
</figure-specific-caption>
</image-wrap>
</linkTarget>
</appendix>
</docFigure>
<docFigure composite="true" composite-count="2" pdf-page="12" figure-order="16" data-type-order="16">
<link href="link-16" type="image" />
<appendix>
<linkTarget id="link-16" type="image">
<anchoringText id="Ancr16">The sinuous patterns of the facies model gave the expected result in the petrophysical model. In figure 16 the facies model (Fig. 16A) is compared to the permeability model (Fig. 16A). The high permeability streaks coincide with the good sand locations and follow the same trend as the facies model (Fig. 16). The concept that higher quality sands are deposited along the axis potentially resulting in preferential flow have shown to be implemented.</anchoringText>
<image-wrap id="102118177060MS-Img_SPi-16">
<label>Figure 16</label>
<imageLink type="mediaResource" href="102118177060MS_i_16.tif" id="ImgLink-16" />
<caption>(A) A layer of the facies model. (B) The same layer of the permeability model showing the same trend and the high permeability streaks where good sands are propagated in the facies model (A)</caption>
<formatted-caption>
<caption-label>Figure</caption-label>
<caption-order>16</caption-order>
<caption-text>(A) A layer of the facies model. (B) The same layer of the permeability model showing the same trend and the high permeability streaks where good sands are propagated in the facies model (A)</caption-text>
</formatted-caption>
</image-wrap>
<image-wrap id="102118177060MS-Img_SPi-16a">
<imageLink type="mediaResource" href="102118177060MS_i_16a.tif" id="ImgLink-16a" />
<figure-specific-caption>
<caption-order>a</caption-order>
<caption-text>A layer of the facies model.</caption-text>
</figure-specific-caption>
</image-wrap>
<image-wrap id="102118177060MS-Img_SPi-16b">
<imageLink type="mediaResource" href="102118177060MS_i_16b.tif" id="ImgLink-16b" />
<figure-specific-caption>
<caption-order>b</caption-order>
<caption-text>The same layer of the permeability model showing the same trend and the high permeability streaks where good sands are propagated in the facies model (A)</caption-text>
</figure-specific-caption>
</image-wrap>
</linkTarget>
</appendix>
</docFigure>
</docFigureList>
</docTables>