<?xml version="1.0" encoding="utf-8"?>
<docTables>
<docMetaData inputFile="102118177334MS.txt" extractionDate="2021-03-16T17:18:39Z">
<doi>10.2118/177334-MS</doi>
<pii>10.2118/177334-MS</pii>
<publisher>SPE_Society_of_Petroleum_Engineers</publisher>
</docMetaData>
<docTableList>
<docTable pdf-page="6" table-order="1" data-type-order="4">
<table-wrap id="102118177334MS-tblwrp-1" content-type="structured">
<anchoringText id="Ancr1">Based on the data provided to Baker Hughes experts (Table 1), the analogues for field Y can be Kuparuk (Kuparuk River Unit /Jensen et.al., 2012), North Ward Estes and Western-Salym field (Svirsky et.al., 2006). The advantages of the first two fields are long production history and the range of applied development strategies. The latter field is attractive because the operating company allocates significant resources to implement tertiary EOR methods.</anchoringText>
<label>Table 1</label>
<caption>Comparison of fields Y, Western-Salym, North Ward Estes, Kuparuk</caption>
<formatted-caption>
<caption-label>Table</caption-label>
<caption-order>1</caption-order>
<caption-text>Comparison of fields Y, Western-Salym, North Ward Estes, Kuparuk</caption-text>
</formatted-caption>
<table id="102118177334MS-Tbl_SPi-1" frame="hsides">
<thead>
<tr>
<th valign="top" align="center">
<a id="bookmark1">
</a>
<a>
</a>Layer characteristics</th>
<th valign="top" align="center">Y</th>
<th valign="top" align="center">Western-Salym</th>
<th valign="top" align="center">North Ward Estes</th>
<th valign="top" align="center">Kuparuk</th>
</tr>
</thead>
<tbody>
<tr>
<td valign="top" align="left">Deposition environment</td>
<td valign="top" align="center">Coastal-marine</td>
<td valign="top" align="center">Coastal-marine anddeltaic</td>
<td valign="top" align="center">Coastal-marine</td>
<td valign="top" align="center">Coastal-marine</td>
</tr>
<tr>
<td valign="top" align="left">Productive layers</td>
<td valign="top" align="center">4</td>
<td valign="top" align="center">4</td>
<td valign="top" align="center">8</td>
<td valign="top" align="center">6</td>
</tr>
<tr>
<td valign="top" align="left">Lithology</td>
<td valign="top" align="center">Sandstone</td>
<td valign="top" align="center">Sandstone</td>
<td valign="top" align="center">Sandstone</td>
<td valign="top" align="center">Sandstone</td>
</tr>
<tr>
<td valign="top" align="left">Reservoir type</td>
<td valign="top" align="center">Porous</td>
<td valign="top" align="center">Porous</td>
<td valign="top" align="center">Porous</td>
<td valign="top" align="center">Porous</td>
</tr>
<tr>
<td valign="top" align="left">Structure / trap</td>
<td valign="top" align="center">Anticline, faults</td>
<td valign="top" align="center">Anticline / stratigraphic</td>
<td valign="top" align="center">Anticline</td>
<td valign="top" align="center">Faults / stratigraphic</td>
</tr>
<tr>
<td valign="top" align="left">Gas cap (yes/no)</td>
<td valign="top" align="center">no</td>
<td valign="top" align="center">no</td>
<td valign="top" align="center">no</td>
<td valign="top" align="center">no</td>
</tr>
<tr>
<td valign="top" align="left">Av. depth (feet)</td>
<td valign="top" align="center">8003</td>
<td valign="top" align="center">7218</td>
<td valign="top" align="center">2900</td>
<td valign="top" align="center">6000</td>
</tr>
<tr>
<td valign="top" align="left">Wettability</td>
<td valign="top" align="center">Water-wet</td>
<td valign="top" align="center">Water-wet</td>
<td valign="top" align="center">Water-wet</td>
<td valign="top" align="center">hybrid</td>
</tr>
<tr>
<td valign="top" align="left">Av. porosity (fracture units)</td>
<td valign="top" align="center">0.20</td>
<td valign="top" align="center">0.18</td>
<td valign="top" align="center">0.20</td>
<td valign="top" align="center">0.23</td>
</tr>
<tr>
<td valign="top" align="left">Av. permeability (mD)</td>
<td valign="top" align="center">50</td>
<td valign="top" align="center">45</td>
<td valign="top" align="center">37</td>
<td valign="top" align="center">80</td>
</tr>
<tr>
<td valign="top" align="left">Dykstra-Parsons coefficient</td>
<td valign="top" align="center">0.86</td>
<td valign="top" align="center">?</td>
<td valign="top" align="center">0.85</td>
<td valign="top" align="center">0.90</td>
</tr>
<tr>
<td valign="top" align="left">Av. Initial water saturation</td>
<td valign="top" align="center">0.45</td>
<td valign="top" align="center">0.45</td>
<td valign="top" align="center">0.5</td>
<td valign="top" align="center">0.14-0.56</td>
</tr>
<tr>
<td valign="top" align="left">Residual oil saturation, fracture untis</td>
<td valign="top" align="center">0.28</td>
<td valign="top" align="center">0.36</td>
<td valign="top" align="center">0.25</td>
<td valign="top" align="center">0.43</td>
</tr>
<tr>
<td valign="top" align="left">Av. effective oil net pay (feet)</td>
<td valign="top" align="center">57</td>
<td valign="top" align="center">30</td>
<td valign="top" align="center">30</td>
<td valign="top" align="center">63</td>
</tr>
<tr>
<td valign="top" align="left">Oil density (API)</td>
<td valign="top" align="center">36</td>
<td valign="top" align="center">31</td>
<td valign="top" align="center">38</td>
<td valign="top" align="center">24</td>
</tr>
<tr>
<td valign="top" align="left">Oil viscousity (cP)</td>
<td valign="top" align="center">1.5</td>
<td valign="top" align="center">1.8</td>
<td valign="top" align="center">1.5</td>
<td valign="top" align="center">2.2</td>
</tr>
<tr>
<td valign="top" align="left">Initial gas/oil ratio (cubic feet/barrel)</td>
<td valign="top" align="center">1123</td>
<td valign="top" align="center">168</td>
<td valign="top" align="center">510</td>
<td valign="top" align="center">500</td>
</tr>
<tr>
<td valign="top" align="left">Resevoir temperature (C)</td>
<td valign="top" align="center">75</td>
<td valign="top" align="center">81</td>
<td valign="top" align="center">28</td>
<td valign="top" align="center">71</td>
</tr>
<tr>
<td valign="top" align="left">Initial reservoir pressure (bar)</td>
<td valign="top" align="center">220</td>
<td valign="top" align="center">220</td>
<td valign="top" align="center">97</td>
<td valign="top" align="center">213</td>
</tr>
<tr>
<td valign="top" align="left">Formation volume factor (barrel/barrel)</td>
<td valign="top" align="center">1.15</td>
<td valign="top" align="center">1.1</td>
<td valign="top" align="center">1.2</td>
<td valign="top" align="center">1.26</td>
</tr>
<tr>
<td valign="top" align="left">OOIP barrels / acres</td>
<td valign="top" align="center">42 298</td>
<td valign="top" align="center">11 779</td>
<td valign="top" align="center">19 395</td>
<td valign="top" align="center">46 094</td>
</tr>
<tr>
<td valign="top" align="left">OOIP (mln. barrels)</td>
<td valign="top" align="center">3 770</td>
<td valign="top" align="center">2 200</td>
<td valign="top" align="center">1 200</td>
<td valign="top" align="center">5 900</td>
</tr>
<tr>
<td valign="top" align="left">RF due to secondary EOR methods, %</td>
<td valign="top" align="center">33</td>
<td valign="top" align="center">35</td>
<td valign="top" align="center">31</td>
<td valign="top" align="center">33</td>
</tr>
<tr>
<td valign="top" align="left">Incremental RF due to tertiary EOR methods, %</td>
<td valign="top" align="center">?</td>
<td valign="top" align="center">Planned: up to +20</td>
<td valign="top" align="center">Actual: 8 Planned:up to +20</td>
<td valign="top" align="center">Actual-average between layers: 8</td>
</tr>
</tbody>
</table>
</table-wrap>
<appendix />
</docTable>
</docTableList>
</docTables>