<?xml version="1.0" encoding="utf-8"?>
<docTables>
<docMetaData inputFile="102118176984MS.txt" extractionDate="2021-03-22T13:04:38Z">
<doi>10.2118/176984-MS</doi>
<pii>10.2118/176984-MS</pii>
<publisher>SPE_Society_of_Petroleum_Engineers</publisher>
</docMetaData>
<docTableList>
<docTable pdf-page="4" table-order="1" data-type-order="3">
<table-wrap id="102118176984MS-tblwrp-1" content-type="structured">
<anchoringText id="Ancr1"> </anchoringText>
<label>Table 1</label>
<caption>Well Performance by Completion Method in Kingfisher County</caption>
<formatted-caption>
<caption-label>Table</caption-label>
<caption-order>1</caption-order>
<caption-text>Well Performance by Completion Method in Kingfisher County</caption-text>
</formatted-caption>
<table id="102118176984MS-Tbl_SPi-1" frame="hsides">
<thead>
<tr>
<th valign="top" align="left">Completion Method</th>
<th valign="top" align="center">Well Count</th>
<th valign="top" align="center">Cum BOE (30)</th>
<th valign="top" align="center">Cum BOE (60)</th>
<th valign="top" align="center">Cum BOE (90)</th>
</tr>
</thead>
<tbody>
<tr>
<td valign="top" align="left">CCPP</td>
<td valign="top" align="center">3</td>
<td valign="top" align="center">12,072</td>
<td valign="top" align="center">18,870</td>
<td valign="top" align="center">23,697</td>
</tr>
<tr>
<td valign="top" align="left">OHMS</td>
<td valign="top" align="center">53</td>
<td valign="top" align="center">7,170</td>
<td valign="top" align="center">17,213</td>
<td valign="top" align="center">26,522</td>
</tr>
</tbody>
</table>
</table-wrap>
<appendix />
</docTable>
<docTable pdf-page="4" table-order="2" data-type-order="5">
<table-wrap id="102118176984MS-tblwrp-2" content-type="structured">
<anchoringText id="Ancr2"> </anchoringText>
<label>Table 2</label>
<caption>Well Performance by Completion Method in Woods County</caption>
<formatted-caption>
<caption-label>Table</caption-label>
<caption-order>2</caption-order>
<caption-text>Well Performance by Completion Method in Woods County</caption-text>
</formatted-caption>
<table id="102118176984MS-Tbl_SPi-2" frame="hsides">
<thead>
<tr>
<th valign="top" align="left">Completion Method</th>
<th valign="top" align="center">Well Count</th>
<th valign="top" align="center">Cum BOE (30)</th>
<th valign="top" align="center">Cum BOE (60)</th>
<th valign="top" align="center">Cum BOE (90)</th>
</tr>
</thead>
<tbody>
<tr>
<td valign="top" align="left">CCPP</td>
<td valign="top" align="center">124</td>
<td valign="top" align="center">10,245</td>
<td valign="top" align="center">19,057</td>
<td valign="top" align="center">25,797</td>
</tr>
<tr>
<td valign="top" align="left">OHMS</td>
<td valign="top" align="center">25</td>
<td valign="top" align="center">11,123</td>
<td valign="top" align="center">20,720</td>
<td valign="top" align="center">29,670</td>
</tr>
</tbody>
</table>
</table-wrap>
<appendix />
</docTable>
<docTable pdf-page="6" table-order="3" data-type-order="9">
<table-wrap id="102118176984MS-tblwrp-3" content-type="structured">
<anchoringText id="Ancr3"> </anchoringText>
<label>Table 3</label>
<caption>Well Performance by Completion Method in Alfalfa County</caption>
<formatted-caption>
<caption-label>Table</caption-label>
<caption-order>3</caption-order>
<caption-text>Well Performance by Completion Method in Alfalfa County</caption-text>
</formatted-caption>
<table id="102118176984MS-Tbl_SPi-3" frame="hsides">
<thead>
<tr>
<th valign="top" align="left">Completion Method</th>
<th valign="top" align="center">Well Count</th>
<th valign="top" align="center">Cum BOE (30)</th>
<th valign="top" align="center">Cum BOE (60)</th>
<th valign="top" align="center">Cum BOE (90)</th>
</tr>
</thead>
<tbody>
<tr>
<td valign="top" align="left">CCPP</td>
<td valign="top" align="center">65</td>
<td valign="top" align="center">14,481</td>
<td valign="top" align="center">25,613</td>
<td valign="top" align="center">34,797</td>
</tr>
<tr>
<td valign="top" align="left">OHMS</td>
<td valign="top" align="center">28</td>
<td valign="top" align="center">17,017</td>
<td valign="top" align="center">29,068</td>
<td valign="top" align="center">41,754</td>
</tr>
</tbody>
</table>
</table-wrap>
<appendix />
</docTable>
</docTableList>
</docTables>