<?xml version="1.0" encoding="utf-8"?>
<docTables>
<docMetaData inputFile="102118177210MS.txt" extractionDate="2021-03-16T11:00:38Z">
<doi>10.2118/177210-MS</doi>
<pii>10.2118/177210-MS</pii>
<publisher>SPE_Society_of_Petroleum_Engineers</publisher>
</docMetaData>
<docFigureList>
<docFigure pdf-page="3" figure-order="1" data-type-order="2">
<link href="link-1" type="image" />
<appendix>
<linkTarget id="link-1" type="image">
<anchoringText id="Ancr5">The Figure 1 shows the location in the reservoir of interest of the water reinjector well where the chemical tracer was injected, and the location of the two oil producer sampled wells where the injected tracer arrival was monitored.</anchoringText>
<image-wrap id="102118177210MS-Img_SPi-1">
<label>Figure 1 </label>
<imageLink type="mediaResource" href="102118177210MS_i_1.tif" id="ImgLink-1" />
<caption>Location of the water reinjector well and of the two oil producer sampled wells in the Structural Depth Map of the reservoir of interest</caption>
<formatted-caption>
<caption-label>Figure</caption-label>
<caption-order>1</caption-order>
<caption-text>Location of the water reinjector well and of the two oil producer sampled wells in the Structural Depth Map of the reservoir of interest</caption-text>
</formatted-caption>
</image-wrap>
</linkTarget>
</appendix>
</docFigure>
<docFigure pdf-page="5" figure-order="2" data-type-order="6">
<link href="link-2" type="image" />
<appendix>
<linkTarget id="link-2" type="image">
<anchoringText id="Ancr6">The injector well water injection line and injection water sampling line were identified. Both lines are connected at the wellhead of the injector well (Figure 2).</anchoringText>
<image-wrap id="102118177210MS-Img_SPi-2">
<label>Figure 2 </label>
<imageLink type="mediaResource" href="102118177210MS_i_2.tif" id="ImgLink-2" />
<caption>Sampling line identification in the injector well</caption>
<formatted-caption>
<caption-label>Figure</caption-label>
<caption-order>2</caption-order>
<caption-text>Sampling line identification in the injector well</caption-text>
</formatted-caption>
</image-wrap>
</linkTarget>
</appendix>
</docFigure>
<docFigure pdf-page="6" figure-order="3" data-type-order="7">
<link href="link-3" type="image" />
<appendix>
<linkTarget id="link-3" type="image">
<anchoringText id="Ancr7">The tracer injection was performed with a portable high pressure air pump of dimensions 0.7mx0.5 mx0.5 m(Figure 3).</anchoringText>
<image-wrap id="102118177210MS-Img_SPi-3">
<label>Figure 3 </label>
<imageLink type="mediaResource" href="102118177210MS_i_3.tif" id="ImgLink-3" />
<caption>Pneumatic tracer injection pump</caption>
<formatted-caption>
<caption-label>Figure</caption-label>
<caption-order>3</caption-order>
<caption-text>Pneumatic tracer injection pump</caption-text>
</formatted-caption>
</image-wrap>
</linkTarget>
</appendix>
</docFigure>
<docFigure pdf-page="7" figure-order="4" data-type-order="8">
<link href="link-4" type="image" />
<appendix>
<linkTarget id="link-4" type="image">
<anchoringText id="Ancr8">The compressed air source for the pump was obtained from the platform compressed air lines facilities (Figure 4).</anchoringText>
<image-wrap id="102118177210MS-Img_SPi-4">
<label>Figure 4 </label>
<imageLink type="mediaResource" href="102118177210MS_i_4.tif" id="ImgLink-4" />
<caption>Connection of the facilities air supply to the tracer injection pump</caption>
<formatted-caption>
<caption-label>Figure</caption-label>
<caption-order>4</caption-order>
<caption-text>Connection of the facilities air supply to the tracer injection pump</caption-text>
</formatted-caption>
</image-wrap>
</linkTarget>
</appendix>
</docFigure>
<docFigure pdf-page="7" figure-order="5" data-type-order="9">
<link href="link-5" type="image" />
<appendix>
<linkTarget id="link-5" type="image">
<anchoringText id="Ancr9">The tracer injection was done by connecting a hose from the high pressure pump to the injector well sampling line (Figure 5). The injection of the 100 liters of tracer lasted approximately 9 hours.</anchoringText>
<image-wrap id="102118177210MS-Img_SPi-5">
<label>Figure 5 </label>
<imageLink type="mediaResource" href="102118177210MS_i_5.tif" id="ImgLink-5" />
<caption>Pneumatic tracer injection pump</caption>
<formatted-caption>
<caption-label>Figure</caption-label>
<caption-order>5</caption-order>
<caption-text>Pneumatic tracer injection pump</caption-text>
</formatted-caption>
</image-wrap>
</linkTarget>
</appendix>
</docFigure>
<docFigure composite="true" composite-count="2" pdf-page="8" figure-order="6" data-type-order="10">
<link href="link-6" type="image" />
<appendix>
<linkTarget id="link-6" type="image">
<anchoringText id="Ancr10">With the injection of the 100 liters of fluorobenzoic acid (FBAs) chemical tracer through the injector well, the real tracer arrival time compared with the simulated time was 258 to 300 days for PRODUCER-1 well and 319 to 350 days for PRODUCER-2 well, resulting in a difference of 14% and 9% correspondingly (Figure 6).</anchoringText>
<image-wrap id="102118177210MS-Img_SPi-6">
<label>Figure 6 </label>
<imageLink type="mediaResource" href="102118177210MS_i_6.tif" id="ImgLink-6" />
<caption>Chemical Tracer, Simulation Model</caption>
<formatted-caption>
<caption-label>Figure</caption-label>
<caption-order>6</caption-order>
<caption-text>Chemical Tracer, Simulation Model</caption-text>
</formatted-caption>
</image-wrap>
<image-wrap id="102118177210MS-Img_SPi-6a">
<imageLink type="mediaResource" href="102118177210MS_i_6a.tif" id="ImgLink-6a" />
<figure-specific-caption>
<caption-order></caption-order>
<caption-text>Oil saturation</caption-text>
</figure-specific-caption>
</image-wrap>
<image-wrap id="102118177210MS-Img_SPi-6b">
<imageLink type="mediaResource" href="102118177210MS_i_6b.tif" id="ImgLink-6b" />
<figure-specific-caption>
<caption-order></caption-order>
<caption-text>Simulation days</caption-text>
</figure-specific-caption>
</image-wrap>
</linkTarget>
</appendix>
</docFigure>
<docFigure composite="true" composite-count="2" pdf-page="9" figure-order="7" data-type-order="11">
<link href="link-7" type="image" />
<appendix>
<linkTarget id="link-7" type="image">
<anchoringText id="Ancr11"> </anchoringText>
<image-wrap id="102118177210MS-Img_SPi-7">
<label>Figure 7 </label>
<imageLink type="mediaResource" href="102118177210MS_i_7.tif" id="ImgLink-7" />
<caption>Chemical Tracer, Results</caption>
<formatted-caption>
<caption-label>Figure</caption-label>
<caption-order>7</caption-order>
<caption-text>Chemical Tracer, Results</caption-text>
</formatted-caption>
</image-wrap>
<image-wrap id="102118177210MS-Img_SPi-7a">
<imageLink type="mediaResource" href="102118177210MS_i_7a.tif" id="ImgLink-7a" />
<figure-specific-caption>
<caption-order></caption-order>
<caption-text>Wel Producer-1</caption-text>
</figure-specific-caption>
</image-wrap>
<image-wrap id="102118177210MS-Img_SPi-7b">
<imageLink type="mediaResource" href="102118177210MS_i_7b.tif" id="ImgLink-7b" />
<figure-specific-caption>
<caption-order></caption-order>
<caption-text>Wel Producer-2</caption-text>
</figure-specific-caption>
</image-wrap>
</linkTarget>
</appendix>
</docFigure>
</docFigureList>
</docTables>