<?xml version="1.0" encoding="utf-8"?>
<docTables>
<docMetaData inputFile="102118177125MS.txt" extractionDate="2021-03-16T14:39:48Z">
<doi>10.2118/177125-MS</doi>
<pii>10.2118/177125-MS</pii>
<publisher>SPE_Society_of_Petroleum_Engineers</publisher>
</docMetaData>
<docTableList>
<docTable pdf-page="10" table-order="1" data-type-order="9">
<table-wrap id="102118177125MS-tblwrp-1" content-type="structured">
<anchoringText id="Ancr1"> </anchoringText>
<label>Table 1</label>
<caption>Results of Initial production test from Chorongo Este 1 and Mariann 4 A 1</caption>
<formatted-caption>
<caption-label>Table</caption-label>
<caption-order>1</caption-order>
<caption-text>Results of Initial production test from Chorongo Este 1 and Mariann 4 A 1</caption-text>
</formatted-caption>
<table id="102118177125MS-Tbl_SPi-1" frame="hsides">
<thead>
<tr>
<th valign="top" align="center" />
<th valign="top" align="center">CHORONGO ESTE 1</th>
<th valign="top" align="center">MARIANN 4 A 1</th>
</tr>
</thead>
<tbody>
<tr>
<td valign="top" align="left">
<b>BOPD</b>
</td>
<td valign="top" align="center">203</td>
<td valign="top" align="center">1539</td>
</tr>
<tr>
<td valign="top" align="left">
<b>BSW</b>
</td>
<td valign="top" align="center">38.55</td>
<td valign="top" align="center">9.52</td>
</tr>
<tr>
<td valign="top" align="left">
<b>CUMM OIL</b>
</td>
<td valign="top" align="center">45216</td>
<td valign="top" align="center">216036</td>
</tr>
<tr>
<td valign="top" align="left">
<b>CUMM WATER</b>
</td>
<td valign="top" align="center">76172</td>
<td valign="top" align="center">376695</td>
</tr>
<tr>
<td valign="top" align="left">
<b>API</b>
</td>
<td valign="top" align="center">29.4</td>
<td valign="top" align="center">29.4</td>
</tr>
</tbody>
</table>
</table-wrap>
<appendix />
</docTable>
<docTable pdf-page="17" table-order="2" data-type-order="17">
<table-wrap id="102118177125MS-tblwrp-2" content-type="structured">
<anchoringText id="Ancr2"> </anchoringText>
<label>Table 2</label>
<caption>CEC information with Glauconite percent from some samples in Mariann Norte 1 core</caption>
<formatted-caption>
<caption-label>Table</caption-label>
<caption-order>2</caption-order>
<caption-text>CEC information with Glauconite percent from some samples in Mariann Norte 1 core</caption-text>
</formatted-caption>
<table id="102118177125MS-Tbl_SPi-2" frame="hsides">
<thead>
<tr>
<th valign="top" align="left">Core Depth (ft)</th>
<th valign="top" align="left">CEC (meq/100g)</th>
<th valign="top" align="left">VgI V/V</th>
</tr>
</thead>
<tbody>
<tr>
<td valign="top" align="left">8656.70</td>
<td valign="top" align="left">5.5</td>
<td valign="top" align="left">0.2</td>
</tr>
<tr>
<td valign="top" align="left">8677.70</td>
<td valign="top" align="left">2.5</td>
<td valign="top" align="left">0.15</td>
</tr>
<tr>
<td valign="top" align="left">8681.70</td>
<td valign="top" align="left">3.7</td>
<td valign="top" align="left">0.1</td>
</tr>
</tbody>
</table>
</table-wrap>
<appendix />
</docTable>
</docTableList>
</docTables>