<?xml version="1.0" encoding="utf-8"?>
<docTables>
<docMetaData inputFile="102118177238MS.txt" extractionDate="2021-03-16T11:46:51Z">
<doi>10.2118/177238-MS</doi>
<pii>10.2118/177238-MS</pii>
<publisher>SPE_Society_of_Petroleum_Engineers</publisher>
</docMetaData>
<docFigureList>
<docFigure pdf-page="3" figure-order="1" data-type-order="1">
<link href="link-1" type="image" />
<appendix>
<linkTarget id="link-1" type="image">
<anchoringText id="Ancr4">The process workflow is described in Fig 1. The water disposal wells, producers monitored, and the types of tracer used in each project are represented in Fig 2. It is important to mention that the 2010 project was the first one implemented in Ecuador.</anchoringText>
<image-wrap id="102118177238MS-Img_SPi-1">
<label>Figure 1 </label>
<imageLink type="mediaResource" href="102118177238MS_i_1.tif" id="ImgLink-1" />
<caption>Chemical Tracers Project Workflow.</caption>
<formatted-caption>
<caption-label>Figure</caption-label>
<caption-order>1</caption-order>
<caption-text>Chemical Tracers Project Workflow.</caption-text>
</formatted-caption>
</image-wrap>
</linkTarget>
</appendix>
</docFigure>
<docFigure composite="true" composite-count="2" pdf-page="3" figure-order="2" data-type-order="2">
<link href="link-2" type="image" />
<appendix>
<linkTarget id="link-2" type="image">
<anchoringText id="Ancr5">The process workflow is described in Fig 1. The water disposal wells, producers monitored, and the types of tracer used in each project are represented in Fig 2. It is important to mention that the 2010 project was the first one implemented in Ecuador.</anchoringText>
<image-wrap id="102118177238MS-Img_SPi-2">
<label>Figure 2 </label>
<imageLink type="mediaResource" href="102118177238MS_i_2.tif" id="ImgLink-2" />
<caption>Chemical tracers projects for 2010 and 2014.</caption>
<formatted-caption>
<caption-label>Figure</caption-label>
<caption-order>2</caption-order>
<caption-text>Chemical tracers projects for 2010 and 2014.</caption-text>
</formatted-caption>
</image-wrap>
<image-wrap id="102118177238MS-Img_SPi-2a">
<imageLink type="mediaResource" href="102118177238MS_i_2a.tif" id="ImgLink-2a" />
<figure-specific-caption>
<caption-order></caption-order>
<caption-text>2010 Tracer Project</caption-text>
</figure-specific-caption>
</image-wrap>
<image-wrap id="102118177238MS-Img_SPi-2b">
<imageLink type="mediaResource" href="102118177238MS_i_2b.tif" id="ImgLink-2b" />
<figure-specific-caption>
<caption-order></caption-order>
<caption-text>2014 Tracer Project</caption-text>
</figure-specific-caption>
</image-wrap>
</linkTarget>
</appendix>
</docFigure>
<docFigure composite="true" composite-count="2" pdf-page="4" figure-order="3" data-type-order="3">
<link href="link-3" type="image" />
<appendix>
<linkTarget id="link-3" type="image">
<anchoringText id="Ancr6">Fig 3 represents the designed versus the actual collected and analyzed samples. Both projects from 2010 and 2014 were designed for 6 months; however, they were completed after one year. In the first case at the end of 2010 project the samples collected and analyzed were the doubled compared with the original design within the same number of sampled wells, while for 2014 project a clear optimization was evidenced even increasing the number of samples points, the real results were in line with the design; wich means more information at the same cost.</anchoringText>
<image-wrap id="102118177238MS-Img_SPi-3">
<label>Figure 3 </label>
i<mageLink type="mediaResource" href="102118177238MS_i_3.tif" id="ImgLink-3" />
<caption>Collected and analyzed samples in 2010 and 2014 (designed vs real).</caption>
<formatted-caption>
<caption-label>Figure</caption-label>
<caption-order>3</caption-order>
<caption-text>Collected and analyzed samples in 2010 and 2014 (designed vs real).</caption-text>
</formatted-caption>
</image-wrap>
<image-wrap id="102118177238MS-Img_SPi-3a">
<imageLink type="mediaResource" href="102118177238MS_i_3a.tif" id="ImgLink-3a" />
<figure-specific-caption>
<caption-order></caption-order>
<caption-text>2010 Project</caption-text>
</figure-specific-caption>
</image-wrap>
<image-wrap id="102118177238MS-Img_SPi-3b">
<imageLink type="mediaResource" href="102118177238MS_i_3b.tif" id="ImgLink-3b" />
<figure-specific-caption>
<caption-order></caption-order>
<caption-text>2014 project</caption-text>
</figure-specific-caption>
</image-wrap>
</linkTarget>
</appendix>
</docFigure>
<docFigure pdf-page="6" figure-order="4" data-type-order="4">
<link href="link-4" type="image" />
<appendix>
<linkTarget id="link-4" type="image">
<anchoringText id="Ancr7">The tracer that was injected into V-2 was detected by all of the production wells in the field at some point, except for the wells located to the north of the structure. The interwell connectivity plot, tracer recovery (%), injected water distribution (Bbls), and swept pore volume (Bbls) are shown in Fig. 4.</anchoringText>
<image-wrap id="102118177238MS-Img_SPi-4">
<label>Figure 4 </label>
<imageLink type="mediaResource" href="102118177238MS_i_4.tif" id="ImgLink-4" />
<caption>Interwell connectivity, tracer recovery, injected water distribution, and swept pore volume for 2010 project.</caption>
<formatted-caption>
<caption-label>Figure</caption-label>
<caption-order>4</caption-order>
<caption-text>Interwell connectivity, tracer recovery, injected water distribution, and swept pore volume for 2010 project.</caption-text>
</formatted-caption>
</image-wrap>
</linkTarget>
</appendix>
</docFigure>
<docFigure pdf-page="8" figure-order="5" data-type-order="6">
<link href="link-5" type="image" />
<appendix>
<linkTarget id="link-5" type="image">
<anchoringText id="Ancr8">After approximately 2 months, no tracer was seen at any of the production wells. The tracer concentration was too low to be considered ‘Early Breakthrough’. In high permeability systems, if tracer breaks through quickly or early, it is expected to be at high concentrations due to the short residence time in the reservoir which minimizes the possibility of dilution. This could confirm that the 2010 data obtained in this well was a result of sample contamination. Fig 5 summarizes the results.</anchoringText>
<image-wrap id="102118177238MS-Img_SPi-5">
<label>Figure 5 </label>
<imageLink type="mediaResource" href="102118177238MS_i_5.tif" id="ImgLink-5" />
<caption>Main results for the 2014 project.</caption>
<formatted-caption>
<caption-label>Figure</caption-label>
<caption-order>5</caption-order>
<caption-text>Main results for the 2014 project.</caption-text>
</formatted-caption>
</image-wrap>
</linkTarget>
</appendix>
</docFigure>
<docFigure composite="true" composite-count="3" pdf-page="9" figure-order="6" data-type-order="8">
<link href="link-6" type="image" />
<appendix>
<linkTarget id="link-6" type="image">
<anchoringText id="Ancr9">Also, the high volumes of water production from well V-7’s suggested that, during the no sampling period (November 2011 to March 2014), the well continued to produce tracer in a decreasing trend. However, in the case of V-7/V-9, the 2014 concentration was higher than the values obtained in 2010; this suggests that the tracer continued to travel within the reservoir through different layers. Fig. 6 shows the data quality control for production well V-7.</anchoringText>
<image-wrap id="102118177238MS-Img_SPi-6">
<label>Figure 6 </label>
<imageLink type="mediaResource" href="102118177238MS_i_6.tif" id="ImgLink-6" />
<caption>Data quality control for production well V-7.</caption>
<formatted-caption>
<caption-label>Figure</caption-label>
<caption-order>6</caption-order>
<caption-text>Data quality control for production well V-7.</caption-text>
</formatted-caption>
</image-wrap>
<image-wrap id="102118177238MS-Img_SPi-6a">
<imageLink type="mediaResource" href="102118177238MS_i_6a.tif" id="ImgLink-6a" />
<figure-specific-caption>
<caption-order></caption-order>
<caption-text>V-7/V-5</caption-text>
</figure-specific-caption>
</image-wrap>
<image-wrap id="102118177238MS-Img_SPi-6b">
<imageLink type="mediaResource" href="102118177238MS_i_6b.tif" id="ImgLink-6b" />
<figure-specific-caption>
<caption-order></caption-order>
<caption-text>V-7/V-2</caption-text>
</figure-specific-caption>
</image-wrap>
<image-wrap id="102118177238MS-Img_SPi-6c">
<imageLink type="mediaResource" href="102118177238MS_i_6c.tif" id="ImgLink-6c" />
<figure-specific-caption>
<caption-order></caption-order>
<caption-text>V-7/V-9</caption-text>
</figure-specific-caption>
</image-wrap>
</linkTarget>
</appendix>
</docFigure>
<docFigure composite="true" composite-count="8" pdf-page="10" figure-order="7" data-type-order="9">
<link href="link-7" type="image" />
<appendix>
<linkTarget id="link-7" type="image">
<anchoringText id="Ancr10">In order to understand the behavior between V-7 and V-9, the tracer data were included in the dynamic simulation model and the response was similar to the real data (Fig. 7). The distance between V-7 and V-9 is 505 meters and the distance between V-17 and V-9 is 280 meters. The real data shows that V-9’s tracer (IWT-1700) arrived first to V-17 and continued to travel until it was produced in V-7. In addition, the tracer data were used for history match purposes identifying the flow barriers and inter well connections.</anchoringText>
<image-wrap id="102118177238MS-Img_SPi-7">
<label>Figure 7 </label>
<imageLink type="mediaResource" href="102118177238MS_i_7.tif" id="ImgLink-7" />
<caption>Simulation model for tracer movement in time.</caption>
<formatted-caption>
<caption-label>Figure</caption-label>
<caption-order>7</caption-order>
<caption-text>Simulation model for tracer movement in time.</caption-text>
</formatted-caption>
</image-wrap>
<image-wrap id="102118177238MS-Img_SPi-7a">
<imageLink type="mediaResource" href="102118177238MS_i_7a.tif" id="ImgLink-7a" />
</image-wrap>
<image-wrap id="102118177238MS-Img_SPi-7b">
<imageLink type="mediaResource" href="102118177238MS_i_7b.tif" id="ImgLink-7b" />
</image-wrap>
<image-wrap id="102118177238MS-Img_SPi-7c">
<imageLink type="mediaResource" href="102118177238MS_i_7c.tif" id="ImgLink-7c" />
</image-wrap>
<image-wrap id="102118177238MS-Img_SPi-7d">
<imageLink type="mediaResource" href="102118177238MS_i_7d.tif" id="ImgLink-7d" />
</image-wrap>
<image-wrap id="102118177238MS-Img_SPi-7e">
<imageLink type="mediaResource" href="102118177238MS_i_7e.tif" id="ImgLink-7e" />
</image-wrap>
<image-wrap id="102118177238MS-Img_SPi-7f">
<imageLink type="mediaResource" href="102118177238MS_i_7f.tif" id="ImgLink-7f" />
</image-wrap>
<image-wrap id="102118177238MS-Img_SPi-7g">
<imageLink type="mediaResource" href="102118177238MS_i_7g.tif" id="ImgLink-7g" />
</image-wrap>
<image-wrap id="102118177238MS-Img_SPi-7h">
<imageLink type="mediaResource" href="102118177238MS_i_7h.tif" id="ImgLink-7h" />
</image-wrap>
</linkTarget>
</appendix>
</docFigure>
<docFigure pdf-page="11" figure-order="8" data-type-order="10">
<link href="link-8" type="image" />
<appendix>
<linkTarget id="link-8" type="image">
<anchoringText id="Ancr11">Water sampling in surface tanks was performed to verify the recycling process. The results were as expected (Fig. 8), the 2010 tracers (V-5 – IWT 1100, V-2 – IWT 1200 and V-9 – IWT 1700) were found in the Villano skimmer and surge water tanks.</anchoringText>
<image-wrap id="102118177238MS-Img_SPi-8">
<label>Figure 8 </label>
<imageLink type="mediaResource" href="102118177238MS_i_8.tif" id="ImgLink-8" />
<caption>Surface water tank sampling.</caption>
<formatted-caption>
<caption-label>Figure</caption-label>
<caption-order>8</caption-order>
<caption-text>Surface water tank sampling.</caption-text>
</formatted-caption>
</image-wrap>
</linkTarget>
</appendix>
</docFigure>
<docFigure composite="true" composite-count="2" pdf-page="12" figure-order="9" data-type-order="12">
<link href="link-9" type="image" />
<appendix>
<linkTarget id="link-9" type="image">
<anchoringText id="Ancr12">A cubic spline is constructed inside third-order polynomials which pass through a set of data points. Spline interpolation is often used instead of polynomial interpolation as it is more precise even when using low degree polynomials for the spline. The rest of the tracers remain in the reservoir and could be stable without degradations for a long period of time as long as the temperature does not exceed 350°F. Fig. 9 shows the real and splined data for well pairs V-17/V-9 and V-7/V-5.</anchoringText>
<image-wrap id="102118177238MS-Img_SPi-9">
<label>Figure 9 </label>
<imageLink type="mediaResource" href="102118177238MS_i_9.tif" id="ImgLink-9" />
<caption>Volumetric analysis- Cubic splined data examples.</caption>
<formatted-caption>
<caption-label>Figure</caption-label>
<caption-order>9</caption-order>
<caption-text>Volumetric analysis- Cubic splined data examples.</caption-text>
</formatted-caption>
</image-wrap>
<image-wrap id="102118177238MS-Img_SPi-9a">
<imageLink type="mediaResource" href="102118177238MS_i_9a.tif" id="ImgLink-9a" />
<figure-specific-caption>
<caption-order></caption-order>
<caption-text>V-17/V-9</caption-text>
</figure-specific-caption>
</image-wrap>
<image-wrap id="102118177238MS-Img_SPi-9b">
<imageLink type="mediaResource" href="102118177238MS_i_9b.tif" id="ImgLink-9b" />
<figure-specific-caption>
<caption-order></caption-order>
<caption-text>V-7/V-5</caption-text>
</figure-specific-caption>
</image-wrap>
</linkTarget>
</appendix>
</docFigure>
<docFigure pdf-page="12" figure-order="10" data-type-order="13">
<link href="link-10" type="image" />
<appendix>
<linkTarget id="link-10" type="image">
<anchoringText id="Ancr13">The total chemical tracer recovered includes the 2010, 2014, and cubic splined volumes summarized as follows: V-12 (3.5%), V-9 (27.7%), V-5 (23.1%), and V-2 (56.8%). The results are shown in Fig. 10.</anchoringText>
<image-wrap id="102118177238MS-Img_SPi-10">
<label>Figure 10 </label>
<imageLink type="mediaResource" href="102118177238MS_i_10.tif" id="ImgLink-10" />
<caption>Total chemical tracer recovered vs injected.</caption>
<formatted-caption>
<caption-label>Figure</caption-label>
<caption-order>10</caption-order>
<caption-text>Total chemical tracer recovered vs injected.</caption-text>
</formatted-caption>
</image-wrap>
</linkTarget>
</appendix>
</docFigure>
<docFigure pdf-page="13" figure-order="11" data-type-order="14">
<link href="link-11" type="image" />
<appendix>
<linkTarget id="link-11" type="image">
<anchoringText id="Ancr14">After the WSO, sampling continued in V-17 in order to validate the operation. In March 2015, after 120 days (same amount of time that tracer breakthrough was detected in 2010), the tracer reported was 0 ppt. There were no tracers communicating from V-9 to V-17, which meant that the WSO was successful and that the tracer data was 100% reliable. The results are shown in Fig. 11.</anchoringText>
<image-wrap id="102118177238MS-Img_SPi-11">
<label>Figure 11 </label>
<imageLink type="mediaResource" href="102118177238MS_i_11.tif" id="ImgLink-11" />
<caption>Data quality control for V-17 (surveillance after WSO).</caption>
<formatted-caption>
<caption-label>Figure</caption-label>
<caption-order>11</caption-order>
<caption-text>Data quality control for V-17 (surveillance after WSO).</caption-text>
</formatted-caption>
</image-wrap>
</linkTarget>
</appendix>
</docFigure>
<docFigure pdf-page="13" figure-order="12" data-type-order="15">
<link href="link-12" type="image" />
<appendix>
<linkTarget id="link-12" type="image">
<anchoringText id="Ancr15">Traced well V-2 (re-injector) which had been injected into the pay zone during 2010 was converted into a producer well in 2014 allows to have water samples to monitoring the source of production water. The 2014 chemical tracers were used as a production log which identified the source of produced water for a future water shutoff intervention (Fig. 12).</anchoringText>
<image-wrap id="102118177238MS-Img_SPi-12">
<label>Figure 12 </label>
<imageLink type="mediaResource" href="102118177238MS_i_12.tif" id="ImgLink-12" />
<caption>V-2 water influx identification using chemical tracers.</caption>
<formatted-caption>
<caption-label>Figure</caption-label>
<caption-order>12</caption-order>
<caption-text>V-2 water influx identification using chemical tracers.</caption-text>
</formatted-caption>
</image-wrap>
</linkTarget>
</appendix>
</docFigure>
</docFigureList>
</docTables>