<?xml version="1.0" encoding="utf-8"?>
<docTables>
<docMetaData inputFile="102118177321MS.txt" extractionDate="2021-03-19T11:51:43Z">
<doi>10.2118/177321-MS</doi>
<pii>10.2118/177321-MS</pii>
<publisher>SPE_Society_of_Petroleum_Engineers</publisher>
</docMetaData>
<docFigureList>
<docFigure pdf-page="2" figure-order="1" data-type-order="1">
<link href="link-1" type="image" />
<appendix>
<linkTarget id="link-1" type="image">
<anchoringText id="Ancr7">In the Northeast natural gas market, prices are now at a discount to soak up production and ward off supply from other producing regions. Pricing points in the Northeast now trade at a discount to the benchmark Henry Hub prices (Figure 1).</anchoringText>
<image-wrap id="102118177321MS-Img_SPi-1">
<label>Figure 1 </label>
<imageLink type="mediaResource" href="102118177321MS_i_1.tif" id="ImgLink-1" />
<caption>Select Pricing Points in the Northeast: Dominion South and TCO Pool Basis Differentials. Source:  CME Group 2015  .</caption>
<formatted-caption>
<caption-label>Figure</caption-label>
<caption-order>1</caption-order>
<caption-text>Select Pricing Points in the Northeast: Dominion South and TCO Pool Basis Differentials. Source: <link href="BIB1"> CME Group 2015</link>  .</caption-text>
</formatted-caption>
</image-wrap>
</linkTarget>
<linkTarget id="link-32" type="bib">
<bib id="BIB1">
<journal-title>CME Group</journal-title>. <pubDate>2015</pubDate>. <i>Energy Products Home (6 July 2015), </i>http://www.cmegroup.com/trading/energy/ #naturalGas (accessed 6 July 2015).</bib>
</linkTarget>
</appendix>
</docFigure>
<docFigure pdf-page="3" figure-order="2" data-type-order="2">
<link href="link-2" type="image" />
<appendix>
<linkTarget id="link-2" type="image">
<anchoringText id="Ancr8">Nine pipeline projects came into service in 2014 totalling 3.4 Bcf/d of capacity. Another 35 pipeline projects, totaling 29.8 Bcf/d of capacity, are planned and slated to start service between 2015 and 2018 with the goal of providing the much-needed new takeaway capacity for Northeast producers to access demand markets outside the Northeast (Figure 2).</anchoringText>
<image-wrap id="102118177321MS-Img_SPi-2">
<label>Figure 2 </label>
<imageLink type="mediaResource" href="102118177321MS_i_2.tif" id="ImgLink-2" />
<caption>Dry Gas Takeaway Capacity Additions from the Northeast by Destination (Left Axis). Cumulative Additional Takeaway Capacity from the Northeast (Right Axis). Source: Range  Resources 2015  .</caption>
<formatted-caption>
<caption-label>Figure</caption-label>
<caption-order>2</caption-order>
<caption-text>Dry Gas Takeaway Capacity Additions from the Northeast by Destination (Left Axis). Cumulative Additional Takeaway Capacity from the Northeast (Right Axis). Source: Range <link href="BIB2"> Resources 2015</link>  .</caption-text>
</formatted-caption>
</image-wrap>
</linkTarget>
<linkTarget id="link-33" type="bib">
<bib id="BIB2">
<journal-title>Range Resources</journal-title>. <pubDate>2015</pubDate>. Company Presentations (17 June 2015),http://phx.corporate-ir.net/phoenix.zhtml?c_101196&amp;p_irol-presentations (accessed 3 July 2015).</bib>
</linkTarget>
</appendix>
</docFigure>
<docFigure pdf-page="5" figure-order="3" data-type-order="3">
<link href="link-3" type="image" />
<appendix>
<linkTarget id="link-3" type="image">
<anchoringText id="Ancr9">In this paper, type curves are established for geographic breakouts of the Marcellus and Utica, each consisting of four separate production areas. The Marcellus is divided into West Virginia, West Pennsylvania, North Pennsylvania, and South Pennsylvania. The Utica is divided into Dry Gas, Lean Condensate, Rich Condensate, and Oily. The production areas fall within the states of Pennsylvania, West Virginia, and Ohio. The geographic locations of the breakouts are provided in Figure 3.</anchoringText>
<image-wrap id="102118177321MS-Img_SPi-3">
<label>Figure 3 </label>
<imageLink type="mediaResource" href="102118177321MS_i_3.tif" id="ImgLink-3" />
<caption>Marcellus and Utica Production Areas</caption>
<formatted-caption>
<caption-label>Figure</caption-label>
<caption-order>3</caption-order>
<caption-text>Marcellus and Utica Production Areas</caption-text>
</formatted-caption>
</image-wrap>
</linkTarget>
</appendix>
</docFigure>
<docFigure pdf-page="6" figure-order="4" data-type-order="4">
<link href="link-4" type="image" />
<appendix>
<linkTarget id="link-4" type="image">
<anchoringText id="Ancr10">The prominent gas-producing areas used for comparison are the Fayetteville, Haynesville, Ft. Worth, Woodford, Piceance, Green River-Overthrust, and the Cana Woodford. In the Permian, the Midland and Delaware basins are considered. The Eagleville and Briscoe Ranch are the areas evaluated in the Eagle Ford. A geographical representation of these areas is provided in Figure 4.</anchoringText>
<image-wrap id="102118177321MS-Img_SPi-4">
<label>Figure 4 </label>
<imageLink type="mediaResource" href="102118177321MS_i_4.tif" id="ImgLink-4" />
<caption>Producing Areas Considered in Analysis.</caption>
<formatted-caption>
<caption-label>Figure</caption-label>
<caption-order>4</caption-order>
<caption-text>Producing Areas Considered in Analysis.</caption-text>
</formatted-caption>
</image-wrap>
</linkTarget>
</appendix>
</docFigure>
<docFigure pdf-page="9" figure-order="5" data-type-order="9">
<link href="link-5" type="image" />
<appendix>
<linkTarget id="link-5" type="image">
<anchoringText id="Ancr11">The natural gas type curves are visualized in Figure 5 and the crude oil type curves in Figure 6.</anchoringText>
<image-wrap id="102118177321MS-Img_SPi-5">
<label>Figure 5 </label>
<imageLink type="mediaResource" href="102118177321MS_i_5.tif" id="ImgLink-5" />
<caption>Marcellus Natural Gas Type Curves.</caption>
<formatted-caption>
<caption-label>Figure</caption-label>
<caption-order>5</caption-order>
<caption-text>Marcellus Natural Gas Type Curves.</caption-text>
</formatted-caption>
</image-wrap>
</linkTarget>
</appendix>
</docFigure>
<docFigure pdf-page="10" figure-order="6" data-type-order="10">
<link href="link-6" type="image" />
<appendix>
<linkTarget id="link-6" type="image">
<anchoringText id="Ancr12">The natural gas type curves are visualized in Figure 5 and the crude oil type curves in Figure 6.</anchoringText>
<image-wrap id="102118177321MS-Img_SPi-6">
<label>Figure 6 </label>
<imageLink type="mediaResource" href="102118177321MS_i_6.tif" id="ImgLink-6" />
<caption>Marcellus Oil Type Curves.</caption>
<formatted-caption>
<caption-label>Figure</caption-label>
<caption-order>6</caption-order>
<caption-text>Marcellus Oil Type Curves.</caption-text>
</formatted-caption>
</image-wrap>
</linkTarget>
</appendix>
</docFigure>
<docFigure pdf-page="11" figure-order="7" data-type-order="12">
<link href="link-7" type="image" />
<appendix>
<linkTarget id="link-7" type="image">
<anchoringText id="Ancr13">The natural gas type curves are visualized in Figure 7 and the crude oil type curves in Figure 8.</anchoringText>
<image-wrap id="102118177321MS-Img_SPi-7">
<label>Figure 7 </label>
<imageLink type="mediaResource" href="102118177321MS_i_7.tif" id="ImgLink-7" />
<caption>Utica Natural Gas Type Curves.</caption>
<formatted-caption>
<caption-label>Figure</caption-label>
<caption-order>7</caption-order>
<caption-text>Utica Natural Gas Type Curves.</caption-text>
</formatted-caption>
</image-wrap>
</linkTarget>
</appendix>
</docFigure>
<docFigure pdf-page="11" figure-order="8" data-type-order="13">
<link href="link-8" type="image" />
<appendix>
<linkTarget id="link-8" type="image">
<anchoringText id="Ancr14">The natural gas type curves are visualized in Figure 7 and the crude oil type curves in Figure 8.</anchoringText>
<image-wrap id="102118177321MS-Img_SPi-8">
<label>Figure 8 </label>
<imageLink type="mediaResource" href="102118177321MS_i_8.tif" id="ImgLink-8" />
<caption>Utica Oil Type Curves.</caption>
<formatted-caption>
<caption-label>Figure</caption-label>
<caption-order>8</caption-order>
<caption-text>Utica Oil Type Curves.</caption-text>
</formatted-caption>
</image-wrap>
</linkTarget>
</appendix>
</docFigure>
<docFigure pdf-page="12" figure-order="9" data-type-order="15">
<link href="link-9" type="image" />
<appendix>
<linkTarget id="link-9" type="image">
<anchoringText id="Ancr15">The natural gas type curves for the areas within the Permian and Eagle Ford are visualized in Figure 9. The natural gas type curves for the remaining areas are shown in Figure 10. The crude oil type curves for these areas are shown in Figure 1.</anchoringText>
<image-wrap id="102118177321MS-Img_SPi-9">
<label>Figure 9 </label>
<imageLink type="mediaResource" href="102118177321MS_i_9.tif" id="ImgLink-9" />
<caption>Permian and Eagle Ford Type Curves.</caption>
<formatted-caption>
<caption-label>Figure</caption-label>
<caption-order>9</caption-order>
<caption-text>Permian and Eagle Ford Type Curves.</caption-text>
</formatted-caption>
</image-wrap>
</linkTarget>
</appendix>
</docFigure>
<docFigure pdf-page="13" figure-order="10" data-type-order="16">
<link href="link-10" type="image" />
<appendix>
<linkTarget id="link-10" type="image">
<anchoringText id="Ancr16">The natural gas type curves for the remaining areas are shown in Figure 10. The crude oil type curves for these areas are shown in Figure 1. Due to the low IP rates and steep declines for many of the gas plays, the Green River-Overthrust, Piceance, Woodford, and Ft. Worth crude oil type curves have been omitted from Figure 10.</anchoringText>
<image-wrap id="102118177321MS-Img_SPi-10">
<label>Figure 10 </label>
<imageLink type="mediaResource" href="102118177321MS_i_10.tif" id="ImgLink-10" />
<caption>Natural Gas Type Curves for Other Considered Areas.</caption>
<formatted-caption>
<caption-label>Figure</caption-label>
<caption-order>10</caption-order>
<caption-text>Natural Gas Type Curves for Other Considered Areas.</caption-text>
</formatted-caption>
</image-wrap>
</linkTarget>
</appendix>
</docFigure>
<docFigure pdf-page="13" figure-order="11" data-type-order="17">
<link href="link-11" type="image" />
<appendix>
<linkTarget id="link-11" type="image">
<anchoringText id="Ancr17"> </anchoringText>
<image-wrap id="102118177321MS-Img_SPi-11">
<label>Figure 11 </label>
<imageLink type="mediaResource" href="102118177321MS_i_11.tif" id="ImgLink-11" />
<caption>Crude Oil Type Curves for Other Considered Areas.</caption>
<formatted-caption>
<caption-label>Figure</caption-label>
<caption-order>11</caption-order>
<caption-text>Crude Oil Type Curves for Other Considered Areas.</caption-text>
</formatted-caption>
</image-wrap>
</linkTarget>
</appendix>
</docFigure>
<docFigure pdf-page="14" figure-order="12" data-type-order="18">
<link href="link-12" type="image" />
<appendix>
<linkTarget id="link-12" type="image">
<anchoringText id="Ancr18">The Marcellus and Utica will realize growth in natural gas, crude oil, and NGLs moving forward. Gross natural gas production will reach 27.1 Bcf/d by 2020 (Figure 12). The bulk of gross natural gas production will come from the Marcellus, particularly the West Pennsylvania and West Virginia production areas.</anchoringText>
<image-wrap id="102118177321MS-Img_SPi-12">
<label>Figure 12 </label>
<imageLink type="mediaResource" href="102118177321MS_i_12.tif" id="ImgLink-12" />
<caption>Gross Natural Gas Production by Area.</caption>
<formatted-caption>
<caption-label>Figure</caption-label>
<caption-order>12</caption-order>
<caption-text>Gross Natural Gas Production by Area.</caption-text>
</formatted-caption>
</image-wrap>
</linkTarget>
</appendix>
</docFigure>
<docFigure pdf-page="15" figure-order="13" data-type-order="19">
<link href="link-13" type="image" />
<appendix>
<linkTarget id="link-13" type="image">
<anchoringText id="Ancr19">Associated crude oil production will continue to grow as drilling continues in the Northeast. The production is on track to reach almost 200 MBbl/d by 2020 (Figure 13). The majority of this crude oil can be classified as condensate. Refineries in the region will struggle to accommodate the growing volumes of light crude oil, as they are particularly tooled for heavier crude oil from Canada.</anchoringText>
<image-wrap id="102118177321MS-Img_SPi-13">
<label>Figure 13 </label>
<imageLink type="mediaResource" href="102118177321MS_i_13.tif" id="ImgLink-13" />
<caption>Crude Oil Production Forecast.</caption>
<formatted-caption>
<caption-label>Figure</caption-label>
<caption-order>13</caption-order>
<caption-text>Crude Oil Production Forecast.</caption-text>
</formatted-caption>
</image-wrap>
</linkTarget>
</appendix>
</docFigure>
<docFigure pdf-page="15" figure-order="14" data-type-order="20">
<link href="link-14" type="image" />
<appendix>
<linkTarget id="link-14" type="image">
<anchoringText id="Ancr20">NGL production growth will reach just shy of 550 MBbl/d by 2020 (Figure 14). This growth will require additional processing capacity in the Northeast and lead to more NGL pipelines being built to the coasts. The same forecast is also provided by product in Figure 15.</anchoringText>
<image-wrap id="102118177321MS-Img_SPi-14">
<label>Figure 14 </label>
<imageLink type="mediaResource" href="102118177321MS_i_14.tif" id="ImgLink-14" />
<caption>NGL Production by Area.</caption>
<formatted-caption>
<caption-label>Figure</caption-label>
<caption-order>14</caption-order>
<caption-text>NGL Production by Area.</caption-text>
</formatted-caption>
</image-wrap>
</linkTarget>
</appendix>
</docFigure>
<docFigure pdf-page="16" figure-order="15" data-type-order="21">
<link href="link-15" type="image" />
<appendix>
<linkTarget id="link-15" type="image">
<anchoringText id="Ancr21">NGL production growth will reach just shy of 550 MBbl/d by 2020 (Figure 14). This growth will require additional processing capacity in the Northeast and lead to more NGL pipelines being built to the coasts. The same forecast is also provided by product in Figure 15.</anchoringText>
<image-wrap id="102118177321MS-Img_SPi-15">
<label>Figure 15 </label>
<imageLink type="mediaResource" href="102118177321MS_i_15.tif" id="ImgLink-15" />
<caption>NGL Production by Product.</caption>
<formatted-caption>
<caption-label>Figure</caption-label>
<caption-order>15</caption-order>
<caption-text>NGL Production by Product.</caption-text>
</formatted-caption>
</image-wrap>
</linkTarget>
</appendix>
</docFigure>
<docFigure pdf-page="16" figure-order="16" data-type-order="22">
<link href="link-16" type="image" />
<appendix>
<linkTarget id="link-16" type="image">
<anchoringText id="Ancr22"> </anchoringText>
<image-wrap id="102118177321MS-Img_SPi-16">
<label>Figure 16 </label>
<imageLink type="mediaResource" href="102118177321MS_i_16.tif" id="ImgLink-16" />
<caption>Dry Natural Gas Production by Area.</caption>
<formatted-caption>
<caption-label>Figure</caption-label>
<caption-order>16</caption-order>
<caption-text>Dry Natural Gas Production by Area.</caption-text>
</formatted-caption>
</image-wrap>
</linkTarget>
</appendix>
</docFigure>
<docFigure pdf-page="17" figure-order="17" data-type-order="23">
<link href="link-17" type="image" />
<appendix>
<linkTarget id="link-17" type="image">
<anchoringText id="Ancr23">The Marcellus and Utica will continue to grow and contribute to the production of natural gas in the US. This is evident from the breakeven natural gas prices shown in Figures 17–20. These figures portray the necessary natural gas price to achieve different levels of return (WACC) at various crude oil prices. West Virginia, West Pennsylvania, and North Pennsylvania have the lowest breakeven natural gas prices of any play outside of the production areas that are producing gas at an associated capacity.</anchoringText>
<image-wrap id="102118177321MS-Img_SPi-17">
<label>Figure 17 </label>
<imageLink type="mediaResource" href="102118177321MS_i_17.tif" id="ImgLink-17" />
<caption>Breakeven Gas Prices at Various Crude Oil Prices. WACC of 0%.</caption>
<formatted-caption>
<caption-label>Figure</caption-label>
<caption-order>17</caption-order>
<caption-text>Breakeven Gas Prices at Various Crude Oil Prices. WACC of 0%.</caption-text>
</formatted-caption>
</image-wrap>
</linkTarget>
</appendix>
</docFigure>
<docFigure pdf-page="18" figure-order="18" data-type-order="24">
<link href="link-18" type="image" />
<appendix>
<linkTarget id="link-18" type="image">
<anchoringText id="Ancr24">The Marcellus and Utica will continue to grow and contribute to the production of natural gas in the US. This is evident from the breakeven natural gas prices shown in Figures 17–20. These figures portray the necessary natural gas price to achieve different levels of return (WACC) at various crude oil prices. West Virginia, West Pennsylvania, and North Pennsylvania have the lowest breakeven natural gas prices of any play outside of the production areas that are producing gas at an associated capacity.</anchoringText>
<image-wrap id="102118177321MS-Img_SPi-18">
<label>Figure 18 </label>
<imageLink type="mediaResource" href="102118177321MS_i_18.tif" id="ImgLink-18" />
<caption>Breakeven Gas Prices at Various Crude Oil Prices. WACC of 10%.</caption>
<formatted-caption>
<caption-label>Figure</caption-label>
<caption-order>18</caption-order>
<caption-text>Breakeven Gas Prices at Various Crude Oil Prices. WACC of 10%.</caption-text>
</formatted-caption>
</image-wrap>
</linkTarget>
</appendix>
</docFigure>
<docFigure pdf-page="18" figure-order="19" data-type-order="25">
<link href="link-19" type="image" />
<appendix>
<linkTarget id="link-19" type="image">
<anchoringText id="Ancr25">The Marcellus and Utica will continue to grow and contribute to the production of natural gas in the US. This is evident from the breakeven natural gas prices shown in Figures 17–20. These figures portray the necessary natural gas price to achieve different levels of return (WACC) at various crude oil prices. West Virginia, West Pennsylvania, and North Pennsylvania have the lowest breakeven natural gas prices of any play outside of the production areas that are producing gas at an associated capacity.</anchoringText>
<image-wrap id="102118177321MS-Img_SPi-19">
<label>Figure 19 </label>
<imageLink type="mediaResource" href="102118177321MS_i_19.tif" id="ImgLink-19" />
<caption>Breakeven Gas Prices at Various Crude Oil Prices. WACC of 15%.</caption>
<formatted-caption>
<caption-label>Figure</caption-label>
<caption-order>19</caption-order>
<caption-text>Breakeven Gas Prices at Various Crude Oil Prices. WACC of 15%.</caption-text>
</formatted-caption>
</image-wrap>
</linkTarget>
</appendix>
</docFigure>
<docFigure pdf-page="19" figure-order="20" data-type-order="26">
<link href="link-20" type="image" />
<appendix>
<linkTarget id="link-20" type="image">
<anchoringText id="Ancr26">The Marcellus and Utica will continue to grow and contribute to the production of natural gas in the US. This is evident from the breakeven natural gas prices shown in Figures 17–20. These figures portray the necessary natural gas price to achieve different levels of return (WACC) at various crude oil prices. West Virginia, West Pennsylvania, and North Pennsylvania have the lowest breakeven natural gas prices of any play outside of the production areas that are producing gas at an associated capacity.</anchoringText>
<image-wrap id="102118177321MS-Img_SPi-20">
<label>Figure 20 </label>
<imageLink type="mediaResource" href="102118177321MS_i_20.tif" id="ImgLink-20" />
<caption>Breakeven Gas Prices at Various Crude Oil Prices. WACC of 20%.</caption>
<formatted-caption>
<caption-label>Figure</caption-label>
<caption-order>20</caption-order>
<caption-text>Breakeven Gas Prices at Various Crude Oil Prices. WACC of 20%.</caption-text>
</formatted-caption>
</image-wrap>
</linkTarget>
</appendix>
</docFigure>
<docFigure pdf-page="20" figure-order="21" data-type-order="27">
<link href="link-21" type="image" />
<appendix>
<linkTarget id="link-21" type="image">
<anchoringText id="Ancr27">It boasts superior economics to all but the best of the oil-producing plays that can, depending on the price of crude oil, count natural gas as associated production in terms of their economics. Appendix A shows the breakeven crude oil prices for various basins considered in the analysis at various natural gas prices. Regardless of natural gas and crude oil price combinations, the Marcellus will continue to be at the top of the stack in terms of superior IRRs (Figures 21–27).</anchoringText>
<image-wrap id="102118177321MS-Img_SPi-21">
<label>Figure 21 </label>
<imageLink type="mediaResource" href="102118177321MS_i_21.tif" id="ImgLink-21" />
<caption>IRR at Various Crude Oil Prices. Gas Price of $2.00/MMBtu.</caption>
<formatted-caption>
<caption-label>Figure</caption-label>
<caption-order>21</caption-order>
<caption-text>IRR at Various Crude Oil Prices. Gas Price of $2.00/MMBtu.</caption-text>
</formatted-caption>
</image-wrap>
</linkTarget>
</appendix>
</docFigure>
<docFigure pdf-page="20" figure-order="22" data-type-order="28">
<link href="link-22" type="image" />
<appendix>
<linkTarget id="link-22" type="image">
<anchoringText id="Ancr28">It boasts superior economics to all but the best of the oil-producing plays that can, depending on the price of crude oil, count natural gas as associated production in terms of their economics. Appendix A shows the breakeven crude oil prices for various basins considered in the analysis at various natural gas prices. Regardless of natural gas and crude oil price combinations, the Marcellus will continue to be at the top of the stack in terms of superior IRRs (Figures 21–27).</anchoringText>
<image-wrap id="102118177321MS-Img_SPi-22">
<label>Figure 22 </label>
<imageLink type="mediaResource" href="102118177321MS_i_22.tif" id="ImgLink-22" />
<caption>IRR at Various Crude Oil Prices. Gas Price of $2.50/MMBtu.</caption>
<formatted-caption>
<caption-label>Figure</caption-label>
<caption-order>22</caption-order>
<caption-text>IRR at Various Crude Oil Prices. Gas Price of $2.50/MMBtu.</caption-text>
</formatted-caption>
</image-wrap>
</linkTarget>
</appendix>
</docFigure>
<docFigure pdf-page="21" figure-order="23" data-type-order="29">
<link href="link-23" type="image" />
<appendix>
<linkTarget id="link-23" type="image">
<anchoringText id="Ancr29">It boasts superior economics to all but the best of the oil-producing plays that can, depending on the price of crude oil, count natural gas as associated production in terms of their economics. Appendix A shows the breakeven crude oil prices for various basins considered in the analysis at various natural gas prices. Regardless of natural gas and crude oil price combinations, the Marcellus will continue to be at the top of the stack in terms of superior IRRs (Figures 21–27).</anchoringText>
<image-wrap id="102118177321MS-Img_SPi-23">
<label>Figure 23 </label>
<imageLink type="mediaResource" href="102118177321MS_i_23.tif" id="ImgLink-23" />
<caption>IRR at Various Crude Oil Prices. Gas Price of $3.00/MMBtu.</caption>
<formatted-caption>
<caption-label>Figure</caption-label>
<caption-order>23</caption-order>
<caption-text>IRR at Various Crude Oil Prices. Gas Price of $3.00/MMBtu.</caption-text>
</formatted-caption>
</image-wrap>
</linkTarget>
</appendix>
</docFigure>
<docFigure pdf-page="21" figure-order="24" data-type-order="30">
<link href="link-24" type="image" />
<appendix>
<linkTarget id="link-24" type="image">
<anchoringText id="Ancr30">It boasts superior economics to all but the best of the oil-producing plays that can, depending on the price of crude oil, count natural gas as associated production in terms of their economics. Appendix A shows the breakeven crude oil prices for various basins considered in the analysis at various natural gas prices. Regardless of natural gas and crude oil price combinations, the Marcellus will continue to be at the top of the stack in terms of superior IRRs (Figures 21–27).</anchoringText>
<image-wrap id="102118177321MS-Img_SPi-24">
<label>Figure 24 </label>
<imageLink type="mediaResource" href="102118177321MS_i_24.tif" id="ImgLink-24" />
<caption>IRR at Various Crude Oil Prices. Gas Price of $3.50/MMBtu.</caption>
<formatted-caption>
<caption-label>Figure</caption-label>
<caption-order>24</caption-order>
<caption-text>IRR at Various Crude Oil Prices. Gas Price of $3.50/MMBtu.</caption-text>
</formatted-caption>
</image-wrap>
</linkTarget>
</appendix>
</docFigure>
<docFigure pdf-page="22" figure-order="25" data-type-order="31">
<link href="link-25" type="image" />
<appendix>
<linkTarget id="link-25" type="image">
<anchoringText id="Ancr31">It boasts superior economics to all but the best of the oil-producing plays that can, depending on the price of crude oil, count natural gas as associated production in terms of their economics. Appendix A shows the breakeven crude oil prices for various basins considered in the analysis at various natural gas prices. Regardless of natural gas and crude oil price combinations, the Marcellus will continue to be at the top of the stack in terms of superior IRRs (Figures 21–27).</anchoringText>
<image-wrap id="102118177321MS-Img_SPi-25">
<label>Figure 25 </label>
<imageLink type="mediaResource" href="102118177321MS_i_25.tif" id="ImgLink-25" />
<caption>IRR at Various Crude Oil Prices. Gas Price of $4.00/MMBtu.</caption>
<formatted-caption>
<caption-label>Figure</caption-label>
<caption-order>25</caption-order>
<caption-text>IRR at Various Crude Oil Prices. Gas Price of $4.00/MMBtu.</caption-text>
</formatted-caption>
</image-wrap>
</linkTarget>
</appendix>
</docFigure>
<docFigure pdf-page="22" figure-order="26" data-type-order="32">
<link href="link-26" type="image" />
<appendix>
<linkTarget id="link-26" type="image">
<anchoringText id="Ancr32">It boasts superior economics to all but the best of the oil-producing plays that can, depending on the price of crude oil, count natural gas as associated production in terms of their economics. Appendix A shows the breakeven crude oil prices for various basins considered in the analysis at various natural gas prices. Regardless of natural gas and crude oil price combinations, the Marcellus will continue to be at the top of the stack in terms of superior IRRs (Figures 21–27).</anchoringText>
<image-wrap id="102118177321MS-Img_SPi-26">
<label>Figure 26 </label>
<imageLink type="mediaResource" href="102118177321MS_i_26.tif" id="ImgLink-26" />
<caption>IRR at Various Crude Oil Prices. Gas Price of $4.50/MMBtu.</caption>
<formatted-caption>
<caption-label>Figure</caption-label>
<caption-order>26</caption-order>
<caption-text>IRR at Various Crude Oil Prices. Gas Price of $4.50/MMBtu.</caption-text>
</formatted-caption>
</image-wrap>
</linkTarget>
</appendix>
</docFigure>
<docFigure pdf-page="23" figure-order="27" data-type-order="33">
<link href="link-27" type="image" />
<appendix>
<linkTarget id="link-27" type="image">
<anchoringText id="Ancr33">It boasts superior economics to all but the best of the oil-producing plays that can, depending on the price of crude oil, count natural gas as associated production in terms of their economics. Appendix A shows the breakeven crude oil prices for various basins considered in the analysis at various natural gas prices. Regardless of natural gas and crude oil price combinations, the Marcellus will continue to be at the top of the stack in terms of superior IRRs (Figures 21–27).</anchoringText>
<image-wrap id="102118177321MS-Img_SPi-27">
<label>Figure 27 </label>
<imageLink type="mediaResource" href="102118177321MS_i_27.tif" id="ImgLink-27" />
<caption>IRR at Various Crude Oil Prices. Gas Price of $5.00/MMBtu.</caption>
<formatted-caption>
<caption-label>Figure</caption-label>
<caption-order>27</caption-order>
<caption-text>IRR at Various Crude Oil Prices. Gas Price of $5.00/MMBtu.</caption-text>
</formatted-caption>
</image-wrap>
</linkTarget>
</appendix>
</docFigure>
<docFigure pdf-page="25" figure-order="28" data-type-order="34">
<link href="link-28" type="image" />
<appendix>
<linkTarget id="link-28" type="image">
<anchoringText id="Ancr34"> </anchoringText>
<image-wrap id="102118177321MS-Img_SPi-28">
<label>Figure 28 </label>
<imageLink type="mediaResource" href="102118177321MS_i_28.tif" id="ImgLink-28" />
<caption>Breakeven Crude Oil Prices for Production Areas with Economics Dominated by Crude Oil at Various Gas Prices. WACC of 0%.</caption>
<formatted-caption>
<caption-label>Figure</caption-label>
<caption-order>28</caption-order>
<caption-text>Breakeven Crude Oil Prices for Production Areas with Economics Dominated by Crude Oil at Various Gas Prices. WACC of 0%.</caption-text>
</formatted-caption>
</image-wrap>
</linkTarget>
</appendix>
</docFigure>
<docFigure pdf-page="25" figure-order="29" data-type-order="35">
<link href="link-29" type="image" />
<appendix>
<linkTarget id="link-29" type="image">
<anchoringText id="Ancr35"> </anchoringText>
<image-wrap id="102118177321MS-Img_SPi-29">
<label>Figure 29 </label>
<imageLink type="mediaResource" href="102118177321MS_i_29.tif" id="ImgLink-29" />
<caption>Breakeven Crude Oil Prices for Production Areas with Economics Dominated by Crude Oil at Various Gas Prices. WACC of 10%.</caption>
<formatted-caption>
<caption-label>Figure</caption-label>
<caption-order>29</caption-order>
<caption-text>Breakeven Crude Oil Prices for Production Areas with Economics Dominated by Crude Oil at Various Gas Prices. WACC of 10%.</caption-text>
</formatted-caption>
</image-wrap>
</linkTarget>
</appendix>
</docFigure>
<docFigure pdf-page="26" figure-order="30" data-type-order="36">
<link href="link-30" type="image" />
<appendix>
<linkTarget id="link-30" type="image">
<anchoringText id="Ancr36"> </anchoringText>
<image-wrap id="102118177321MS-Img_SPi-30">
<label>Figure 30 </label>
<imageLink type="mediaResource" href="102118177321MS_i_30.tif" id="ImgLink-30" />
<caption>Breakeven Crude Oil Prices for Production Areas with Economics Dominated by Crude Oil at Various Gas Prices. WACC of 15%.</caption>
<formatted-caption>
<caption-label>Figure</caption-label>
<caption-order>30</caption-order>
<caption-text>Breakeven Crude Oil Prices for Production Areas with Economics Dominated by Crude Oil at Various Gas Prices. WACC of 15%.</caption-text>
</formatted-caption>
</image-wrap>
</linkTarget>
</appendix>
</docFigure>
<docFigure pdf-page="26" figure-order="31" data-type-order="37">
<link href="link-31" type="image" />
<appendix>
<linkTarget id="link-31" type="image">
<anchoringText id="Ancr37"> </anchoringText>
<image-wrap id="102118177321MS-Img_SPi-31">
<label>Figure 31 </label>
<imageLink type="mediaResource" href="102118177321MS_i_31.tif" id="ImgLink-31" />
<caption>Breakeven Crude Oil Prices for Production Areas with Economics Dominated by Crude Oil at Various Gas Prices. WACC of 20%.</caption>
<formatted-caption>
<caption-label>Figure</caption-label>
<caption-order>31</caption-order>
<caption-text>Breakeven Crude Oil Prices for Production Areas with Economics Dominated by Crude Oil at Various Gas Prices. WACC of 20%.</caption-text>
</formatted-caption>
</image-wrap>
</linkTarget>
</appendix>
</docFigure>
</docFigureList>
</docTables>