<?xml version="1.0" encoding="utf-8"?>
<docTables>
<docMetaData inputFile="102118179584MS.txt" extractionDate="2021-03-22T16:39:35Z">
<doi>10.2118/179584-MS</doi>
<pii>10.2118/179584-MS</pii>
<publisher>SPE_Society_of_Petroleum_Engineers</publisher>
</docMetaData>
<docFigureList>
<docFigure pdf-page="4" figure-order="1" data-type-order="2">
<link href="link-1" type="image" />
<appendix>
<linkTarget id="link-1" type="image">
<anchoringText id="Ancr10">A sandpack flooding set-up was used in the experiments as shown in Figure 1. To evaluate the blocking capacity of foams, only formation water (salinity of 15,000 -30,000 mg/L) was saturated in the sandpack tubes. Pressure drops across the sandpack were measured during water and foam injection for FR against water flooding.</anchoringText>
<image-wrap id="102118179584MS-Img_SPi-1">
<label>Figure 1 </label>
<imageLink type="mediaResource" href="102118179584MS_i_1.tif" id="ImgLink-1" />
<caption>Experimental set-up for sandpack flooding experiments</caption>
<formatted-caption>
<caption-label>Figure</caption-label>
<caption-order>1</caption-order>
<caption-text>Experimental set-up for sandpack flooding experiments</caption-text>
</formatted-caption>
</image-wrap>
</linkTarget>
</appendix>
</docFigure>
<docFigure pdf-page="5" figure-order="2" data-type-order="6">
<link href="link-2" type="image" />
<appendix>
<linkTarget id="link-2" type="image">
<anchoringText id="Ancr11">The experimental results for water flooding and foam flooding at similar conditions are shown in Figure 2 and Figure 3. The data shows that the water cut during foam flooding was smaller than that of water flooding when the injected pore volume (PV) of fluid was less than 2 PV, which indicates that foam injection can effectively reduce the mobility of water and may extend the duration of water flooding.</anchoringText>
<image-wrap id="102118179584MS-Img_SPi-2">
<label>Figure 2 </label>
<imageLink type="mediaResource" href="102118179584MS_i_2.tif" id="ImgLink-2" />
<caption>The produced water cut versus injected fluid PV during water and foam flooding</caption>
<formatted-caption>
<caption-label>Figure</caption-label>
<caption-order>2</caption-order>
<caption-text>The produced water cut versus injected fluid PV during water and foam flooding</caption-text>
</formatted-caption>
</image-wrap>
</linkTarget>
</appendix>
</docFigure>
<docFigure pdf-page="6" figure-order="3" data-type-order="7">
<link href="link-3" type="image" />
<appendix>
<linkTarget id="link-3" type="image">
<anchoringText id="Ancr12">The experimental results for water flooding and foam flooding at similar conditions are shown in Figure 2 and Figure 3. The data shows that the water cut during foam flooding was smaller than that of water flooding when the injected pore volume (PV) of fluid was less than 2 PV, which indicates that foam injection can effectively reduce the mobility of water and may extend the duration of water flooding.</anchoringText>
<image-wrap id="102118179584MS-Img_SPi-3">
<label>Figure 3 </label>
<imageLink type="mediaResource" href="102118179584MS_i_3.tif" id="ImgLink-3" />
<caption>Oil recovery efficiency achieved during water and foam flooding experiments</caption>
<formatted-caption>
<caption-label>Figure</caption-label>
<caption-order>3</caption-order>
<caption-text>Oil recovery efficiency achieved during water and foam flooding experiments</caption-text>
</formatted-caption>
</image-wrap>
</linkTarget>
</appendix>
</docFigure>
<docFigure pdf-page="6" figure-order="4" data-type-order="8">
<link href="link-4" type="image" />
<appendix>
<linkTarget id="link-4" type="image">
<anchoringText id="Ancr13">Flooding experiments in three parallel tubes The schematic diagram of the three parallel tubes (sandpack) model is shown in Figure 4, which was used to simulate the effect of reservoir heterogeneity on water and foam flooding. The three tubes were packed with different sands and connected in parallel to simulate the interlayer heterogeneity of the real reservoir. The conformance control capability of foams can be tested in the experiments, and the experimental conditions is described in Table 5.</anchoringText>
<image-wrap id="102118179584MS-Img_SPi-4">
<label>Figure 4 </label>
<imageLink type="mediaResource" href="102118179584MS_i_4.tif" id="ImgLink-4" />
<caption>The schematic diagram of the three paralell sandpack tubes model</caption>
<formatted-caption>
<caption-label>Figure</caption-label>
<caption-order>4</caption-order>
<caption-text>The schematic diagram of the three paralell sandpack tubes model</caption-text>
</formatted-caption>
</image-wrap>
</linkTarget>
</appendix>
</docFigure>
<docFigure pdf-page="8" figure-order="5" data-type-order="11">
<link href="link-5" type="image" />
<appendix>
<linkTarget id="link-5" type="image">
<anchoringText id="Ancr14">The experimental results are shown in Figure 5, in which foams generated with FS-3 and Enhanced-V agent system are compared in terms of water cut, differential pressure and oil recovery efficiency for both cases. The data shown in the figure were accounted from the sums of the three tubes in total. It is notable that, for both cases, the water cut measured increased to around 95% after the first 3PVs of water injection, and then it started to decrease following the first 1PV foam injection.</anchoringText>
<image-wrap id="102118179584MS-Img_SPi-5">
<label>Figure 5 </label>
<imageLink type="mediaResource" href="102118179584MS_i_5.tif" id="ImgLink-5" />
<caption>The measurement of water cut, differential pressure and oil recovery efficiency versus fluid volume injected (PV) from the three tubes in total under different foam injection schemes</caption>
<formatted-caption>
<caption-label>Figure</caption-label>
<caption-order>5</caption-order>
<caption-text>The measurement of water cut, differential pressure and oil recovery efficiency versus fluid volume injected (PV) from the three tubes in total under different foam injection schemes</caption-text>
</formatted-caption>
</image-wrap>
</linkTarget>
</appendix>
</docFigure>
<docFigure pdf-page="8" figure-order="6" data-type-order="12">
<link href="link-6" type="image" />
<appendix>
<linkTarget id="link-6" type="image">
<anchoringText id="Ancr15">The oil recovery efficiency from the single tubes with different permeability in the experiments using two foam agents described above is shown in Figure 6.</anchoringText>
<image-wrap id="102118179584MS-Img_SPi-6">
<label>Figure 6 </label>
<imageLink type="mediaResource" href="102118179584MS_i_6.tif" id="ImgLink-6" />
<caption>Foam flooding experiment with the parallel sandpack tubes: oil recovery efficiency in the single tubes with different permeability under different foam flooding</caption>
<formatted-caption>
<caption-label>Figure</caption-label>
<caption-order>6</caption-order>
<caption-text>Foam flooding experiment with the parallel sandpack tubes: oil recovery efficiency in the single tubes with different permeability under different foam flooding</caption-text>
</formatted-caption>
</image-wrap>
</linkTarget>
</appendix>
</docFigure>
<docFigure pdf-page="9" figure-order="7" data-type-order="13">
<link href="link-7" type="image" />
<appendix>
<linkTarget id="link-7" type="image">
<anchoringText id="Ancr16">The data in Figure 6 shows that the oil recovery achieved via the Enhanced-V foam from the lower permeability sandpacks was significantly higher than that obtained from the high permeability sandpack, as it is summarized in Figure 7. Especially, the stable and enhanced foam is beneficial for viscous oils and reservoirs with high heterogeneity.</anchoringText>
<image-wrap id="102118179584MS-Img_SPi-7">
<label>Figure 7 </label>
<imageLink type="mediaResource" href="102118179584MS_i_7.tif" id="ImgLink-7" />
<caption>Comparisons of oil recovery efficiency from single tubes with different permeability via enhanced and non-enhanced foam flooding</caption>
<formatted-caption>
<caption-label>Figure</caption-label>
<caption-order>7</caption-order>
<caption-text>Comparisons of oil recovery efficiency from single tubes with different permeability via enhanced and non-enhanced foam flooding</caption-text>
</formatted-caption>
</image-wrap>
</linkTarget>
</appendix>
</docFigure>
<docFigure pdf-page="10" figure-order="8" data-type-order="15">
<link href="link-8" type="image" />
<appendix>
<linkTarget id="link-8" type="image">
<anchoringText id="Ancr17">The measured differential pressures across the three tubes are shown in Figure 8. The data displays that, during the foam injection, the differential pressure increased steadily in the cases with gas/liquid ratio of 1:1, 2:1 and 3:1, and the highest was achieved when the gas/liquid ratio was 1:1, indicating that the most stable foam can be formed when the gas/liquid ratio was 1:1.</anchoringText>
<image-wrap id="102118179584MS-Img_SPi-8">
<label>Figure 8 </label>
<imageLink type="mediaResource" href="102118179584MS_i_8.tif" id="ImgLink-8" />
<caption>The measured differential pressure across the tubes under different gas/liquid ratios during water and Enhanced-V foam injection</caption>
<formatted-caption>
<caption-label>Figure</caption-label>
<caption-order>8</caption-order>
<caption-text>The measured differential pressure across the tubes under different gas/liquid ratios during water and Enhanced-V foam injection</caption-text>
</formatted-caption>
</image-wrap>
</linkTarget>
</appendix>
</docFigure>
<docFigure pdf-page="10" figure-order="9" data-type-order="16">
<link href="link-9" type="image" />
<appendix>
<linkTarget id="link-9" type="image">
<anchoringText id="Ancr18">Similar trend was observed in terms of total oil recovery efficiency, in which the highest was obtained under the gas/liquid ratio of 1:1, as shown in Figure 9. It is also interesting to note that the increased oil recovery, as shown in Figure 10 for oil recovery achieved from the single tubes separately, was mainly from the sandpack tubes with low permeability, which indicates that stable foams or enhanced foams are beneficial and necessary for reservoirs with high heterogeneity.</anchoringText>
<image-wrap id="102118179584MS-Img_SPi-9">
<label>Figure 9 </label>
<imageLink type="mediaResource" href="102118179584MS_i_9.tif" id="ImgLink-9" />
<caption>Oil recovery efficiency achieved from the three tubes in total under different gas/liquid ratios after water and Enhanced-V foam flooding</caption>
<formatted-caption>
<caption-label>Figure</caption-label>
<caption-order>9</caption-order>
<caption-text>Oil recovery efficiency achieved from the three tubes in total under different gas/liquid ratios after water and Enhanced-V foam flooding</caption-text>
</formatted-caption>
</image-wrap>
</linkTarget>
</appendix>
</docFigure>
<docFigure pdf-page="11" figure-order="10" data-type-order="17">
<link href="link-10" type="image" />
<appendix>
<linkTarget id="link-10" type="image">
<anchoringText id="Ancr19">Similar trend was observed in terms of total oil recovery efficiency, in which the highest was obtained under the gas/liquid ratio of 1:1, as shown in Figure 9. It is also interesting to note that the increased oil recovery, as shown in Figure 10 for oil recovery achieved from the single tubes separately, was mainly from the sandpack tubes with low permeability, which indicates that stable foams or enhanced foams are beneficial and necessary for reservoirs with high heterogeneity.</anchoringText>
<image-wrap id="102118179584MS-Img_SPi-10">
<label>Figure 10 </label>
<imageLink type="mediaResource" href="102118179584MS_i_10.tif" id="ImgLink-10" />
<caption>Oil recovery efficiency obtained in single tubes after water alternating foam flooding under different gas/liquid ratios</caption>
<formatted-caption>
<caption-label>Figure</caption-label>
<caption-order>10</caption-order>
<caption-text>Oil recovery efficiency obtained in single tubes after water alternating foam flooding under different gas/liquid ratios</caption-text>
</formatted-caption>
</image-wrap>
</linkTarget>
</appendix>
</docFigure>
<docFigure pdf-page="11" figure-order="11" data-type-order="18">
<link href="link-11" type="image" />
<appendix>
<linkTarget id="link-11" type="image">
<anchoringText id="Ancr20">The SZ field pilot of foam injection involved 2 injection wells (wells F17 and F26 marked in blue as shown in Figure 11) and 13 oil production wells (marked in red and yellow in the central box of Figure 11). The detailed field operation has been described elsewhere (Xu et al., 2014; Ma et al., 2013). Before the implementation of nitrogen foam injection, the average water cut was over 68%, and the oil recovery factor was less than 15%. As described above, the performance of water flooding was poor due to the problem of interlayer heterogeneity.</anchoringText>
<image-wrap id="102118179584MS-Img_SPi-11">
<label>Figure 11 </label>
<imageLink type="mediaResource" href="102118179584MS_i_11.tif" id="ImgLink-11" />
<caption>Well pattern of the pilot testing region</caption>
<formatted-caption>
<caption-label>Figure</caption-label>
<caption-order>11</caption-order>
<caption-text>Well pattern of the pilot testing region</caption-text>
</formatted-caption>
</image-wrap>
</linkTarget>
</appendix>
</docFigure>
</docFigureList>
</docTables>