<?xml version="1.0" encoding="utf-8"?>
<docTables>
<docMetaData inputFile="102118178484MS.txt" extractionDate="2021-03-19T14:39:42Z">
<doi>10.2118/178484-MS</doi>
<pii>10.2118/178484-MS</pii>
<publisher>SPE_Society_of_Petroleum_Engineers</publisher>
</docMetaData>
<docFigureList>
<docFigure pdf-page="2" figure-order="1" data-type-order="1">
<link href="link-1" type="image" />
<appendix>
<linkTarget id="link-1" type="image">
<anchoringText id="Ancr2">Three different oil water contacts (POWC) were logged during the production life. This is as a result of two saddles which separate the structure into three highs (Figure 1). This has led to three distinct accumulations (sectors) with the same connected acquifer. The reservoir in case 2 from a different field is one which has intra-reservoir shales that segregated the reservoir into three distinct geological units as captured in the Petrophysical Data Log (PDL) (Figure 12). The fluid in the shallowest unit is gas. Oil is in the middle unit and water in the deepest unit.</anchoringText>
<image-wrap id="102118178484MS-Img_SPi-1">
<label>Figure 1 </label>
<imageLink type="mediaResource" href="102118178484MS_i_1.tif" id="ImgLink-1" />
<caption>Top Struture map (Case 1)</caption>
<formatted-caption>
<caption-label>Figure</caption-label>
<caption-order>1</caption-order>
<caption-text>Top Struture map (Case 1)</caption-text>
</formatted-caption>
</image-wrap>
</linkTarget>
</appendix>
</docFigure>
<docFigure pdf-page="4" figure-order="2" data-type-order="2">
<link href="link-2" type="image" />
<appendix>
<linkTarget id="link-2" type="image">
<anchoringText id="Ancr3">The multi-tank models provided the contact variation in the geological units for both cases. This is captured in the cross section (Figure 2) for case 1 which shows that the central and eastern sectors have different POWCs. This provided a more robust analysis for the perforation optimization (water shut-off) for both cases as captured in the petrophysical data logs through the wells of interest (Figures 9 and 12)</anchoringText>
<image-wrap id="102118178484MS-Img_SPi-2">
<label>Figure 2 </label>
<imageLink type="mediaResource" href="102118178484MS_i_2.tif" id="ImgLink-2" />
<caption>Cross Section through Reservoir (Case 1)</caption>
<formatted-caption>
<caption-label>Figure</caption-label>
<caption-order>2</caption-order>
<caption-text>Cross Section through Reservoir (Case 1)</caption-text>
</formatted-caption>
</image-wrap>
</linkTarget>
</appendix>
</docFigure>
<docFigure pdf-page="4" figure-order="3" data-type-order="3">
<link href="link-3" type="image" />
<appendix>
<linkTarget id="link-3" type="image">
<anchoringText id="Ancr4">The MBAL plots in figures 3 &amp; 4 capture the workflow for the central and eastern sectors (accumulations) in case 1; while figure 13 captures that for case 2. The MBAL model was calibrated with available Carbon-Oxygen (C/O) log data and subsequently used to predict contact movement for the reservoirs. The calibration shows a good match between the C/O log data and the models as seen in figures 5, 6 and 14. There is a good match between the simulated and historical pressure trends as seen in figures 7, 8 and 15.</anchoringText>
<image-wrap id="102118178484MS-Img_SPi-3">
<label>Figure 3 </label>
<imageLink type="mediaResource" href="102118178484MS_i_3.tif" id="ImgLink-3" />
<caption>Central Sector MBAL Model plots (Case 1)</caption>
<formatted-caption>
<caption-label>Figure</caption-label>
<caption-order>3</caption-order>
<caption-text>Central Sector MBAL Model plots (Case 1)</caption-text>
</formatted-caption>
</image-wrap>
</linkTarget>
</appendix>
</docFigure>
<docFigure pdf-page="5" figure-order="4" data-type-order="4">
<link href="link-4" type="image" />
<appendix>
<linkTarget id="link-4" type="image">
<anchoringText id="Ancr5">The MBAL plots in figures 3 &amp; 4 capture the workflow for the central and eastern sectors (accumulations) in case 1; while figure 13 captures that for case 2. The MBAL model was calibrated with available Carbon-Oxygen (C/O) log data and subsequently used to predict contact movement for the reservoirs. The calibration shows a good match between the C/O log data and the models as seen in figures 5, 6 and 14. There is a good match between the simulated and historical pressure trends as seen in figures 7, 8 and 15.</anchoringText>
<image-wrap id="102118178484MS-Img_SPi-4">
<label>Figure 4 </label>
<imageLink type="mediaResource" href="102118178484MS_i_4.tif" id="ImgLink-4" />
<caption>Eastern Sector MBAL Model plots (Case 1)</caption>
<formatted-caption>
<caption-label>Figure</caption-label>
<caption-order>4</caption-order>
<caption-text>Eastern Sector MBAL Model plots (Case 1)</caption-text>
</formatted-caption>
</image-wrap>
</linkTarget>
</appendix>
</docFigure>
<docFigure pdf-page="5" figure-order="5" data-type-order="5">
<link href="link-5" type="image" />
<appendix>
<linkTarget id="link-5" type="image">
<anchoringText id="Ancr6">The MBAL plots in figures 3 &amp; 4 capture the workflow for the central and eastern sectors (accumulations) in case 1; while figure 13 captures that for case 2. The MBAL model was calibrated with available Carbon-Oxygen (C/O) log data and subsequently used to predict contact movement for the reservoirs. The calibration shows a good match between the C/O log data and the models as seen in figures 5, 6 and 14. There is a good match between the simulated and historical pressure trends as seen in figures 7, 8 and 15.</anchoringText>
<image-wrap id="102118178484MS-Img_SPi-5">
<label>Figure 5 </label>
<imageLink type="mediaResource" href="102118178484MS_i_5.tif" id="ImgLink-5" />
<caption>Central Sector MBAL Contact Match (Case 1)</caption>
<formatted-caption>
<caption-label>Figure</caption-label>
<caption-order>5</caption-order>
<caption-text>Central Sector MBAL Contact Match (Case 1)</caption-text>
</formatted-caption>
</image-wrap>
</linkTarget>
</appendix>
</docFigure>
<docFigure pdf-page="5" figure-order="6" data-type-order="6">
<link href="link-6" type="image" />
<appendix>
<linkTarget id="link-6" type="image">
<anchoringText id="Ancr7">The MBAL plots in figures 3 &amp; 4 capture the workflow for the central and eastern sectors (accumulations) in case 1; while figure 13 captures that for case 2. The MBAL model was calibrated with available Carbon-Oxygen (C/O) log data and subsequently used to predict contact movement for the reservoirs. The calibration shows a good match between the C/O log data and the models as seen in figures 5, 6 and 14. There is a good match between the simulated and historical pressure trends as seen in figures 7, 8 and 15.</anchoringText>
<image-wrap id="102118178484MS-Img_SPi-6">
<label>Figure 6 </label>
<imageLink type="mediaResource" href="102118178484MS_i_6.tif" id="ImgLink-6" />
<caption>Eastern Sector MBAL Contact Match (Case 1)</caption>
<formatted-caption>
<caption-label>Figure</caption-label>
<caption-order>6</caption-order>
<caption-text>Eastern Sector MBAL Contact Match (Case 1)</caption-text>
</formatted-caption>
</image-wrap>
</linkTarget>
</appendix>
</docFigure>
<docFigure pdf-page="5" figure-order="7" data-type-order="7">
<link href="link-7" type="image" />
<appendix>
<linkTarget id="link-7" type="image">
<anchoringText id="Ancr8">A similar approach was taken to obtain the transmissibility for the case 2 scenario. This is one which links the gas and oil single tanks which are connected to a central aquifer. Figures 7, 8 and 15 show good pressure history matches for both scenarios reflecting good transmissibilities obtained and used in the models.</anchoringText>
<image-wrap id="102118178484MS-Img_SPi-7">
<label>Figure 7 </label>
<imageLink type="mediaResource" href="102118178484MS_i_7.tif" id="ImgLink-7" />
<caption>Central Sector MBAL pressure history match (Case 1)</caption>
<formatted-caption>
<caption-label>Figure</caption-label>
<caption-order>7</caption-order>
<caption-text>Central Sector MBAL pressure history match (Case 1)</caption-text>
</formatted-caption>
</image-wrap>
</linkTarget>
</appendix>
</docFigure>
<docFigure pdf-page="6" figure-order="8" data-type-order="8">
<link href="link-8" type="image" />
<appendix>
<linkTarget id="link-8" type="image">
<anchoringText id="Ancr9">A similar approach was taken to obtain the transmissibility for the case 2 scenario. This is one which links the gas and oil single tanks which are connected to a central aquifer. Figures 7, 8 and 15 show good pressure history matches for both scenarios reflecting good transmissibilities obtained and used in the models.</anchoringText>
<image-wrap id="102118178484MS-Img_SPi-8">
<label>Figure 8 </label>
<imageLink type="mediaResource" href="102118178484MS_i_8.tif" id="ImgLink-8" />
<caption>Eastern Sector MBAL pressure history match (Case 1)</caption>
<formatted-caption>
<caption-label>Figure</caption-label>
<caption-order>8</caption-order>
<caption-text>Eastern Sector MBAL pressure history match (Case 1)</caption-text>
</formatted-caption>
</image-wrap>
</linkTarget>
</appendix>
</docFigure>
<docFigure pdf-page="7" figure-order="9" data-type-order="10">
<link href="link-9" type="image" />
<appendix>
<linkTarget id="link-9" type="image">
<anchoringText id="Ancr10">The multi-tank models provided the contact variation in the geological units for both cases. This is captured in the cross section (Figure 2) for case 1 which shows that the central and eastern sectors have different POWCs. This provided a more robust analysis for the perforation optimization (water shut-off) for both cases as captured in the petrophysical data logs through the wells of interest (Figures 9 and 12)</anchoringText>
<image-wrap id="102118178484MS-Img_SPi-9">
<label>Figure 9 </label>
<imageLink type="mediaResource" href="102118178484MS_i_9.tif" id="ImgLink-9" />
<caption>Petrophysical Data Log (Case 1)</caption>
<formatted-caption>
<caption-label>Figure</caption-label>
<caption-order>9</caption-order>
<caption-text>Petrophysical Data Log (Case 1)</caption-text>
</formatted-caption>
</image-wrap>
</linkTarget>
</appendix>
</docFigure>
<docFigure pdf-page="7" figure-order="10" data-type-order="11">
<link href="link-10" type="image" />
<appendix>
<linkTarget id="link-10" type="image">
<anchoringText id="Ancr11"> </anchoringText>
<image-wrap id="102118178484MS-Img_SPi-10">
<label>Figure 10 </label>
<imageLink type="mediaResource" href="102118178484MS_i_10.tif" id="ImgLink-10" />
<caption>Top Struture map (Case 2)</caption>
<formatted-caption>
<caption-label>Figure</caption-label>
<caption-order>10</caption-order>
<caption-text>Top Struture map (Case 2)</caption-text>
</formatted-caption>
</image-wrap>
</linkTarget>
</appendix>
</docFigure>
<docFigure pdf-page="7" figure-order="11" data-type-order="12">
<link href="link-11" type="image" />
<appendix>
<linkTarget id="link-11" type="image">
<anchoringText id="Ancr12"> </anchoringText>
<image-wrap id="102118178484MS-Img_SPi-11">
<label>Figure 11 </label>
<imageLink type="mediaResource" href="102118178484MS_i_11.tif" id="ImgLink-11" />
<caption>Correlation Panel (Case 2)</caption>
<formatted-caption>
<caption-label>Figure</caption-label>
<caption-order>11</caption-order>
<caption-text>Correlation Panel (Case 2)</caption-text>
</formatted-caption>
</image-wrap>
</linkTarget>
</appendix>
</docFigure>
<docFigure pdf-page="8" figure-order="12" data-type-order="13">
<link href="link-12" type="image" />
<appendix>
<linkTarget id="link-12" type="image">
<anchoringText id="Ancr13">Three different oil water contacts (POWC) were logged during the production life. This is as a result of two saddles which separate the structure into three highs (Figure 1). This has led to three distinct accumulations (sectors) with the same connected acquifer. The reservoir in case 2 from a different field is one which has intra-reservoir shales that segregated the reservoir into three distinct geological units as captured in the Petrophysical Data Log (PDL) (Figure 12). The fluid in the shallowest unit is gas. Oil is in the middle unit and water in the deepest unit.</anchoringText>
<image-wrap id="102118178484MS-Img_SPi-12">
<label>Figure 12 </label>
<imageLink type="mediaResource" href="102118178484MS_i_12.tif" id="ImgLink-12" />
<caption>Petrophysical Data Log (Case 2)</caption>
<formatted-caption>
<caption-label>Figure</caption-label>
<caption-order>12</caption-order>
<caption-text>Petrophysical Data Log (Case 2)</caption-text>
</formatted-caption>
</image-wrap>
</linkTarget>
</appendix>
</docFigure>
<docFigure pdf-page="8" figure-order="13" data-type-order="14">
<link href="link-13" type="image" />
<appendix>
<linkTarget id="link-13" type="image">
<anchoringText id="Ancr14">The MBAL plots in figures 3 &amp; 4 capture the workflow for the central and eastern sectors (accumulations) in case 1; while figure 13 captures that for case 2. The MBAL model was calibrated with available Carbon-Oxygen (C/O) log data and subsequently used to predict contact movement for the reservoirs. The calibration shows a good match between the C/O log data and the models as seen in figures 5, 6 and 14. There is a good match between the simulated and historical pressure trends as seen in figures 7, 8 and 15.</anchoringText>
<image-wrap id="102118178484MS-Img_SPi-13">
<label>Figure 13 </label>
<imageLink type="mediaResource" href="102118178484MS_i_13.tif" id="ImgLink-13" />
<caption>MBAL Model plots (Case 2)</caption>
<formatted-caption>
<caption-label>Figure</caption-label>
<caption-order>13</caption-order>
<caption-text>MBAL Model plots (Case 2)</caption-text>
</formatted-caption>
</image-wrap>
</linkTarget>
</appendix>
</docFigure>
<docFigure pdf-page="8" figure-order="14" data-type-order="15">
<link href="link-14" type="image" />
<appendix>
<linkTarget id="link-14" type="image">
<anchoringText id="Ancr15">The MBAL plots in figures 3 &amp; 4 capture the workflow for the central and eastern sectors (accumulations) in case 1; while figure 13 captures that for case 2. The MBAL model was calibrated with available Carbon-Oxygen (C/O) log data and subsequently used to predict contact movement for the reservoirs. The calibration shows a good match between the C/O log data and the models as seen in figures 5, 6 and 14. There is a good match between the simulated and historical pressure trends as seen in figures 7, 8 and 15.</anchoringText>
<image-wrap id="102118178484MS-Img_SPi-14">
<label>Figure 14 </label>
<imageLink type="mediaResource" href="102118178484MS_i_14.tif" id="ImgLink-14" />
<caption>MBAL Contact Match (Case 2)</caption>
<formatted-caption>
<caption-label>Figure</caption-label>
<caption-order>14</caption-order>
<caption-text>MBAL Contact Match (Case 2)</caption-text>
</formatted-caption>
</image-wrap>
</linkTarget>
</appendix>
</docFigure>
<docFigure pdf-page="9" figure-order="15" data-type-order="16">
<link href="link-15" type="image" />
<appendix>
<linkTarget id="link-15" type="image">
<anchoringText id="Ancr16">A similar approach was taken to obtain the transmissibility for the case 2 scenario. This is one which links the gas and oil single tanks which are connected to a central aquifer. Figures 7, 8 and 15 show good pressure history matches for both scenarios reflecting good transmissibilities obtained and used in the models.</anchoringText>
<image-wrap id="102118178484MS-Img_SPi-15">
<label>Figure 15 </label>
<imageLink type="mediaResource" href="102118178484MS_i_15.tif" id="ImgLink-15" />
<caption>MBAL pressure history match (Case 2)</caption>
<formatted-caption>
<caption-label>Figure</caption-label>
<caption-order>15</caption-order>
<caption-text>MBAL pressure history match (Case 2)</caption-text>
</formatted-caption>
</image-wrap>
</linkTarget>
</appendix>
</docFigure>
</docFigureList>
</docTables>