<?xml version="1.0" encoding="utf-8"?>
<docTables>
<docMetaData inputFile="102118177116MS.txt" extractionDate="2021-03-22T20:03:41Z">
<doi>10.2118/177116-MS</doi>
<pii>10.2118/177116-MS</pii>
<publisher>SPE_Society_of_Petroleum_Engineers</publisher>
</docMetaData>
<docFigureList>
<docFigure pdf-page="2" figure-order="1" data-type-order="1">
<link href="link-1" type="image" />
<appendix>
<linkTarget id="link-1" type="image">
<anchoringText id="Ancr6">The BACH-01 reservoir is located on the eastern shore of Lake Maracaibo 120 km southeast of the city of Maracaibo. This is one reservoir of heavy oil largest, of the offshore field Bolívar, in western Venezuela, (Figure 1). The reservoir is OOIP 6,621 MMSTB, with a current recovery factor of 16.2%, 12 ° API, viscosity between 700-1200 cps and a depth of 3000 feet at Datum, average reservoir properties can be seen in Table 1 and 2.</anchoringText>
<image-wrap id="102118177116MS-Img_SPi-1">
<label>Figure 1 </label>
<imageLink type="mediaResource" href="102118177116MS_i_1.tif" id="ImgLink-1" />
<caption>Location Geographic BACH-01 Reservoir</caption>
<formatted-caption>
<caption-label>Figure</caption-label>
<caption-order>1</caption-order>
<caption-text>Location Geographic BACH-01 Reservoir</caption-text>
</formatted-caption>
</image-wrap>
</linkTarget>
</appendix>
</docFigure>
<docFigure pdf-page="3" figure-order="2" data-type-order="4">
<link href="link-2" type="image" />
<appendix>
<linkTarget id="link-2" type="image">
<anchoringText id="Ancr7">Stratigraphically the reservoir is comprised of Miocene sediments (Member Bachaquero, Fm Lagunillas) with thicknesses averages 750 feet, the product of a prograde sedimentation domain fluvial-deltaic, being divided into 8 informal intervals (AP, H, G, F, E, D, C, AB), who have marked differences in thickness, quality of rock facies and fluid distribution structurally is formed by a homoclinal failed southwest 2-4 ° (Figure 2).</anchoringText>
<image-wrap id="102118177116MS-Img_SPi-2">
<label>Figure 2 </label>
<imageLink type="mediaResource" href="102118177116MS_i_2.tif" id="ImgLink-2" />
<caption>Model log to Fm. Lagunillas</caption>
<formatted-caption>
<caption-label>Figure</caption-label>
<caption-order>2</caption-order>
<caption-text>Model log to Fm. Lagunillas</caption-text>
</formatted-caption>
</image-wrap>
</linkTarget>
</appendix>
</docFigure>
<docFigure pdf-page="4" figure-order="3" data-type-order="5">
<link href="link-3" type="image" />
<appendix>
<linkTarget id="link-3" type="image">
<anchoringText id="Ancr8">Continuity and prospectivity of the sands to the full extent of the reservoir area was evaluated to obtain the plot A-230 as the best area (Figure 3), for the implementation of CSS+Gas project. The largest reserves are associated with the upper sands (sand AP) and in this particular area just these sands are developed, just as it recovering reserves has been through the completion of horizontal wells with very good results after It is stimulated by steam.</anchoringText>
<image-wrap id="102118177116MS-Img_SPi-3">
<label>Figure 3 </label>
<imageLink type="mediaResource" href="102118177116MS_i_3.tif" id="ImgLink-3" />
<caption>Location A-230</caption>
<formatted-caption>
<caption-label>Figure</caption-label>
<caption-order>3</caption-order>
<caption-text>Location A-230</caption-text>
</formatted-caption>
</image-wrap>
</linkTarget>
</appendix>
</docFigure>
<docFigure pdf-page="5" figure-order="4" data-type-order="6">
<link href="link-4" type="image" />
<appendix>
<linkTarget id="link-4" type="image">
<anchoringText id="Ancr9">For the behavior of production in the area A-230, they were taken into account all data recurente wells until Jun-2015, where the matching production came to that date, likewise predicting production was performed without drilling, and without steam stimulation of wells in the area for a 20 years period (Jun-2035), see Figure 4.</anchoringText>
<image-wrap id="102118177116MS-Img_SPi-4">
<label>Figure 4 </label>
<imageLink type="mediaResource" href="102118177116MS_i_4.tif" id="ImgLink-4" />
<caption>Behavior of production and prediction A-230 until Jun-2035</caption>
<formatted-caption>
<caption-label>Figure</caption-label>
<caption-order>4</caption-order>
<caption-text>Behavior of production and prediction A-230 until Jun-2035</caption-text>
</formatted-caption>
</image-wrap>
</linkTarget>
</appendix>
</docFigure>
<docFigure pdf-page="5" figure-order="5" data-type-order="7">
<link href="link-5" type="image" />
<appendix>
<linkTarget id="link-5" type="image">
<anchoringText id="Ancr10">The study area (A-230), has a 567 MMSTB OOIP and recoverable reserves of 90.82MMSB. For Jun-2015 has a production rate 4.58MSTB/D, with a GOR 25.3stcf/stb, 11% WC and oil cumulative 52.81MMstb, with total of 137 wells and 53 active. The simulation grid consists 28×31×19 blocks X, Y, Z respectively with 16,492 total cells see Figure 5</anchoringText>
<image-wrap id="102118177116MS-Img_SPi-5">
<label>Figure 5 </label>
<imageLink type="mediaResource" href="102118177116MS_i_5.tif" id="ImgLink-5" />
<caption>Simulation Mesh A-230</caption>
<formatted-caption>
<caption-label>Figure</caption-label>
<caption-order>5</caption-order>
<caption-text>Simulation Mesh A-230</caption-text>
</formatted-caption>
</image-wrap>
</linkTarget>
</appendix>
</docFigure>
<docFigure pdf-page="6" figure-order="6" data-type-order="8">
<link href="link-6" type="image" />
<appendix>
<linkTarget id="link-6" type="image">
<anchoringText id="Ancr11">For the case study was selected the area north-west of the plot A-230, where there is a group of horizontal wells (10 wells) completed in the upper sand AP, the wells are arranged almost in parallel form with respect each other, with a horizontal section of 1,000ft and a spacing of 150 mts. Most of these wells have a first CSS as regards their productive lives it is referent, which makes them candidates for this recovery method, having to his credit a pre-heated area, see Figure 5 and 6.</anchoringText>
<image-wrap id="102118177116MS-Img_SPi-6">
<label>Figure 6 </label>
<imageLink type="mediaResource" href="102118177116MS_i_6.tif" id="ImgLink-6" />
<caption>Simulation Mesh interest area of A230</caption>
<formatted-caption>
<caption-label>Figure</caption-label>
<caption-order>6</caption-order>
<caption-text>Simulation Mesh interest area of A230</caption-text>
</formatted-caption>
</image-wrap>
</linkTarget>
</appendix>
</docFigure>
<docFigure pdf-page="6" figure-order="7" data-type-order="9">
<link href="link-7" type="image" />
<appendix>
<linkTarget id="link-7" type="image">
<anchoringText id="Ancr12">The results can be viewed in Figure 7, where it is possible to obtain a cumulative oil of 4.543 MMSTB for the group of horizontal wells in the study area.</anchoringText>
<image-wrap id="102118177116MS-Img_SPi-7">
<label>Figure 7 </label>
<imageLink type="mediaResource" href="102118177116MS_i_7.tif" id="ImgLink-7" />
<caption>Behavior oil production well group LL_NH_A230 Case Bse</caption>
<formatted-caption>
<caption-label>Figure</caption-label>
<caption-order>7</caption-order>
<caption-text>Behavior oil production well group LL_NH_A230 Case Bse</caption-text>
</formatted-caption>
</image-wrap>
</linkTarget>
</appendix>
</docFigure>
<docFigure pdf-page="7" figure-order="8" data-type-order="11">
<link href="link-8" type="image" />
<appendix>
<linkTarget id="link-8" type="image">
<anchoringText id="Ancr13">The results can be viewed in Figure 8, where it is possible to obtain a cumulative oil of 6.645 MMSTB for the group of horizontal wells in the study area.</anchoringText>
<image-wrap id="102118177116MS-Img_SPi-8">
<label>Figure 8 </label>
<imageLink type="mediaResource" href="102118177116MS_i_8.tif" id="ImgLink-8" />
<caption>Behavior oil production well group LL_NH_A230 comparing injection CB_CSS</caption>
<formatted-caption>
<caption-label>Figure</caption-label>
<caption-order>8</caption-order>
<caption-text>Behavior oil production well group LL_NH_A230 comparing injection CB_CSS</caption-text>
</formatted-caption>
</image-wrap>
</linkTarget>
</appendix>
</docFigure>
<docFigure pdf-page="8" figure-order="9" data-type-order="13">
<link href="link-9" type="image" />
<appendix>
<linkTarget id="link-9" type="image">
<anchoringText id="Ancr14">The gas injection rate is taken as the optimum condition volume to inject, because in the reservoir has the experience of others work earlier carried out in other areas. The results can be seen in Figure 9, obtaining a cumulative oil of 7.584 MMSTB, for the group of horizontal wells in the area of studio, just as daily production rates increase markedly for each cycle.</anchoringText>
<image-wrap id="102118177116MS-Img_SPi-9">
<label>Figure 9 </label>
<imageLink type="mediaResource" href="102118177116MS_i_9.tif" id="ImgLink-9" />
<caption>Behavior oil production comparing injection CB_CSS and CSS+Gas</caption>
<formatted-caption>
<caption-label>Figure</caption-label>
<caption-order>9</caption-order>
<caption-text>Behavior oil production comparing injection CB_CSS and CSS+Gas</caption-text>
</formatted-caption>
</image-wrap>
</linkTarget>
</appendix>
</docFigure>
<docFigure composite="true" composite-count="2" pdf-page="9" figure-order="10" data-type-order="15">
<link href="link-10" type="image" />
<appendix>
<linkTarget id="link-10" type="image">
<anchoringText id="Ancr15"> </anchoringText>
<image-wrap id="102118177116MS-Img_SPi-10">
<label>Figure 10 </label>
<imageLink type="mediaResource" href="102118177116MS_i_10.tif" id="ImgLink-10" />
<caption>Change oil saturation over time (3D Section A230 BACH-O1 Reservoir 2034-12-01 Oil Saturation Case CSS, 3D Section A230 BACH-O1 Reservoir 2034-12-01 Oil Saturation Case CSS+Gas)</caption>
<formatted-caption>
<caption-label>Figure</caption-label>
<caption-order>10</caption-order>
<caption-text>Change oil saturation over time (3D Section A230 BACH-O1 Reservoir 2034-12-01 Oil Saturation Case CSS, 3D Section A230 BACH-O1 Reservoir 2034-12-01 Oil Saturation Case CSS+Gas)</caption-text>
</formatted-caption>
</image-wrap>
<image-wrap id="102118177116MS-Img_SPi-10a">
<imageLink type="mediaResource" href="102118177116MS_i_10a.tif" id="ImgLink-10a" />
</image-wrap>
<image-wrap id="102118177116MS-Img_SPi-10b">
<imageLink type="mediaResource" href="102118177116MS_i_10b.tif" id="ImgLink-10b" />
</image-wrap>
</linkTarget>
</appendix>
</docFigure>
<docFigure composite="true" composite-count="6" pdf-page="9" figure-order="11" data-type-order="16">
<link href="link-11" type="image" />
<appendix>
<linkTarget id="link-11" type="image">
<anchoringText id="Ancr16">In Figure 11 you can see the behavior of production wells, which showed the best results achieved in the different scenarios (CB, CSS, and CSS+Gas). In each production performance of each well the initial production rate for the CSS+Gas is greatly increased compared to CSS, this is due to the volume of gas injected in each well which makes this type of behavior is present and therefore allows production accumulated for each cycle are higher in each well.</anchoringText>
<image-wrap id="102118177116MS-Img_SPi-11">
<label>Figure 11 </label>
<imageLink type="mediaResource" href="102118177116MS_i_11.tif" id="ImgLink-11" />
<caption>Behavior oil production comparing injection CB_CSS and CSS+Gas in each wells of area interest (Well LL_3929_NH, Well LL_3941_NH, Well LL_3955_NH, Well LL_3978_NH, Well LL_4001_NH, Well LL_4026_NH)</caption>
<formatted-caption>
<caption-label>Figure</caption-label>
<caption-order>11</caption-order>
<caption-text>Behavior oil production comparing injection CB_CSS and CSS+Gas in each wells of area interest (Well LL_3929_NH, Well LL_3941_NH, Well LL_3955_NH, Well LL_3978_NH, Well LL_4001_NH, Well LL_4026_NH)</caption-text>
</formatted-caption>
</image-wrap>
<image-wrap id="102118177116MS-Img_SPi-11a">
<imageLink type="mediaResource" href="102118177116MS_i_11a.tif" id="ImgLink-11a" />
</image-wrap>
<image-wrap id="102118177116MS-Img_SPi-11b">
<imageLink type="mediaResource" href="102118177116MS_i_11b.tif" id="ImgLink-11b" />
</image-wrap>
<image-wrap id="102118177116MS-Img_SPi-11c">
<imageLink type="mediaResource" href="102118177116MS_i_11c.tif" id="ImgLink-11c" />
</image-wrap>
<image-wrap id="102118177116MS-Img_SPi-11d">
<imageLink type="mediaResource" href="102118177116MS_i_11d.tif" id="ImgLink-11d" />
</image-wrap>
<image-wrap id="102118177116MS-Img_SPi-11e">
<imageLink type="mediaResource" href="102118177116MS_i_11e.tif" id="ImgLink-11e" />
</image-wrap>
<image-wrap id="102118177116MS-Img_SPi-11f">
<imageLink type="mediaResource" href="102118177116MS_i_11f.tif" id="ImgLink-11f" />
</image-wrap>
</linkTarget>
</appendix>
</docFigure>
<docFigure pdf-page="10" figure-order="12" data-type-order="17">
<link href="link-12" type="image" />
<appendix>
<linkTarget id="link-12" type="image">
<anchoringText id="Ancr17">The effects of gas injection during the soak time of well, after being stimulated with steam can be appreciated in the steam chamber expansion and reduction in viscosity in the horizontal section of the well. In Figure 12 and 13 are shown as such effects occur in the last part of horizontal section of the well.</anchoringText>
<image-wrap id="102118177116MS-Img_SPi-12">
<label>Figure 12 </label>
<imageLink type="mediaResource" href="102118177116MS_i_12.tif" id="ImgLink-12" />
<caption>Viscosity and Volume steam Chamber in horizontal sect. well LL_3941 CSS+Gas</caption>
<formatted-caption>
<caption-label>Figure</caption-label>
<caption-order>12</caption-order>
<caption-text>Viscosity and Volume steam Chamber in horizontal sect. well LL_3941 CSS+Gas</caption-text>
</formatted-caption>
</image-wrap>
</linkTarget>
</appendix>
</docFigure>
<docFigure pdf-page="10" figure-order="13" data-type-order="18">
<link href="link-13" type="image" />
<appendix>
<linkTarget id="link-13" type="image">
<anchoringText id="Ancr18">The effects of gas injection during the soak time of well, after being stimulated with steam can be appreciated in the steam chamber expansion and reduction in viscosity in the horizontal section of the well. In Figure 12 and 13 are shown as such effects occur in the last part of horizontal section of the well.</anchoringText>
<image-wrap id="102118177116MS-Img_SPi-13">
<label>Figure 13 </label>
<imageLink type="mediaResource" href="102118177116MS_i_13.tif" id="ImgLink-13" />
<caption>Viscosity and Volume steam Chamber in horizontal sect. well LL_3981 CSS+Gas</caption>
<formatted-caption>
<caption-label>Figure</caption-label>
<caption-order>13</caption-order>
<caption-text>Viscosity and Volume steam Chamber in horizontal sect. well LL_3981 CSS+Gas</caption-text>
</formatted-caption>
</image-wrap>
</linkTarget>
</appendix>
</docFigure>
</docFigureList>
</docTables>