<?xml version="1.0" encoding="utf-8"?>
<docTables>
<docMetaData inputFile="102118178358MS.txt" extractionDate="2021-03-19T18:41:12Z">
<doi>10.2118/178358-MS</doi>
<pii>10.2118/178358-MS</pii>
<publisher>SPE_Society_of_Petroleum_Engineers</publisher>
</docMetaData>
<docTableList>
<docTable pdf-page="11" table-order="1" data-type-order="11">
<table-wrap id="102118178358MS-tblwrp-1" content-type="structured">
<anchoringText id="Ancr1">Figs. 12–14 are the pressure-derivative plots for different PFO tests performed on Inj-1. For ease of analysis, we consider different intervals of injection volume (time). A close examination would reveal that the responses differ over time. More important, there are clear indications of fracturing and damage. From these responses, well, reservoir and fracture characteristics have been established, with relevant results summarised in Table 1. To understand the range of uncertainties in fracture length, the dynamic-fracture model was used to re-analyse the two periods characterised by either half-unit or quarter-unit slope, thereby providing a basis to compare the static and dynamic fracture models.</anchoringText>
<label>Table 1</label>
<caption>Summary of PFO results for Inj-1</caption>
<formatted-caption>
<caption-label>Table</caption-label>
<caption-order>1</caption-order>
<caption-text>Summary of PFO results for Inj-1</caption-text>
</formatted-caption>
<table id="102118178358MS-Tbl_SPi-1" frame="hsides">
<thead>
<tr>
<th valign="top" align="center">Elapsed time (days)</th>
<th valign="top" align="center">Cumulative injection (MMbb)</th>
<th valign="top" align="center">Rate (kbwpd)</th>
<th valign="top" align="center">
<i>kh </i>(D.ft)</th>
<th valign="top" align="center">Skin</th>
<th valign="top" align="center">Storage coefficient (bbl/psi)</th>
<th valign="top" align="center">Staticfracture length (ft)</th>
<th valign="top" align="center">Dynamic fracture length (ft)</th>
<th valign="top" align="center">Qualitative indication of fracturing?</th>
</tr>
</thead>
<tbody>
<tr>
<td valign="top" align="center">15</td>
<td valign="top" align="center">0.63</td>
<td valign="top" align="center">44</td>
<td valign="top" align="center">136</td>
<td valign="top" align="center">-4.6</td>
<td valign="top" align="center">0.379</td>
<td valign="top" align="center">86</td>
<td valign="top" align="center">62</td>
<td valign="top" align="center">Yes</td>
</tr>
<tr>
<td valign="top" align="center">16</td>
<td valign="top" align="center">0.69</td>
<td valign="top" align="center">45</td>
<td valign="top" align="center">117</td>
<td valign="top" align="center">16.6</td>
<td valign="top" align="center">0.022</td>
<td valign="top" align="center">-</td>
<td valign="top" align="center">-</td>
<td valign="top" align="center">Yes</td>
</tr>
<tr>
<td valign="top" align="center">18</td>
<td valign="top" align="center">0.77</td>
<td valign="top" align="center">45</td>
<td valign="top" align="center">121</td>
<td valign="top" align="center">23.8</td>
<td valign="top" align="center">0.014</td>
<td valign="top" align="center">-</td>
<td valign="top" align="center">-</td>
<td valign="top" align="center">Yes</td>
</tr>
<tr>
<td valign="top" align="center">22</td>
<td valign="top" align="center">0.94</td>
<td valign="top" align="center">45</td>
<td valign="top" align="center">136</td>
<td valign="top" align="center">-5.4</td>
<td valign="top" align="center">0.804</td>
<td valign="top" align="center">172</td>
<td valign="top" align="center">84</td>
<td valign="top" align="center">Yes</td>
</tr>
<tr>
<td valign="top" align="center">63</td>
<td valign="top" align="center">2.51</td>
<td valign="top" align="center">45</td>
<td valign="top" align="center">106</td>
<td valign="top" align="center">16.1</td>
<td valign="top" align="center">0.095</td>
<td valign="top" align="center">-</td>
<td valign="top" align="center">-</td>
<td valign="top" align="center">Yes</td>
</tr>
<tr>
<td valign="top" align="center">124</td>
<td valign="top" align="center">4.94</td>
<td valign="top" align="center">41</td>
<td valign="top" align="center">98.9</td>
<td valign="top" align="center">32.2</td>
<td valign="top" align="center">0.055</td>
<td valign="top" align="center">-</td>
<td valign="top" align="center">-</td>
<td valign="top" align="center">Yes</td>
</tr>
<tr>
<td valign="top" align="center">127</td>
<td valign="top" align="center">4.95</td>
<td valign="top" align="center">41</td>
<td valign="top" align="center">89.9</td>
<td valign="top" align="center">30.3</td>
<td valign="top" align="center">0.103</td>
<td valign="top" align="center">-</td>
<td valign="top" align="center">-</td>
<td valign="top" align="center">Yes</td>
</tr>
<tr>
<td valign="top" align="center">155</td>
<td valign="top" align="center">6.20</td>
<td valign="top" align="center">48</td>
<td valign="top" align="center">102</td>
<td valign="top" align="center">5.3</td>
<td valign="top" align="center">0.256</td>
<td valign="top" align="center">-</td>
<td valign="top" align="center">-</td>
<td valign="top" align="center">Yes</td>
</tr>
<tr>
<td valign="top" align="center">157</td>
<td valign="top" align="center">6.25</td>
<td valign="top" align="center">47</td>
<td valign="top" align="center">98</td>
<td valign="top" align="center">1.3</td>
<td valign="top" align="center">0.055</td>
<td valign="top" align="center">-</td>
<td valign="top" align="center">-</td>
<td valign="top" align="center">Yes</td>
</tr>
<tr>
<td valign="top" align="center">161</td>
<td valign="top" align="center">6.39</td>
<td valign="top" align="center">47</td>
<td valign="top" align="center">137</td>
<td valign="top" align="center">0</td>
<td valign="top" align="center">0.125</td>
<td valign="top" align="center">-</td>
<td valign="top" align="center">-</td>
<td valign="top" align="center">Yes</td>
</tr>
</tbody>
</table>
</table-wrap>
<appendix />
</docTable>
</docTableList>
</docTables>