<?xml version="1.0" encoding="utf-8"?>
<docTables>
<docMetaData inputFile="102118178484MS.txt" extractionDate="2021-03-19T14:39:42Z">
<doi>10.2118/178484-MS</doi>
<pii>10.2118/178484-MS</pii>
<publisher>SPE_Society_of_Petroleum_Engineers</publisher>
</docMetaData>
<docTableList>
<docTable pdf-page="6" table-order="1" data-type-order="9">
<table-wrap id="102118178484MS-tblwrp-1" content-type="structured">
<anchoringText id="Ancr1">The evaluated reserves were compared with those obtained from Decline Curve Analysis (DCA) as shown in table 1 for wells currently producing. The results show good comparison with the alternative method.</anchoringText>
<label>Table 1</label>
<caption>Central Sector Producing Wells Comparison</caption>
<formatted-caption>
<caption-label>Table</caption-label>
<caption-order>1</caption-order>
<caption-text>Central Sector Producing Wells Comparison</caption-text>
</formatted-caption>
<table id="102118178484MS-Tbl_SPi-1" frame="hsides">
<thead>
<tr>
<th colspan="3" valign="top" align="center">Producing Wells Comparison (Case 1)</th>
</tr>
<tr>
<th valign="top" align="center">Well No</th>
<th valign="top" align="center">MBAL UR (MMstb)</th>
<th valign="top" align="center">DCA UR (MMstb)</th>
</tr>
</thead>
<tbody>
<tr>
<td valign="top" align="left">AA1</td>
<td valign="top" align="center">5.41</td>
<td valign="top" align="center">5.45</td>
</tr>
<tr>
<td valign="top" align="left">AA2</td>
<td valign="top" align="center">6.33</td>
<td valign="top" align="center">6.63</td>
</tr>
<tr>
<td valign="top" align="left">AA3</td>
<td valign="top" align="center">4.80</td>
<td valign="top" align="center">4.49</td>
</tr>
<tr>
<td valign="top" align="left">AA4</td>
<td valign="top" align="center">2.29</td>
<td valign="top" align="center">2.14</td>
</tr>
<tr>
<td valign="top" align="left">AA5</td>
<td valign="top" align="center">1.71</td>
<td valign="top" align="center">1.59</td>
</tr>
<tr>
<td valign="top" align="left">AA6</td>
<td valign="top" align="center">1.77</td>
<td valign="top" align="center">1.70</td>
</tr>
</tbody>
</table>
</table-wrap>
<appendix />
</docTable>
</docTableList>
</docTables>