<?xml version="1.0" encoding="utf-8"?>
<docTables>
<docMetaData inputFile="102118176950MS.txt" extractionDate="2021-03-22T10:44:08Z">
<doi>10.2118/176950-MS</doi>
<pii>10.2118/176950-MS</pii>
<publisher>SPE_Society_of_Petroleum_Engineers</publisher>
</docMetaData>
<docFigureList>
<docFigure composite="true" composite-count="2" pdf-page="2" figure-order="1" data-type-order="1">
<link href="link-1" type="image" />
<appendix>
<linkTarget id="link-1" type="image">
<anchoringText id="Ancr1">In 2012, natural gas accounted for more than 20% of the global primary energy mix (IEA, 2014). Most long-range forecasts expect its share of the primary energy mix to continue to rise (IEA, 2014; EIA, 2015; BP, 2015). Today, natural gas is recovered from conventional reservoirs – in isolation or dissolved in oil – and from unconventional reservoirs, in which buoyancy forces are insufficient to make the gas flow, and intervention is required to produce hydrocarbons to the surface. But natural gas can also be found in gas-hydrate accumulations (figure 1).</anchoringText>
<image-wrap id="102118176950MS-Img_SPi-1">
<label>Figure 1 </label>
<imageLink type="mediaResource" href="102118176950MS_i_1.tif" id="ImgLink-1" />
<caption>Schematic geology of natural gas resources (modified from Boswell et al., 2014; and McCarthy et al., 2011). Note: figure not drawn to scale</caption>
<formatted-caption>
<caption-label>Figure</caption-label>
<caption-order>1</caption-order>
<caption-text>Schematic geology of natural gas resources (modified from <link href="BIB1">Boswell et al., 2014</link>; and McCarthy et al., 2011). Note: figure not drawn to scale</caption-text>
</formatted-caption>
</image-wrap>
<image-wrap id="102118176950MS-Img_SPi-1a">
<imageLink type="mediaResource" href="102118176950MS_i_1a.tif" id="ImgLink-1a" />
</image-wrap>
<image-wrap id="102118176950MS-Img_SPi-1b">
<imageLink type="mediaResource" href="102118176950MS_i_1b.tif" id="ImgLink-1b" />
</image-wrap>
</linkTarget>
<linkTarget id="link-8" type="bib">
<bib id="BIB1">
<label>Boswell, 2014</label>
<author>
<first-name>R.</first-name>
<last-name>Boswell</last-name>
</author>
<pubDate>2014</pubDate>. <article-title>Developments in Marine Gas Hydrate Exploration</article-title>. Offshore Technology Conference. http://dx.doi.org/10.4043/25192-MS.</bib>
</linkTarget>
</appendix>
</docFigure>
<docFigure pdf-page="3" figure-order="2" data-type-order="2">
<link href="link-2" type="image" />
<appendix>
<linkTarget id="link-2" type="image">
<anchoringText id="Ancr2">This is primarily because of the high permeability and porosity of these formations, which enable high concentrations of gas hydrates to form, and facilitate recovery (Boswell et al., 2014). By contrast, both academics and corporate players have lost interest in producing from gas-hydrate resources in disseminated, low concentration clay-dominated sediments, or from sparse, small and randomly occurring seafloor mounds. Even though clay-rich deposits account for the bulk of gas-hydrate resources (Figure 1 and 2), they would require wholly different approaches to production and are as different to sand-hosted hydrates as shale gas is to conventional gas (Boswell et al., 2011a).</anchoringText>
<image-wrap id="102118176950MS-Img_SPi-2">
<label>Figure 2 </label>
<imageLink type="mediaResource" href="102118176950MS_i_2.tif" id="ImgLink-2" />
<caption>Gas-hydrate resources and estimated gas-in-place in hydrate-bearing sand: HEI and IIASA estimates in tcm (modified from Boswell et al., 2008; and Johnson, 2011). Note: <sup>1</sup>Consolidated host sediments are not shown here since they are believe to host negligible quantities of hydrates; <sup>2</sup>Technically recoverable resources are a subset of the gas-in-place in marine and Arctic sands sediments; <sup>3</sup>Definitive seafloor mound resources are unknown</caption>
<formatted-caption>
<caption-label>Figure</caption-label>
<caption-order>2</caption-order>
<caption-text>Gas-hydrate resources and estimated gas-in-place in hydrate-bearing sand: HEI and IIASA estimates in tcm (modified from Boswell et al., 2008; and <link href="BIB2">Johnson, 2011</link>). Note: <sup>1</sup>Consolidated host sediments are not shown here since they are believe to host negligible quantities of hydrates; <sup>2</sup>Technically recoverable resources are a subset of the gas-in-place in marine and Arctic sands sediments; <sup>3</sup>Definitive seafloor mound resources are unknown</caption-text>
</formatted-caption>
</image-wrap>
</linkTarget>
<linkTarget id="link-9" type="bib">
<bib id="BIB2">
<label>Johnson, 2011</label>
<author>
<first-name>A.</first-name>
<last-name>Johnson</last-name>
</author>
<pubDate>2011</pubDate>. <article-title>Global Resource Potential of Gas Hydrate - A New Calculation </article-title>. <journal-title>
<i>Fire In The Ice</i>
</journal-title>, <volume>11</volume>
<issue>(2)</issue>, <pages>
<first-page>1</first-page>
<last-page>4</last-page>
</pages>.</bib>
</linkTarget>
</appendix>
</docFigure>
<docFigure pdf-page="5" figure-order="3" data-type-order="3">
<link href="link-3" type="image" />
<appendix>
<linkTarget id="link-3" type="image">
<anchoringText id="Ancr3">Contrary to common belief, exploration is not a major hurdle in the development of gas-hydrate resources (Figure 3). Thanks to a better understanding of the properties of gas hydrates and their responses to seismic and electromagnetic signals (made possible largely by additional field data from drilling campaigns), conventional technologies, with minor modifications, have proved effective in identifying and characterizing gas-hydrate deposits.</anchoringText>
<image-wrap id="102118176950MS-Img_SPi-3">
<label>Figure 3 </label>
<imageLink type="mediaResource" href="102118176950MS_i_3.tif" id="ImgLink-3" />
<caption>Gas-hydrate technology maturity curve (based on SBC-EI survey, 2015). Note: <sup>1</sup>While some technologies may be widely deployed in the conventional oil and gas industry, most are not mature in the context of gas hydrates. For example, while core recovery is common practice in the oil and gas industry, coring technologies have had to be adapted to enable gas-hydrate coring, and no pressure corer has yet reached a commercial state; <sup>2</sup>Addressing issues relating to operations, e.g. number and type of wells, and size of drilling vessels; <sup>3</sup>Controlled-Source Electromagnetic Methods; <sup>4</sup>Lab work / theoretical research; <sup>5</sup>Bench-scale; <sup>6</sup>Pilot-scale; <sup>7</sup>Proved commercial-scale process, with optimization work in progress; <sup>8</sup>Commercial-scale, widely deployed, with limited optimization potential</caption>
<formatted-caption>
<caption-label>Figure</caption-label>
<caption-order>3</caption-order>
<caption-text>Gas-hydrate technology maturity curve (based on <link href="BIB3">SBC-EI survey, 2015</link>). Note: <sup>1</sup>While some technologies may be widely deployed in the conventional oil and gas industry, most are not mature in the context of gas hydrates. For example, while core recovery is common practice in the oil and gas industry, coring technologies have had to be adapted to enable gas-hydrate coring, and no pressure corer has yet reached a commercial state; <sup>2</sup>Addressing issues relating to operations, e.g. number and type of wells, and size of drilling vessels; <sup>3</sup>Controlled-Source Electromagnetic Methods; <sup>4</sup>Lab work / theoretical research; <sup>5</sup>Bench-scale; <sup>6</sup>Pilot-scale; <sup>7</sup>Proved commercial-scale process, with optimization work in progress; <sup>8</sup>Commercial-scale, widely deployed, with limited optimization potential</caption-text>
</formatted-caption>
</image-wrap>
</linkTarget>
<linkTarget id="link-10" type="bib">
<bib id="BIB3">
<label>SBC-EI survey</label>
SBC Energy Institute. <pubDate>2015</pubDate>. <article-title>Gas Hydrate Survey Analysis</article-title>. <journal-title>
<i>Natural Gas Series. (forthcoming)</i>
</journal-title>.</bib>
</linkTarget>
</appendix>
</docFigure>
<docFigure pdf-page="6" figure-order="4" data-type-order="4">
<link href="link-4" type="image" />
<appendix>
<linkTarget id="link-4" type="image">
<anchoringText id="Ancr4">These issues are familiar to the oil and gas industry, but their convergence creates a unique challenge that may threaten the economic viability of gas-hydrate recovery. Another threat relates to uncertainties concerning geomechanical stability and subsidence arising from prolonged gas-hydrate production (Moridis et al, 2011). Respondents to the SBC-EI survey (2015) ranked the most significant challenges in production as the geomechanical instability of reservoirs and subsidence caused by hydrate dissociation (figure 4). These findings underscore the need for long-duration production tests.</anchoringText>
<image-wrap id="102118176950MS-Img_SPi-4">
<label>Figure 4 </label>
<imageLink type="mediaResource" href="102118176950MS_i_4.tif" id="ImgLink-4" />
<caption>Severity of production challenges (based on SBC-EI Survey, 2015). Note: Severity was determined by calculating the average weighted sum of answers, with a score of 1 attributed to “Not challenging”, 2 to “Somewhat challenging”, 3 to “Challenging” and 4 to “Very challenging”</caption>
<formatted-caption>
<caption-label>Figure</caption-label>
<caption-order>4</caption-order>
<caption-text>Severity of production challenges (based on <link href="BIB4">SBC-EI Survey, 2015</link>). Note: Severity was determined by calculating the average weighted sum of answers, with a score of 1 attributed to “Not challenging”, 2 to “Somewhat challenging”, 3 to “Challenging” and 4 to “Very challenging”</caption-text>
</formatted-caption>
</image-wrap>
</linkTarget>
<linkTarget id="link-11" type="bib">
<bib id="BIB4">
<label>SBC-EI Survey</label>
SBC Energy Institute. <pubDate>2015</pubDate>. <article-title>Gas Hydrate Survey Analysis</article-title>. <journal-title>
<i>Natural Gas Series. (forthcoming)</i>
</journal-title>.</bib>
</linkTarget>
</appendix>
</docFigure>
<docFigure pdf-page="7" figure-order="5" data-type-order="5">
<link href="link-5" type="image" />
<appendix>
<linkTarget id="link-5" type="image">
<anchoringText id="Ancr5">The response of natural gas hydrates to climate change has only been investigated recently, and modelling in this field is in its infancy and subject to considerable uncertainties. Nevertheless, it is generally agreed that natural gas-hydrate dissociation is likely to be a regional phenomenon, rather than a global one, and is more likely to occur in subsea permafrost and upper continental shelves than in deep-water reservoirs, which make up the majority of gas hydrates (Reagan et al., 2013; Ruppel, 2011), (figure 5).</anchoringText>
<image-wrap id="102118176950MS-Img_SPi-5">
<label>Figure 5 </label>
<imageLink type="mediaResource" href="102118176950MS_i_5.tif" id="ImgLink-5" />
<caption>Gas Hydrate sectors, estimated share of gas-in-place and susceptibility to climate change (modified from Maribus, 2014; and Ruppel, 2014)</caption>
<formatted-caption>
<caption-label>Figure</caption-label>
<caption-order>5</caption-order>
<caption-text>Gas Hydrate sectors, estimated share of gas-in-place and susceptibility to climate change (modified from <link href="BIB5">Maribus, 2014</link>; and Ruppel, 2014)</caption-text>
</formatted-caption>
</image-wrap>
</linkTarget>
<linkTarget id="link-12" type="bib">
<bib id="BIB5">
<label>Maribus, 2014</label>
<author>
<last-name>Maribus</last-name>
</author>. <pubDate>2014</pubDate>. <article-title>Energy from burning ice</article-title>. <journal-title>In <i>World Ocean Review </i>3</journal-title>. Retrieved 12 February 2015, from http://worldoceanreview.com/en/wor-3-overview/methane-hydrate/.</bib>
</linkTarget>
</appendix>
</docFigure>
<docFigure pdf-page="9" figure-order="6" data-type-order="6">
<link href="link-6" type="image" />
<appendix>
<linkTarget id="link-6" type="image">
<anchoringText id="Ancr6">As shown in the SBC-EI patent analysis (2015), with 191 patents filed between 1960 and 2013, China has also become the most active patent-filing country for gas-hydrate upstream technologies following a sharp increase in patenting rates since the late 2000s (figure 6). Meanwhile patenting activity has remained steady in the U.S. (180 patents as of December 31st 2013), and has declined in Europe and the former Soviet Union. Many countries have also announced their ambition to carry out additional production tests.</anchoringText>
<image-wrap id="102118176950MS-Img_SPi-6">
<label>Figure 6 </label>
<imageLink type="mediaResource" href="102118176950MS_i_6.tif" id="ImgLink-6" />
<caption>Upstream-related gas-hydrate patents by country: number of patent filed per region per year (SBC-EI patent analysis, 2015)</caption>
<formatted-caption>
<caption-label>Figure</caption-label>
<caption-order>6</caption-order>
<caption-text>Upstream-related gas-hydrate patents by country: number of patent filed per region per year <link href="BIB6">(SBC-EI patent analysis, 2015)</link>
</caption-text>
</formatted-caption>
</image-wrap>
</linkTarget>
<linkTarget id="link-13" type="bib">
<bib id="BIB6">
<label>SBC-EI patent analysis</label>
SBC Energy Institute. <pubDate>2015</pubDate>. <article-title>Gas Hydrate Patent Analysis</article-title>. <journal-title>
<i>Natural Gas Series. (forthcoming)</i>
</journal-title>.</bib>
</linkTarget>
</appendix>
</docFigure>
<docFigure pdf-page="9" figure-order="7" data-type-order="7">
<link href="link-7" type="image" />
<appendix>
<linkTarget id="link-7" type="image">
<anchoringText id="Ancr7">In the U.S., efforts to identify potential sites for a new test are reportedly under way on Alaska’s North Slope. After having conducted the world’s first offshore depressurization test, in 2013, in Nankai Trough, Japan is now hoping to start commercial production by the end of this decade (JOGMEC, 2013). Figure 7 gives an overview of the main countries active in hydrate development and of the state of their respective programs.</anchoringText>
<image-wrap id="102118176950MS-Img_SPi-7">
<label>Figure 7 </label>
<imageLink type="mediaResource" href="102118176950MS_i_7.tif" id="ImgLink-7" />
<caption>Main countries active in gas hydrate development. Note: <sup>1</sup>Russia and Malaysia carried out research on gas hydrates primarily because of the safety risk they pose in conventional gas production operations; <sup>2</sup>Interest can take the form of active efforts to characterize resources (e.g. seismic survey in Colombia or New Zealand) or early plans for development (e.g. Iran’s ambition in the Sea of Oman, or Turkey’s in the Thrace region)</caption>
<formatted-caption>
<caption-label>Figure</caption-label>
<caption-order>7</caption-order>
<caption-text>Main countries active in gas hydrate development. Note: <sup>1</sup>Russia and Malaysia carried out research on gas hydrates primarily because of the safety risk they pose in conventional gas production operations; <sup>2</sup>Interest can take the form of active efforts to characterize resources (e.g. seismic survey in Colombia or New Zealand) or early plans for development (e.g. Iran’s ambition in the Sea of Oman, or Turkey’s in the Thrace region)</caption-text>
</formatted-caption>
</image-wrap>
</linkTarget>
</appendix>
</docFigure>
</docFigureList>
</docTables>