<?xml version="1.0" encoding="utf-8"?>
<docTables>
<docMetaData inputFile="102118180120MS.txt" extractionDate="2021-03-19T16:34:33Z">
<doi>10.2118/180120-MS</doi>
<pii>10.2118/180120-MS</pii>
<publisher>SPE_Society_of_Petroleum_Engineers</publisher>
</docMetaData>
<docFigureList>
<docFigure pdf-page="3" figure-order="1" data-type-order="1">
<link href="link-1" type="image" />
<appendix>
<linkTarget id="link-1" type="image">
<anchoringText id="Ancr5">The specific rejuvenating measures and operations are listed below and shown in Figure 1.</anchoringText>
<image-wrap id="102118180120MS-Img_SPi-1">
<label>Figure 1 </label>
<imageLink type="mediaResource" href="102118180120MS_i_1.tif" id="ImgLink-1" />
<caption>Workflow to rejuvenate production of K Oilfield</caption>
<formatted-caption>
<caption-label>Figure</caption-label>
<caption-order>1</caption-order>
<caption-text>Workflow to rejuvenate production of K Oilfield</caption-text>
</formatted-caption>
</image-wrap>
</linkTarget>
</appendix>
</docFigure>
<docFigure pdf-page="4" figure-order="2" data-type-order="3">
<link href="link-2" type="image" />
<appendix>
<linkTarget id="link-2" type="image">
<anchoringText id="Ancr6">By integrating geological understandings, comprehensive reservoir engineering analysis results and technical measures, this paper presents a analyzing method of restoring the shut-in wells, which includes using the reservoir dynamic analysis to select shut in wells as study candidates, by verifying analysis results through production surveillance data, choosing the wells with good wellbores and wellheads condition to be the re-open wells, and proposes workover suggestions and restoring advices for long-term shut-in wells. This integrated analysis approach is show in Figure 2.</anchoringText>
<image-wrap id="102118180120MS-Img_SPi-2">
<label>Figure 2 </label>
<imageLink type="mediaResource" href="102118180120MS_i_2.tif" id="ImgLink-2" />
<caption>Analyzing approach of reopening the long-term shut-in wells</caption>
<formatted-caption>
<caption-label>Figure</caption-label>
<caption-order>2</caption-order>
<caption-text>Analyzing approach of reopening the long-term shut-in wells</caption-text>
</formatted-caption>
</image-wrap>
</linkTarget>
</appendix>
</docFigure>
<docFigure composite="true" composite-count="2" pdf-page="5" figure-order="3" data-type-order="4">
<link href="link-3" type="image" />
<appendix>
<linkTarget id="link-3" type="image">
<anchoringText id="Ancr7">By calculating the principle components’ attributes to variance for each evaluation factor and scoring coefficient, quantitatively determine the impacting order of each evaluation factor on the development. The specific process is: first obtain the covariance matrix eigenvalues and the corresponding unit eigenvectors; then select the first m larger eigenvalues which are corresponding variance of m larger principle components and the corresponding unit eigenvectors represents the original variable coefficients of principle components; calculate variance contribution rate and cumulative variance contribution rate of principle components, and when the cumulative variance contribution rate is greater than 85%, corresponding m is the number of principle components to be extracted; finally calculate the principle components’ load factor and scoring coefficient, of which load factor objectively reflects the dependence between principle components and original variables, scoring coefficient equals variance contribution of each principle components. Figure 3 shows the principle component analysis well ranking results of all shut-in wells within one degassing station of K Oilfield. According to this evaluation results of principle component analysis, 0, 0.2, 0.4 and 0.6 were set as the threshold value of classification. All wells are divided into four categories from rank1 to rank4.</anchoringText>
<image-wrap id="102118180120MS-Img_SPi-3">
<label>Figure 3 </label>
<imageLink type="mediaResource" href="102118180120MS_i_3.tif" id="ImgLink-3" />
<caption>Evaluation results of well ranking based on principal component analysis</caption>
<formatted-caption>
<caption-label>Figure</caption-label>
<caption-order>3</caption-order>
<caption-text>Evaluation results of well ranking based on principal component analysis</caption-text>
</formatted-caption>
</image-wrap>
<image-wrap id="102118180120MS-Img_SPi-3a">
<imageLink type="mediaResource" href="102118180120MS_i_3a.tif" id="ImgLink-3a" />
</image-wrap>
<image-wrap id="102118180120MS-Img_SPi-3b">
<imageLink type="mediaResource" href="102118180120MS_i_3b.tif" id="ImgLink-3b" />
</image-wrap>
</linkTarget>
</appendix>
</docFigure>
<docFigure pdf-page="6" figure-order="4" data-type-order="6">
<link href="link-4" type="image" />
<appendix>
<linkTarget id="link-4" type="image">
<anchoringText id="Ancr8">During production optimization, by considering reservoir parameters, PVT parameters, well logging data, borehole equipment, wellhead restrictions and other well conditions, reasonable single well production can be optimized; key technical parameters including reasonable production rate in flowing wells, reasonable production rate in ESP wells, reasonable injection rate in injection wells are determined; production parameters, including working frequency of pumps, water cut, formation pressure, well head pressure, flowline pressure, et al are evaluated comprehensively (Figure 4).</anchoringText>
<image-wrap id="102118180120MS-Img_SPi-4">
<label>Figure 4 </label>
<imageLink type="mediaResource" href="102118180120MS_i_4.tif" id="ImgLink-4" />
<caption>Workflow of production rate optimization</caption>
<formatted-caption>
<caption-label>Figure</caption-label>
<caption-order>4</caption-order>
<caption-text>Workflow of production rate optimization</caption-text>
</formatted-caption>
</image-wrap>
</linkTarget>
</appendix>
</docFigure>
<docFigure pdf-page="7" figure-order="5" data-type-order="7">
<link href="link-5" type="image" />
<appendix>
<linkTarget id="link-5" type="image">
<anchoringText id="Ancr9">This is done by adjusting the choke size, shifting production by tubing or annulus and switching between high and low pressure pipeline in processing station. Figure 5 showed production optimization result of one sample well, in which reasonable production is optimized by comprehensive consideration of reservoir pressure, wellbore condition, surface pipeline pressure and other well conditions. The intersection of inflow and outflow dynamic curves represents the oil rate of the connected high pressure pipeline, which is 3210 bbl/d.</anchoringText>
<image-wrap id="102118180120MS-Img_SPi-5">
<label>Figure 5 </label>
<imageLink type="mediaResource" href="102118180120MS_i_5.tif" id="ImgLink-5" />
<caption>Production optimization of a single well</caption>
<formatted-caption>
<caption-label>Figure</caption-label>
<caption-order>5</caption-order>
<caption-text>Production optimization of a single well</caption-text>
</formatted-caption>
</image-wrap>
</linkTarget>
</appendix>
</docFigure>
<docFigure pdf-page="9" figure-order="6" data-type-order="9">
<link href="link-6" type="image" />
<appendix>
<linkTarget id="link-6" type="image">
<anchoringText id="Ancr10">The production and development of A reservoir has mainly relied on the edge aquifer and peripheral injection, therefore one major and first considerations of successful new wells drilling is remaining oil distribution; the second is to try to place the new wells along the crest of structure, to delay water breakthrough time and gain high and stable production rate as long as possible. A large sum of new surveillance data of saturation logging were applied to determine the degree of the water flooding of sub zones in reservoir A (Figure 6, the map on the upper left corner). These saturation logging tests were planned as a surveillance campaign to monitor water flooding and were implemented during the last two years.</anchoringText>
<image-wrap id="102118180120MS-Img_SPi-6">
<label>Figure 6 </label>
<imageLink type="mediaResource" href="102118180120MS_i_6.tif" id="ImgLink-6" />
<caption>Remaining oil distribution characterization of reservoir A (Maps do not show the same position)</caption>
<formatted-caption>
<caption-label>Figure</caption-label>
<caption-order>6</caption-order>
<caption-text>Remaining oil distribution characterization of reservoir A (Maps do not show the same position)</caption-text>
</formatted-caption>
</image-wrap>
</linkTarget>
</appendix>
</docFigure>
<docFigure pdf-page="10" figure-order="7" data-type-order="10">
<link href="link-7" type="image" />
<appendix>
<linkTarget id="link-7" type="image">
<anchoringText id="Ancr11">Different development approaches and options were then proposed according to the remaining oil distribution main control factors analysis results and remaining oil distribution prediction results. Further referring numerical simulation results of these options, new wells were suggested for producing the remaining oil mainly controlled by structure and barriers and baffles; adjusting injection and production well pattern were suggested to improve the development of remaining oil controlled by production injection imbalance and poor rock quality; and water shot off operations were suggested for wells perforated in the high water cut zones, as shown in Figure 7.</anchoringText>
<image-wrap id="102118180120MS-Img_SPi-7">
<label>Figure 7 </label>
<imageLink type="mediaResource" href="102118180120MS_i_7.tif" id="ImgLink-7" />
<caption>Residual oil distribution pattern and development strategy of A reservoir in stage</caption>
<formatted-caption>
<caption-label>Figure</caption-label>
<caption-order>7</caption-order>
<caption-text>Residual oil distribution pattern and development strategy of A reservoir in stage</caption-text>
</formatted-caption>
</image-wrap>
</linkTarget>
</appendix>
</docFigure>
</docFigureList>
</docTables>