<?xml version="1.0" encoding="utf-8"?>
<docTables>
<docMetaData inputFile="102118178880MS.txt" extractionDate="2021-03-20T15:32:22Z">
<doi>10.2118/178880-MS</doi>
<pii>10.2118/178880-MS</pii>
<publisher>SPE_Society_of_Petroleum_Engineers</publisher>
</docMetaData>
<docTableList>
<docTable pdf-page="6" table-order="1" data-type-order="5">
<table-wrap id="102118178880MS-tblwrp-1" content-type="structured">
<anchoringText id="Ancr1">Over a period of several years approximately twenty new cutter variants were laboratory tested, however less than five passed the laboratory test requirements to provide the correct cutter index necessary for the application. Table 1, below provides a sample of those that performed well (TS1, TS2 and eventually TS4). The TS4 with improved thermal resistance and higher toughness was the result of several iterations to refine and optimize based upon the failure diagnostics reviewed. This cutter provided the optimum performance and is the type utilized in the case studies discussed in the following sections.</anchoringText>
<label>Table 1</label>
<caption>PDC Cutters developed and laboratory tested to provide the cutter index.</caption>
<formatted-caption>
<caption-label>Table</caption-label>
<caption-order>1</caption-order>
<caption-text>PDC Cutters developed and laboratory tested to provide the cutter index.</caption-text>
</formatted-caption>
<table id="102118178880MS-Tbl_SPi-1" frame="hsides">
<thead>
<tr>
<th valign="top" align="left">Type</th>
<th valign="top" align="left">Cutter Description</th>
</tr>
</thead>
<tbody>
<tr>
<td valign="top" align="left">TS1</td>
<td valign="top" align="left">Initial benchmarked cutter, normalized index</td>
</tr>
<tr>
<td valign="top" align="left">TS3</td>
<td valign="top" align="left">Engineered with greater thermal resistance</td>
</tr>
<tr>
<td valign="top" align="left">TS4</td>
<td valign="top" align="left">Engineered with improved thermal and toughness</td>
</tr>
</tbody>
</table>
</table-wrap>
<appendix />
</docTable>
<docTable pdf-page="8" table-order="2" data-type-order="9">
<table-wrap id="102118178880MS-tblwrp-2" content-type="structured">
<anchoringText id="Ancr2">Instantaneous ROP values of 500 ft/h and above were seen while in the rotational mode. This run broke the operators’ previous record for most footage drilled in a 24 hour period by over 500 feet. The drive type was a 5 1/8” 6/7 8.0 ERT downhole motor with a 1.5° bent housing. The BHA details are described in Table 2.</anchoringText>
<label>Table 2</label>
<caption>BHA details for run one</caption>
<formatted-caption>
<caption-label>Table</caption-label>
<caption-order>2</caption-order>
<caption-text>BHA details for run one</caption-text>
</formatted-caption>
<table id="102118178880MS-Tbl_SPi-2" frame="hsides">
<tbody>
<tr>
<td rowspan="2" valign="top" align="left"><b>No</b>
</td>
<td rowspan="2" valign="top" align="center">
<b>Item</b>
</td>
<td colspan="2" valign="top" align="center">Diameter</td>
<td rowspan="2" valign="top" align="center">
<b>Length</b>
</td>
</tr>
<tr>
<td valign="top" align="center">
<b>OD</b>
</td>
<td valign="top" align="center">
<b>ID</b>
</td>
</tr>
<tr>
<td valign="top" align="left">1</td>
<td valign="top" align="center">Bit</td>
<td valign="top" align="center">6 II</td>
<td valign="top" align="center">–</td>
<td valign="top" align="center">1.II</td>
</tr>
<tr>
<td valign="top" align="left">2</td>
<td valign="top" align="center">Motor</td>
<td valign="top" align="center">5 II</td>
<td valign="top" align="center">–</td>
<td valign="top" align="center">29.12’</td>
</tr>
<tr>
<td valign="top" align="left">3</td>
<td valign="top" align="center">NM UBMO MWU</td>
<td valign="top" align="center">4 3/4 II</td>
<td valign="top" align="center">2 1/4 II</td>
<td valign="top" align="center">2.67’</td>
</tr>
<tr>
<td valign="top" align="left">4</td>
<td valign="top" align="center">Drill Collar- Non mag</td>
<td valign="top" align="center">4 1/2 II</td>
<td valign="top" align="center">2 3/4 II</td>
<td valign="top" align="center">31.37’</td>
</tr>
<tr>
<td valign="top" align="left">5</td>
<td valign="top" align="center">Drill Collar- Non mag</td>
<td valign="top" align="center">4 1/2 II</td>
<td valign="top" align="center">2 3/4 II</td>
<td valign="top" align="center">31.08’</td>
</tr>
<tr>
<td valign="top" align="left">6</td>
<td valign="top" align="center">XO Sub</td>
<td valign="top" align="center">4 7/8 II</td>
<td valign="top" align="center">2 9/16II</td>
<td valign="top" align="center">3.16’</td>
</tr>
<tr>
<td valign="top" align="left">7</td>
<td valign="top" align="center">1 jt Drill Pipe</td>
<td valign="top" align="center">4 II</td>
<td valign="top" align="center">3 II</td>
<td valign="top" align="center">31.75’</td>
</tr>
<tr>
<td valign="top" align="left">8</td>
<td valign="top" align="center">Ghost Reamer</td>
<td valign="top" align="center">5 II</td>
<td valign="top" align="center">2 3/4 II</td>
<td valign="top" align="center">7.51’</td>
</tr>
<tr>
<td valign="top" align="left">9</td>
<td valign="top" align="center">150 jt&amp; Drill Pipe</td>
<td valign="top" align="center">4 II</td>
<td valign="top" align="center">3 3/10II</td>
<td valign="top" align="center">4760.66’</td>
</tr>
<tr>
<td valign="top" align="left">10</td>
<td valign="top" align="center">Agitator</td>
<td valign="top" align="center">5 II</td>
<td valign="top" align="center">2 1/8 II</td>
<td valign="top" align="center">11.43’</td>
</tr>
<tr>
<td valign="top" align="left">11</td>
<td valign="top" align="center">Shock Sub</td>
<td valign="top" align="center">5 II</td>
<td valign="top" align="center">2 1/8 II</td>
<td valign="top" align="center">10.71’</td>
</tr>
<tr>
<td valign="top" align="left">12</td>
<td valign="top" align="center">225 jts Drill Pipe</td>
<td valign="top" align="center">4 II</td>
<td valign="top" align="center">3 3/10II</td>
<td valign="top" align="center">7107.13’</td>
</tr>
<tr>
<td valign="top" align="left">13</td>
<td valign="top" align="center">60 jts HWDP</td>
<td valign="top" align="center">4 II</td>
<td valign="top" align="center">2 3/4 II</td>
<td valign="top" align="center">1841.79’</td>
</tr>
<tr>
<td valign="top" align="left">14</td>
<td valign="top" align="center">
</td>
<td valign="top" align="center">
</td>
<td valign="top" align="center">
</td>
<td valign="top" align="center">
</td>
</tr>
<tr>
<td valign="top" align="left">15</td>
<td valign="top" align="center">
</td>
<td valign="top" align="center">
</td>
<td valign="top" align="center">
</td>
<td valign="top" align="center">
</td>
</tr>
<tr>
<td valign="top" align="left">TOTAL</td>
<td valign="top" align="center">
</td>
<td valign="top" align="center">
</td>
<td valign="top" align="center">
</td>
<td valign="top" align="center">13869.38</td>
</tr>
</tbody>
</table>
</table-wrap>
<appendix />
</docTable>
</docTableList>
</docTables>