<?xml version="1.0" encoding="utf-8"?>
<docTables>
<docMetaData inputFile="102118188745MS.TXT" extractionDate="2021-04-24T13:05:59Z">
<doi>10.2118/188745-MS</doi>
<pii>10.2118/188745-MS</pii>
<publisher>SPE_Society_of_Petroleum_Engineers</publisher>
</docMetaData>
<docTableList>
<docTable pdf-page="4" table-order="1" data-type-order="2">
<table-wrap id="102118188745MS-tblwrp-1" content-type="structured">
<anchoringText id="Ancr1"> </anchoringText>
<label>Table 1</label>
<caption>The Status Tracking Sheet</caption>
<formatted-caption>
<caption-label>Table</caption-label>
<caption-order>1</caption-order>
<caption-text>The Status Tracking Sheet</caption-text>
</formatted-caption>
<table id="102118188745MS-Tbl_SPi-1" frame="hsides">
<thead>
<tr>
<th align="center">Name</th>
<th align="center">Reservoir</th>
<th align="center">Rig</th>
<th align="center">Prod / Inj</th>
<th align="center">Spud</th>
<th align="center">TD</th>
<th align="center">Completion</th>
<th align="center">Start of Prod / Inj</th>
<th align="center">Prod / Inj</th>
<th align="center">OH Logs</th>
<th align="center">Confirmed Tops</th>
<th align="center">Avail for short form</th>
<th align="center">Avail for long form</th>
<th align="center">OG</th>
<th align="center">FE</th>
<th align="center">RG</th>
<th align="center">SG</th>
<th align="center">RS</th>
<th align="center">RM</th>
<th align="center">FDP</th>
<th align="center">Short Form Kick-off</th>
<th align="center">Long Form Kick-off</th>
<th align="center">FM Review</th>
<th align="center">SM/VP Review</th>
</tr>
</thead>
<tbody>
<tr>
<td align="center">Well 1</td>
<td align="center">X</td>
<td align="center">X</td>
<td align="center">P</td>
<td align="center">Date</td>
<td align="center">Date</td>
<td align="center">Date</td>
<td align="center">Date</td>
<td align="center">□</td>
<td align="center">□</td>
<td align="center">□</td>
<td align="center">
</td>
<td align="center">
</td>
<td align="center">
</td>
<td align="center">
</td>
<td align="center">
</td>
<td align="center">
</td>
<td align="center">
</td>
<td align="center">
</td>
<td align="center">
</td>
<td align="center">
</td>
<td align="center">
</td>
<td align="center">
</td>
<td align="center">
</td>
</tr>
<tr>
<td align="center">Well 2</td>
<td align="center">X</td>
<td align="center">X</td>
<td align="center">P</td>
<td align="center">Date</td>
<td align="center">Date</td>
<td align="center">Date</td>
<td align="center">Date</td>
<td align="center">□</td>
<td align="center">□</td>
<td align="center">□</td>
<td align="center">
</td>
<td align="center">X</td>
<td align="center">
</td>
<td align="center">
</td>
<td align="center">
</td>
<td align="center">
</td>
<td align="center">
</td>
<td align="center">
</td>
<td align="center">
</td>
<td align="center" bgcolor="#92CE5C">Date</td>
<td align="center">
</td>
<td align="center">
</td>
<td align="center">
</td>
</tr>
<tr>
<td align="center">Well 3</td>
<td align="center">X</td>
<td align="center">X</td>
<td align="center">I</td>
<td align="center">Date</td>
<td align="center">Date</td>
<td align="center">Date</td>
<td align="center">Date</td>
<td align="center">□</td>
<td align="center">□</td>
<td align="center">□</td>
<td align="center">
</td>
<td align="center">X</td>
<td align="center">
</td>
<td align="center">
</td>
<td align="center">
</td>
<td align="center">
</td>
<td align="center">
</td>
<td align="center">
</td>
<td align="center">
</td>
<td align="center" bgcolor="#92CE5C">Date</td>
<td align="center">
</td>
<td align="center" bgcolor="#92CE5C">Date</td>
<td align="center">
</td>
</tr>
<tr>
<td align="center">Well 4</td>
<td align="center">X</td>
<td align="center">X</td>
<td align="center">P</td>
<td align="center">Date</td>
<td align="center">Date</td>
<td align="center">Date</td>
<td align="center">Date</td>
<td align="center">□</td>
<td align="center">□</td>
<td align="center">□</td>
<td align="center">X</td>
<td align="center">
</td>
<td align="center">
</td>
<td align="center">
</td>
<td align="center">
</td>
<td align="center">
</td>
<td align="center">
</td>
<td align="center">
</td>
<td align="center">
</td>
<td align="center">
</td>
<td align="center">
</td>
<td align="center">
</td>
<td align="center">
</td>
</tr>
<tr>
<td align="center">Well 5</td>
<td align="center">X</td>
<td align="center">X</td>
<td align="center">I</td>
<td align="center">Date</td>
<td align="center">Date</td>
<td align="center">Date</td>
<td align="center">Date</td>
<td align="center">□</td>
<td align="center">□</td>
<td align="center">□</td>
<td align="center">
</td>
<td align="center">
</td>
<td align="center">
</td>
<td align="center">
</td>
<td align="center">
</td>
<td align="center">
</td>
<td align="center">
</td>
<td align="center">
</td>
<td align="center">
</td>
<td align="center">
</td>
<td align="center">
</td>
<td align="center">
</td>
<td align="center">
</td>
</tr>
<tr>
<td align="center">Well 6</td>
<td align="center">X</td>
<td align="center">X</td>
<td align="center">P</td>
<td align="center">Date</td>
<td align="center">Date</td>
<td align="center">Date</td>
<td align="center">Date</td>
<td align="center">□</td>
<td align="center">□</td>
<td align="center">□</td>
<td align="center">
</td>
<td align="center">X</td>
<td align="center">
</td>
<td align="center">
</td>
<td align="center">
</td>
<td align="center">
</td>
<td align="center">
</td>
<td align="center">
</td>
<td align="center">
</td>
<td align="center" bgcolor="#92CE5C">Date</td>
<td align="center">
</td>
<td align="center">
</td>
<td align="center">
</td>
</tr>
<tr>
<td align="center">Well 7</td>
<td align="center">X</td>
<td align="center">X</td>
<td align="center">P</td>
<td align="center">Date</td>
<td align="center">Date</td>
<td align="center">Date</td>
<td align="center">Date</td>
<td align="center">□</td>
<td align="center">□</td>
<td align="center">□</td>
<td align="center">
</td>
<td align="center">X</td>
<td align="center">
</td>
<td align="center">
</td>
<td align="center">
</td>
<td align="center">
</td>
<td align="center">
</td>
<td align="center">
</td>
<td align="center">
</td>
<td align="center" bgcolor="#92CE5C">Date</td>
<td align="center">
</td>
<td align="center">
</td>
<td align="center">
</td>
</tr>
<tr>
<td align="center">Well 8</td>
<td align="center">X</td>
<td align="center">X</td>
<td align="center">P</td>
<td align="center">Date</td>
<td align="center">Date</td>
<td align="center">Date</td>
<td align="center">Date</td>
<td align="center">□</td>
<td align="center">□</td>
<td align="center">□</td>
<td align="center">X</td>
<td align="center">
</td>
<td align="center">
</td>
<td align="center">
</td>
<td align="center">
</td>
<td align="center">
</td>
<td align="center">
</td>
<td align="center">
</td>
<td align="center">
</td>
<td align="center">
</td>
<td align="center">
</td>
<td align="center">
</td>
<td align="center">
</td>
</tr>
<tr>
<td align="center">Well 9</td>
<td align="center">X</td>
<td align="center">X</td>
<td align="center">P</td>
<td align="center">Date</td>
<td align="center">Date</td>
<td align="center">Date</td>
<td align="center">Date</td>
<td align="center">□</td>
<td align="center">□</td>
<td align="center">□</td>
<td align="center">
</td>
<td align="center">
</td>
<td align="center">
</td>
<td align="center">
</td>
<td align="center">
</td>
<td align="center">
</td>
<td align="center">
</td>
<td align="center">
</td>
<td align="center">
</td>
<td align="center">
</td>
<td align="center">
</td>
<td align="center">
</td>
<td align="center">
</td>
</tr>
<tr>
<td align="center">Well 10</td>
<td align="center">X</td>
<td align="center">X</td>
<td align="center">P</td>
<td align="center">Date</td>
<td align="center">Date</td>
<td align="center">Date</td>
<td align="center">Date</td>
<td align="center">□</td>
<td align="center">□</td>
<td align="center">□</td>
<td align="center">
</td>
<td align="center">X</td>
<td align="center">
</td>
<td align="center">
</td>
<td align="center">
</td>
<td align="center">
</td>
<td align="center">
</td>
<td align="center">
</td>
<td align="center">
</td>
<td align="center" bgcolor="#92CE5C">Date</td>
<td align="center">
</td>
<td align="center" bgcolor="#92CE5C">Date</td>
<td align="center">
</td>
</tr>
</tbody>
</table>
</table-wrap>
<appendix />
</docTable>
<docTable pdf-page="5" table-order="2" data-type-order="3">
<table-wrap id="102118188745MS-tblwrp-2" content-type="structured">
<anchoringText id="Ancr2"> </anchoringText>
<label>Table 2</label>
<caption>The Running Task Tracking Sheet</caption>
<formatted-caption>
<caption-label>Table</caption-label>
<caption-order>2</caption-order>
<caption-text>The Running Task Tracking Sheet</caption-text>
</formatted-caption>
<table id="102118188745MS-Tbl_SPi-2" frame="hsides">
<thead>
<tr>
<th align="center">Well Name</th>
<th align="center">Reservoir</th>
<th align="center">Well Type</th>
<th align="center">Action Item</th>
<th align="center">Comments</th>
<th align="center">Team</th>
<th align="center">Focal Point</th>
<th align="center">Captured</th>
<th align="center">Due</th>
<th colspan="2" align="center">Indicator</th>
</tr>
</thead>
<tbody>
<tr>
<td align="center">Well 1</td>
<td align="center">X</td>
<td align="center">Prod</td>
<td align="left">Revisit drilling parameters and overburden interpretation to improve understanding of loss mechanism</td>
<td align="left">Overburden structure interpretation in progress to better understanding the fault system. The mud weight kept changing while drilling from X to Y</td>
<td align="center">SG</td>
<td align="center">X</td>
<td align="center">Date</td>
<td align="center">
</td>
<td align="center">not worked</td>
<td align="center">□</td>
</tr>
<tr>
<td align="center">Well 2</td>
<td align="center">X</td>
<td align="center">Prod</td>
<td align="left">Investigate root cause for the difference between pre and post drill marker depth and correct well planning basis</td>
<td align="left">More velocity data needed in the overburden for improved seismic imaging.</td>
<td align="center">SG</td>
<td align="center">X</td>
<td align="center">Date</td>
<td align="center">
</td>
<td align="center">not worked</td>
<td align="center">□</td>
</tr>
<tr>
<td align="center">Well 3</td>
<td align="center">X</td>
<td align="center">Prod</td>
<td align="left">Update model and improve water-cut history match and FBHP match</td>
<td align="left">The well tract was imported in the model</td>
<td align="center">RS</td>
<td align="center">X</td>
<td align="center">Date</td>
<td align="center">Date</td>
<td align="center">not worked</td>
<td align="center">□</td>
</tr>
<tr>
<td align="center">Well 4</td>
<td align="center">X</td>
<td align="center">Prod</td>
<td align="left">Model update - adjust offset injectors to be similar to actual injection volumes</td>
<td align="left">
</td>
<td align="center">RS</td>
<td align="center">X</td>
<td align="center">Date</td>
<td align="center">Date</td>
<td align="center">not worked</td>
<td align="center">□</td>
</tr>
<tr>
<td align="center">Well 5</td>
<td align="center">X</td>
<td align="center">Prod</td>
<td align="left">Investigate driver for water influx, request second PLT with increased BS&amp;W</td>
<td align="left">
</td>
<td align="center">RS</td>
<td align="center">X</td>
<td align="center">Date</td>
<td align="center">Date</td>
<td align="center">not worked</td>
<td align="center">□</td>
</tr>
<tr>
<td align="center">Well 6</td>
<td align="center">X</td>
<td align="center">Prod</td>
<td align="left">Model update - reflect the PPL completion inflow behavior</td>
<td align="left">
</td>
<td align="center">RS</td>
<td align="center">X</td>
<td align="center">Date</td>
<td align="center">Date</td>
<td align="center">not worked</td>
<td align="center">□</td>
</tr>
<tr>
<td align="center">Well 7</td>
<td align="center">X</td>
<td align="center">Prod</td>
<td align="left">Model udpate - request calibrated lift tables and incorporate into the model</td>
<td align="left">
</td>
<td align="center">RS</td>
<td align="center">X</td>
<td align="center">Date</td>
<td align="center">Date</td>
<td align="center">not worked</td>
<td align="center">□</td>
</tr>
<tr>
<td align="center">Well 8</td>
<td align="center">X</td>
<td align="center">Prod</td>
<td align="left">Address RST logging request for surrounding wells in coming IRSP</td>
<td align="left">
</td>
<td align="center">RS</td>
<td align="center">X</td>
<td align="center">Date</td>
<td align="center">Date</td>
<td align="center">not worked</td>
<td align="center">□</td>
</tr>
<tr>
<td align="center">Well 9</td>
<td align="center">X</td>
<td align="center">Prod</td>
<td align="left">Initiate a reservoir connectivity study</td>
<td align="left">Wating for finalized structural framework model to start investigating the communication</td>
<td align="center">RG</td>
<td align="center">X</td>
<td align="center">Date</td>
<td align="center">Date</td>
<td align="center">open</td>
<td align="center">□</td>
</tr>
<tr>
<td align="center">Well 10</td>
<td align="center">X</td>
<td align="center">Prod</td>
<td align="left">free water level study to investigate FWL behavior</td>
<td align="left">Ongoing study on FWL will take this well into consideration</td>
<td align="center">RG</td>
<td align="center">X</td>
<td align="center">Date</td>
<td align="center">Date</td>
<td align="center">open</td>
<td align="center">□</td>
</tr>
<tr>
<td align="center">Well 11</td>
<td align="center">X</td>
<td align="center">Prod</td>
<td align="left">Model update - adjust offset injectors to be similar to actual injection volumes</td>
<td align="left">
</td>
<td align="center">RS</td>
<td align="center">X</td>
<td align="center">Date</td>
<td align="center">Date</td>
<td align="center">not worked</td>
<td align="center">□</td>
</tr>
<tr>
<td align="center">Well 12</td>
<td align="center">X</td>
<td align="center">Prod</td>
<td align="left">Model update - reflect the PPL completion inflow behavior</td>
<td align="left">
</td>
<td align="center">RS</td>
<td align="center">X</td>
<td align="center">Date</td>
<td align="center">Date</td>
<td align="center">not worked</td>
<td align="center">□</td>
</tr>
<tr>
<td align="center">Well 13</td>
<td align="center">X</td>
<td align="center">Prod</td>
<td align="left">Investigate driver for water influx and request second PLT with increase BS&amp;W</td>
<td align="left">
</td>
<td align="center">RS</td>
<td align="center">X</td>
<td align="center">Date</td>
<td align="center">Date</td>
<td align="center">not worked</td>
<td align="center">□</td>
</tr>
<tr>
<td align="center">Well 14</td>
<td align="center">X</td>
<td align="center">Prod</td>
<td align="left">Model udpate - request calibrated lift tables and incorporate into the model</td>
<td align="left">
</td>
<td align="center">RS</td>
<td align="center">X</td>
<td align="center">Date</td>
<td align="center">Date</td>
<td align="center">not worked</td>
<td align="center">□</td>
</tr>
<tr>
<td colspan="6" align="center">
</td>
<td align="center">
</td>
<td align="center">
</td>
<td align="center">Indicator</td>
<td align="center">
</td>
<td align="center">
</td>
</tr>
<tr>
<td colspan="6" align="center">
</td>
<td align="center">
</td>
<td align="center">not worked</td>
<td align="center">open</td>
<td align="center">closed</td>
<td align="center">
</td>
</tr>
<tr>
<td colspan="6" align="center">
</td>
<td align="center">
</td>
<td align="center">□</td>
<td align="center">□</td>
<td align="center">□</td>
<td align="center">
</td>
</tr>
</tbody>
</table>
</table-wrap>
<appendix />
</docTable>
<docTable pdf-page="5" table-order="3" data-type-order="4">
<table-wrap id="102118188745MS-tblwrp-3" content-type="structured">
<anchoringText id="Ancr3"> </anchoringText>
<label>Table 3</label>
<caption>The Analysis Tracking Sheet</caption>
<formatted-caption>
<caption-label>Table</caption-label>
<caption-order>3</caption-order>
<caption-text>The Analysis Tracking Sheet</caption-text>
</formatted-caption>
<table id="102118188745MS-Tbl_SPi-3" frame="hsides">
<thead>
<tr>
<th align="center">Well Name</th>
<th align="center">Reservoir</th>
<th align="center">Island / WHPT</th>
<th align="center">Prod / Inj</th>
<th align="center">Spud</th>
<th align="center">Completion</th>
<th align="center">Start of Pro /Inj</th>
<th align="center">Actual vs. Model</th>
<th align="center">Lead</th>
<th align="center">OH Logs</th>
<th align="center">Tops Confirmed</th>
<th align="center">Trajectory in Model</th>
<th align="center">Updated Hydraulics</th>
<th align="center">Simulation Results</th>
<th align="center">Post Drill Analysis</th>
<th align="center">Internal Review</th>
<th align="center">Quarterly Review</th>
</tr>
</thead>
<tbody>
<tr>
<td align="center">Well 1</td>
<td align="center">X</td>
<td align="center">X</td>
<td align="center">P</td>
<td align="center">Date</td>
<td align="center">Date</td>
<td align="center">Date</td>
<td align="center">Below</td>
<td align="center">X</td>
<td align="center">Date</td>
<td align="center">Date</td>
<td align="center">Date</td>
<td align="center">Date</td>
<td align="center">Date</td>
<td align="center">Date</td>
<td align="center">Date</td>
<td align="center">Date</td>
</tr>
<tr>
<td align="center">Well 2</td>
<td align="center">X</td>
<td align="center">X</td>
<td align="center">P</td>
<td align="center">Date</td>
<td align="center">Date</td>
<td align="center">Date</td>
<td align="center">Aligned</td>
<td align="center">X</td>
<td align="center">Date</td>
<td align="center">Date</td>
<td align="center">Date</td>
<td align="center">Date</td>
<td align="center">Date</td>
<td align="center">Date</td>
<td align="center">Date</td>
<td align="center">Date</td>
</tr>
<tr>
<td align="center">Well 3</td>
<td align="center">X</td>
<td align="center">X</td>
<td align="center">P</td>
<td align="center">Date</td>
<td align="center">Date</td>
<td align="center">Date</td>
<td align="center">Aligned</td>
<td align="center">X</td>
<td align="center">Date</td>
<td align="center">Date</td>
<td align="center">Date</td>
<td align="center">Date</td>
<td align="center">Date</td>
<td align="center">Date</td>
<td align="center">Date</td>
<td align="center">Date</td>
</tr>
<tr>
<td align="center">Well 4</td>
<td align="center">X</td>
<td align="center">X</td>
<td align="center">P</td>
<td align="center">Date</td>
<td align="center">Date</td>
<td align="center">Date</td>
<td align="center">Above</td>
<td align="center">X</td>
<td align="center">Date</td>
<td align="center">Date</td>
<td align="center">Date</td>
<td align="center">Date</td>
<td align="center">Date</td>
<td align="center">Date</td>
<td align="center">Date</td>
<td align="center">Date</td>
</tr>
<tr>
<td align="center">Well 5</td>
<td align="center">X</td>
<td align="center">X</td>
<td align="center">P</td>
<td align="center">Date</td>
<td align="center">Date</td>
<td align="center">Date</td>
<td align="center">Below</td>
<td align="center">X</td>
<td align="center">Date</td>
<td align="center">Date</td>
<td align="center">Date</td>
<td align="center">Date</td>
<td align="center">Date</td>
<td align="center">Date</td>
<td align="center">Date</td>
<td align="center">Date</td>
</tr>
<tr>
<td align="center">Well 6</td>
<td align="center">X</td>
<td align="center">X</td>
<td align="center">P</td>
<td align="center">Date</td>
<td align="center">Date</td>
<td align="center">Date</td>
<td align="center">Early</td>
<td align="center">X</td>
<td align="center">Date</td>
<td align="center">Date</td>
<td align="center">Date</td>
<td align="center">Date</td>
<td align="center">Date</td>
<td align="center">Date</td>
<td align="center">Date</td>
<td align="center">Date</td>
</tr>
<tr>
<td align="center">Well 7</td>
<td align="center">X</td>
<td align="center">X</td>
<td align="center">P</td>
<td align="center">Date</td>
<td align="center">Date</td>
<td align="center">Date</td>
<td align="center">Aligned</td>
<td align="center">X</td>
<td align="center">Date</td>
<td align="center">Date</td>
<td align="center">Date</td>
<td align="center">Date</td>
<td align="center">Date</td>
<td align="center">Date</td>
<td align="center">Date</td>
<td align="center">Date</td>
</tr>
<tr>
<td align="center">Well 8</td>
<td align="center">X</td>
<td align="center">X</td>
<td align="center">P</td>
<td align="center">Date</td>
<td align="center">Date</td>
<td align="center">Date</td>
<td align="center">Aligned</td>
<td align="center">X</td>
<td align="center">Date</td>
<td align="center">Date</td>
<td align="center">Date</td>
<td align="center">Date</td>
<td align="center">Date</td>
<td align="center">Date</td>
<td align="center">Date</td>
<td align="center">Date</td>
</tr>
<tr>
<td align="center">Well 9</td>
<td align="center">X</td>
<td align="center">X</td>
<td align="center">P</td>
<td align="center">Date</td>
<td align="center">Date</td>
<td align="center">Date</td>
<td align="center">Early</td>
<td align="center">X</td>
<td align="center">Date</td>
<td align="center">Date</td>
<td align="center">Date</td>
<td align="center">Date</td>
<td align="center">Date</td>
<td align="center">Date</td>
<td align="center">Date</td>
<td align="center">Date</td>
</tr>
<tr>
<td align="center">Well 10</td>
<td align="center">X</td>
<td align="center">X</td>
<td align="center">P</td>
<td align="center">Date</td>
<td align="center">Date</td>
<td align="center">Date</td>
<td align="center">Aligned</td>
<td align="center">X</td>
<td align="center">Date</td>
<td align="center">Date</td>
<td align="center">Date</td>
<td align="center">Date</td>
<td align="center">Date</td>
<td align="center">Date</td>
<td align="center">Date</td>
<td align="center">Date</td>
</tr>
</tbody>
</table>
</table-wrap>
<appendix />
</docTable>
<docTable pdf-page="13" table-order="4" data-type-order="11">
<table-wrap id="102118188745MS-tblwrp-4" content-type="structured">
<anchoringText id="Ancr4"> </anchoringText>
<label>Table 4</label>
<caption>Post action items for Well#1 (a) and Well#2 (b). All key information is integrated into a knowledge system utilized for model improvement, future well planning, drilling and completions and overall reservoir management.</caption>
<formatted-caption>
<caption-label>Table</caption-label>
<caption-order>4</caption-order>
<caption-text>Post action items for Well#1 (a) and Well#2 (b). All key information is integrated into a knowledge system utilized for model improvement, future well planning, drilling and completions and overall reservoir management.</caption-text>
</formatted-caption>
<table id="102118188745MS-Tbl_SPi-4" frame="hsides">
<thead>
<tr>
<th valign="top" align="center">DRILLING RESULTS/ OBSERVATIONS</th>
<th valign="top" align="center">PREDRILL EXPECTATIONS</th>
<th valign="top" align="center">LEARNING</th>
<th valign="top" align="center">ACTION ITEMS</th>
</tr>
</thead>
<tbody>
<tr>
<td valign="top" align="left">• Drilling Execution <br />• Execution days: X <br />• NPT actual: X <br />• NPT primarily due to equipment reliability issues</td>
<td valign="top" align="left">• Execution days: X</td>
<td valign="top" align="left">
</td>
<td valign="top" align="right">
<b>(a)</b>
</td>
</tr>
<tr>
<td valign="top" align="left">Reservoir Quality <br />• Porosity range X-X <br />• Mean porosity X% <br />• Sw range X-X%</td>
<td valign="top" align="left">Porosity range X-X <br />• Mean porosity X% <br />• Sw range X-X%</td>
<td valign="top" align="left">• Good match between actual &amp; model porosity <br />• Mismatch between actual Sw &amp; model Sw especially at the toe.</td>
<td valign="top" align="left">
</td>
</tr>
<tr>
<td valign="top" align="left">Structure <br />• Partial and complete losses observed from consistant with offset wells <br />• Stuck pipe event In X <br />• No evidence of faults or lineaments in overburden or reservoir sections</td>
<td valign="top" align="left">• Disturbed zone starting in base of overburden section alone well trajectory <br />• One lineament interpreted near end of lateral section, possible additional sub-seismic faults</td>
<td valign="top" align="left">• Lost returns and stuck pipe incidents continue in disturbed zones I <br />• The results do not support interpretation of faults along well trajectory through the reservoir section - predrill interpreted lineament removed from</td>
<td valign="top" align="left">• Incorporate interpretations of disturbed areas into well trajectory planning <br /> • Continuous effort should be made to Improve data quality and ameliorate overburden effects using Full waveform Inversion (FWI)</td>
</tr>
<tr>
<td valign="top" align="left">Production Performance <br />• Pr = X Psl <br />• Pl = X <br />• W.C.% = X <br />• Rate = X bopd</td>
<td valign="top" align="left">• Pr = X Psl <br />• Pl = X <br />• W.C.% = X <br />• Rate = X bopd</td>
<td valign="top" align="left">
</td>
<td valign="top" align="left">• PIT to be considered In the future based on well performance</td>
</tr>
<tr>
<td valign="top" align="left">Simulation &amp; Production Performance <br />• Actual oil rate is in line with model. <br />• Water rate is a fair match. <br />• Bottom hole &amp; wellhead pressures are a poor match.</td>
<td valign="top" align="left">• A good match in rate and pressure (within x psi tolerance) was expected.</td>
<td valign="top" align="left">• R-value edits to well track sections within the dolomite result in more stable production. <br />• Well#1 history match confirms that kh of the area needs to be explored further.</td>
<td valign="top" align="left">• Continue improving offset wells history match, with special focus on kh. <br />• Analyze offset wells PLT results once available and incorporate findings Into the model.</td>
</tr>
<tr>
<td valign="top" align="left">Surveillance Plan <br />• Fluid mobility and pressure data acquired for ICD completion <br />• DHPG for continuous pressure monitoring</td>
<td valign="top" align="left">• Fluid mobility and pressure data acquisition for ICD completion</td>
<td valign="top" align="left">• Well A (CHL in 2010) showed water movement in Layers X, X and X <br />• Increasing water cut in offset oil producer Well B</td>
<td valign="top" align="left">• Close monitoring to identify water movement in zone X <br />• PLT to be acquired 3Q year X</td>
</tr>
</tbody>
</table>
</table-wrap>
<appendix />
</docTable>
<docTable pdf-page="13" table-order="5" data-type-order="12">
<table-wrap id="102118188745MS-tblwrp-5" content-type="structured">
<anchoringText id="Ancr5"> </anchoringText>
<label>Table 4</label>
<caption>Post action items for Well#1 (a) and Well#2 (b). All key information is integrated into a knowledge system utilized for model improvement, future well planning, drilling and completions and overall reservoir management.</caption>
<formatted-caption>
<caption-label>Table</caption-label>
<caption-order>4</caption-order>
<caption-text>Post action items for Well#1 (a) and Well#2 (b). All key information is integrated into a knowledge system utilized for model improvement, future well planning, drilling and completions and overall reservoir management.</caption-text>
</formatted-caption>
<table id="102118188745MS-Tbl_SPi-5" frame="hsides">
<thead>
<tr>
<th valign="top" align="center">DRILLING RESULTS /OBSERVATIONS</th>
<th valign="top" align="center">PREORILL EXPECTATIONS</th>
<th valign="top" align="center">LEARNING</th>
<th valign="top" align="center">ACTION ITEMS</th>
</tr>
</thead>
<tbody>
<tr>
<td valign="top" align="left">Drilling Execution <br />• Execution days: X <br />• NPT actual: X <br />• Longest UAE well to date</td>
<td valign="top" align="left">• Execution days: X</td>
<td valign="top" align="left">
</td>
<td valign="top" align="right">
<b>(b)</b>
</td>
</tr>
<tr>
<td valign="top" align="left">Reservoir Quality <br />• Porosity range X-X% <br />• Mean porosity X% <br />• Sw range X-X%</td>
<td valign="top" align="left">• Porosity range X-X% <br />• Mean porosity X% <br />• Sw range X-X%</td>
<td valign="top" align="left">• As expected; Sw In the model Is slightly higher than reality.</td>
<td valign="top" align="left">
</td>
</tr>
<tr>
<td valign="top" align="left">Structure <br />• Dynamic losses mud weight related <br />• increased mud weight from X to Y <br />• No effect from the fault, corresponding to the predrill prediction <br />• Dynamic losses up to X BPH were encountered at the TD </td>
<td valign="top" align="left">• faults are present approximately &#x003C;Xm north-west of well bore <br /> • Wells A &amp; B crossed the same fault</td>
<td valign="top" align="left">• Different vintages seismic (time and depth volumes) should be used to confirm and interpret the faults throw and to rule out depth stretching and velocity modeling effects near the Interpreted faults</td>
<td valign="top" align="left">• Check reprocessed seismic data to understand if it is better imaging the reservoir and the overburden</td>
</tr>
<tr>
<td valign="top" align="left">Production Performance <br />• Pr = XPsl <br />• Pl = X <br />• W.C.% = X <br />• Rate = X bopd</td>
<td valign="top" align="left">Pr = X Psl <br />• Pl = X <br />• W.C.% = 0 <br />• Rate = X bopd</td>
<td valign="top" align="left">• Good reservoir pressure area. <br />• Island injector XX to be introduced to support Well X production. <br /> • ICD completion is proper to control water production.</td>
<td valign="top" align="left">• Water saturation in the model (<sup>~</sup>X-X%)is higher than OHL Sw</td>
</tr>
<tr>
<td valign="top" align="left">Simulation &amp; Production Performance <br />• Oil rate/WC/FBHP and WHP are In line with model.</td>
<td valign="top" align="left">• A good match In rate and pressure (within 100 psi tolerance) was expected.</td>
<td valign="top" align="left">
</td>
<td valign="top" align="left">
</td>
</tr>
<tr>
<td valign="top" align="left">Surveillance Plan <br />• Wells X CHL will be utilized for future Water movement for continuous monitoring <br />• PLT to be acquired based on well performance to define the production profile and contribution across the horizontal section and prove accessibility.</td>
<td valign="top" align="left">• OHL from X mils utilized to evaluate water movement around well A. <br />• Wells X &amp; Y logs were utilized to decide middle of reservoir X.</td>
<td valign="top" align="left">• Well X CHI acquired showed water production across the top and bottom of reservoir. <br />• PLT result in X showed a uniform contribution to the production across all the lateral length. <br /> • No water detected either from production or from flowing passes. <br /> • Accessibility of logging ranged between X-X%, therefore, plan to design a new wire line cable with high strength to improve accessibility for next PLT runs.</td>
<td valign="top" align="left">• Develop comprehensive plan for acquisition of OHL and PLT. <br />• (if water movement detected in area or water cut increase in same well).</td>
</tr>
</tbody>
</table>
</table-wrap>
<appendix />
</docTable>
</docTableList>
</docTables>