<?xml version="1.0" encoding="utf-8"?>
<docTables>
<docMetaData inputFile="102118176621MS.txt" extractionDate="2021-03-20T12:50:14Z">
<doi>10.2118/176621-MS</doi>
<pii>10.2118/176621-MS</pii>
<publisher>SPE_Society_of_Petroleum_Engineers</publisher>
</docMetaData>
<docTableList>
<docTable pdf-page="5" table-order="1" data-type-order="3">
<table-wrap id="102118176621MS-tblwrp-1" content-type="structured">
<anchoringText id="Ancr1">When a significant amount of uncertainties in input data and optimization parameters exist, the number of realizations can reach several thousand. Table 1 shows a calculation example of the number of simulation model realizations with six uncertainties parameters and three optimization parameters.</anchoringText>
<label>Table 1</label>
<caption>Example of calculation of the number of simulation model realizations.</caption>
<formatted-caption>
<caption-label>Table</caption-label>
<caption-order>1</caption-order>
<caption-text>Example of calculation of the number of simulation model realizations.</caption-text>
</formatted-caption>
<table id="102118176621MS-Tbl_SPi-1" frame="hsides">
<thead>
<tr>
<th rowspan="2" valign="top" align="center" />
<th colspan="6" valign="top" align="center">Uncertainty Parameters</th>
<th colspan="3" valign="top" align="center">Optimization Parameters</th>
</tr>
<tr>
<th valign="top" align="center">Permeability
</th>
<th valign="top" align="center">Saturation</th>
<th valign="top" align="center">OWC</th>
<th valign="top" align="center">PVT</th>
<th valign="top" align="center">Relative Permeabilities</th>
<th valign="top" align="center">Faults Conductivity</th>
<th valign="top" align="center">Well Type</th>
<th valign="top" align="center">Well Pattern</th>
<th valign="top" align="center">Well Spacing, h/well</th>
</tr>
</thead>
<tbody>
<tr>
<td rowspan="5" valign="top" align="left">Number of realizations</td>
<td valign="top" align="center">Min</td>
<td valign="top" align="center">Min</td>
<td valign="top" align="center">Min</td>
<td valign="top" align="center">Min</td>
<td valign="top" align="center">Min</td>
<td valign="top" align="center">Permeable</td>
<td valign="top" align="center">Vertical</td>
<td valign="top" align="center">Line</td>
<td valign="top" align="center">21.7</td>
</tr>
<tr>
<td valign="top" align="center">Mod</td>
<td valign="top" align="center">Mod</td>
<td valign="top" align="center">Mod</td>
<td valign="top" align="center">Mod</td>
<td valign="top" align="center">Mod</td>
<td valign="top" align="center">Non-permeable</td>
<td valign="top" align="center">Horizontal</td>
<td valign="top" align="center">5-spot</td>
<td valign="top" align="center">25</td>
</tr>
<tr>
<td valign="top" align="center">Max</td>
<td valign="top" align="center">Max</td>
<td valign="top" align="center">Max</td>
<td valign="top" align="center">Max</td>
<td valign="top" align="center">Max</td>
<td valign="top" align="center">
</td>
<td valign="top" align="center">
</td>
<td valign="top" align="center">
</td>
<td valign="top" align="center">36</td>
</tr>
<tr>
<td valign="top" align="center">
</td>
<td valign="top" align="center">
</td>
<td valign="top" align="center">
</td>
<td valign="top" align="center">
</td>
<td valign="top" align="center">
</td>
<td valign="top" align="center">
</td>
<td valign="top" align="center">
</td>
<td valign="top" align="center">
</td>
<td valign="top" align="center">42.5</td>
</tr>
<tr>
<td valign="top" align="center">3</td>
<td valign="top" align="center">3</td>
<td valign="top" align="center">3</td>
<td valign="top" align="center">3</td>
<td valign="top" align="center">3</td>
<td valign="top" align="center">2</td>
<td valign="top" align="center">2</td>
<td valign="top" align="center">
</td>
<td valign="top" align="center">4</td>
</tr>
<tr>
<td rowspan="2" valign="top" align="left">
<b>Total number of realizations</b>
</td>
<td valign="top" align="center">
<b>7776</b>
</td>
<td valign="top" align="center">
</td>
<td valign="top" align="center">
</td>
<td valign="top" align="center">
</td>
<td valign="top" align="center">
</td>
<td valign="top" align="center">
</td>
<td valign="top" align="center">
</td>
<td valign="top" align="center">
</td>
<td valign="top" align="center">
</td>
</tr>
<tr>
<td valign="top" align="center">
</td>
<td valign="top" align="center">
</td>
<td valign="top" align="center">
</td>
<td valign="top" align="center">
</td>
<td valign="top" align="center">
</td>
<td valign="top" align="center">
</td>
<td valign="top" align="center">
</td>
<td valign="top" align="center">
</td>
<td valign="top" align="center">
</td>
</tr>
</tbody>
</table>
</table-wrap>
<appendix />
</docTable>
<docTable pdf-page="7" table-order="2" data-type-order="4">
<table-wrap id="102118176621MS-tblwrp-2" content-type="structured">
<anchoringText id="Ancr2">Table 2 shows the primary uncertainty and optimization parameters determined from the initial data analysis.</anchoringText>
<label>Table 2</label>
<caption>Uncertainties and optimization parameters.</caption>
<formatted-caption>
<caption-label>Table</caption-label>
<caption-order>2</caption-order>
<caption-text>Uncertainties and optimization parameters.</caption-text>
</formatted-caption>
<table id="102118176621MS-Tbl_SPi-2" frame="hsides">
<thead>
<tr>
<th rowspan="2" valign="top" align="center" />
<th colspan="7" valign="top" align="center">Uncertainty Parameters</th>
<th colspan="2" valign="top" align="center">Optimization Parameters</th>
</tr>
<tr>
<th valign="top" align="center">Lithology</th>
<th valign="top" align="center">Porosity
</th>
<th valign="top" align="center">Coefficient in Perm-Por Relationship</th>
<th valign="top" align="center">Fault Conductivity</th>
<th valign="top" align="center">Aquifer Strength</th>
<th valign="top" align="center">Residual Gas Saturation</th>
<th valign="top" align="center">Post Frac Skin Factor</th>
<th valign="top" align="center">Well Type</th>
<th valign="top" align="center">Distance between the wells, m</th>
</tr>
</thead>
<tbody>
<tr>
<td rowspan="9" valign="top" align="left">Number of realizations</td>
<td valign="top" align="center">From log</td>
<td valign="top" align="center">From log</td>
<td valign="top" align="center">-2.25</td>
<td valign="top" align="center">Permeable</td>
<td valign="top" align="center">High</td>
<td valign="top" align="center">0</td>
<td valign="top" align="center">0</td>
<td valign="top" align="center">Vertical</td>
<td valign="top" align="center">500</td>
</tr>
<tr>
<td valign="top" align="center">Seismic trend</td>
<td valign="top" align="center">Seismic trend</td>
<td valign="top" align="center">-2.75</td>
<td valign="top" align="center">Non-permeable</td>
<td valign="top" align="center">Average</td>
<td valign="top" align="center">0.05</td>
<td valign="top" align="center">-1</td>
<td valign="top" align="center">Horizontal</td>
<td valign="top" align="center">600</td>
</tr>
<tr>
<td valign="top" align="center">
</td>
<td valign="top" align="center">
</td>
<td valign="top" align="center">-3.25</td>
<td valign="top" align="center">
</td>
<td valign="top" align="center">Low</td>
<td valign="top" align="center">0.1</td>
<td valign="top" align="center">-2</td>
<td valign="top" align="center">
</td>
<td valign="top" align="center">700</td>
</tr>
<tr>
<td valign="top" align="center">
</td>
<td valign="top" align="center">
</td>
<td valign="top" align="center">-3.75</td>
<td valign="top" align="center">
</td>
<td valign="top" align="center">
</td>
<td valign="top" align="center">0.15</td>
<td valign="top" align="center">-3</td>
<td valign="top" align="center">
</td>
<td valign="top" align="center">800</td>
</tr>
<tr>
<td valign="top" align="center">
</td>
<td valign="top" align="center">
</td>
<td valign="top" align="center">
</td>
<td valign="top" align="center">
</td>
<td valign="top" align="center">
</td>
<td valign="top" align="center">
</td>
<td valign="top" align="center">
</td>
<td valign="top" align="center">
</td>
<td valign="top" align="center">900</td>
</tr>
<tr>
<td valign="top" align="center">
</td>
<td valign="top" align="center">
</td>
<td valign="top" align="center">
</td>
<td valign="top" align="center">
</td>
<td valign="top" align="center">
</td>
<td valign="top" align="center">
</td>
<td valign="top" align="center">
</td>
<td valign="top" align="center">
</td>
<td valign="top" align="center">1000</td>
</tr>
<tr>
<td valign="top" align="center">
</td>
<td valign="top" align="center">
</td>
<td valign="top" align="center">
</td>
<td valign="top" align="center">
</td>
<td valign="top" align="center">
</td>
<td valign="top" align="center">
</td>
<td valign="top" align="center">
</td>
<td valign="top" align="center">
</td>
<td valign="top" align="center">1200</td>
</tr>
<tr>
<td valign="top" align="center">
</td>
<td valign="top" align="center">
</td>
<td valign="top" align="center">
</td>
<td valign="top" align="center">
</td>
<td valign="top" align="center">
</td>
<td valign="top" align="center">
</td>
<td valign="top" align="center">
</td>
<td valign="top" align="center">
</td>
<td valign="top" align="center">1500</td>
</tr>
<tr>
<td valign="top" align="center">2</td>
<td valign="top" align="center">2</td>
<td valign="top" align="center">4</td>
<td valign="top" align="center">2</td>
<td valign="top" align="center">3</td>
<td valign="top" align="center">4</td>
<td valign="top" align="center">4</td>
<td valign="top" align="center">2</td>
<td valign="top" align="center">8</td>
</tr>
<tr>
<td rowspan="2" valign="top" align="left">
<b>Total number of realizations</b>
</td>
<td valign="top" align="center">
<b>24,576</b>
</td>
<td valign="top" align="center">
</td>
<td valign="top" align="center">
</td>
<td valign="top" align="center">
</td>
<td valign="top" align="center">
</td>
<td valign="top" align="center">
</td>
<td valign="top" align="center">
</td>
<td valign="top" align="center">
</td>
<td valign="top" align="center">
</td>
</tr>
<tr>
<td valign="top" align="center">
</td>
<td valign="top" align="center">
</td>
<td valign="top" align="center">
</td>
<td valign="top" align="center">
</td>
<td valign="top" align="center">
</td>
<td valign="top" align="center">
</td>
<td valign="top" align="center">
</td>
<td valign="top" align="center">
</td>
<td valign="top" align="center">
</td>
</tr>
</tbody>
</table>
</table-wrap>
<appendix />
</docTable>
<docTable pdf-page="18" table-order="3" data-type-order="18">
<table-wrap id="102118176621MS-tblwrp-3" content-type="structured">
<anchoringText id="Ancr3">Using these parameters (Table 3), approximately 100,000 runs of the multivariate model were performed. Statistical analysis methods were used to help determine the optimization parameters applicable to the range of data uncertainties (Fig. 16).</anchoringText>
<label>Table 3</label>
<caption>Optimization parameters for sector model.</caption>
<formatted-caption>
<caption-label>Table</caption-label>
<caption-order>3</caption-order>
<caption-text>Optimization parameters for sector model.</caption-text>
</formatted-caption>
<table id="102118176621MS-Tbl_SPi-3" frame="hsides">
<thead>
<tr>
<th rowspan="2" valign="top" align="center">No.
</th>
<th rowspan="2" valign="top" align="center">Parameter</th>
<th rowspan="2" valign="top" align="center" />
<th colspan="3" valign="top" align="center">Search range</th>
</tr>
<tr>
<th valign="top" align="center">min.</th>
<th valign="top" align="center">max.</th>
<th valign="top" align="center">increment</th>
</tr>
</thead>
<tbody>
<tr>
<td valign="top" align="center">1</td>
<td valign="top" align="center">Length of horizontal hole (WL)</td>
<td valign="top" align="center">m</td>
<td valign="top" align="center">400</td>
<td valign="top" align="center">1500</td>
<td valign="top" align="center">100</td>
</tr>
<tr>
<td valign="top" align="center">2</td>
<td valign="top" align="center">Distance between frac ports (F)</td>
<td valign="top" align="center">m</td>
<td valign="top" align="center">50</td>
<td valign="top" align="center">300</td>
<td valign="top" align="center">50</td>
</tr>
<tr>
<td valign="top" align="center">3</td>
<td valign="top" align="center">Distance between well rows (B)</td>
<td valign="top" align="center">m</td>
<td valign="top" align="center">1000</td>
<td valign="top" align="center">2500</td>
<td valign="top" align="center">250</td>
</tr>
<tr>
<td valign="top" align="center">4
</td>
<td valign="top" align="center">Distance between wells (A)</td>
<td valign="top" align="center">m</td>
<td valign="top" align="center">500</td>
<td valign="top" align="center">1000</td>
<td valign="top" align="center">250</td>
</tr>
</tbody>
</table>
</table-wrap>
<appendix />
</docTable>
</docTableList>
</docTables>