<?xml version="1.0" encoding="utf-8"?>
<docTables>
<docMetaData inputFile="102118177171MS.txt" extractionDate="2021-03-15T10:04:23Z">
<doi>10.2118/177171-MS</doi>
<pii>10.2118/177171-MS</pii>
<publisher>SPE_Society_of_Petroleum_Engineers</publisher>
</docMetaData>
<docTableList>
<docTable pdf-page="20" table-order="1" data-type-order="24">
<table-wrap id="102118177171MS-tblwrp-1" content-type="structured">
<anchoringText id="Ancr1">When oil recovery is low due to viscosity, the obvious solution is to apply polymer to bring the mobility ratio closer to 1. Table 1 shows that the DB Rayoso formation passes general pre-screening criteria for polymer injection as suggested by Sheng et al. 2015</anchoringText>
<label>Table 1</label>
<caption>Screening of DB Rayoso for Polymer Flooding</caption>
<formatted-caption>
<caption-label>Table</caption-label>
<caption-order>1</caption-order>
<caption-text>Screening of DB Rayoso for Polymer Flooding</caption-text>
</formatted-caption>
<table id="102118177171MS-Tbl_SPi-1" frame="hsides">
<thead>
<tr>
<th valign="top" align="left">Parameter</th>
<th valign="top" align="left">Recommended for Polymer Flooding (Sheng et al. 2105)</th>
<th valign="top" align="left">Rayoso</th>
</tr>
</thead>
<tbody>
<tr>
<td valign="top" align="left">Rock permeability</td>
<td valign="top" align="left">&#x003E;50md</td>
<td valign="top" align="left">Targeted sands 200-2000md</td>
</tr>
<tr>
<td valign="top" align="left">Reservoir Temperature</td>
<td valign="top" align="left">&#x003C;93C</td>
<td valign="top" align="left">-45C</td>
</tr>
<tr>
<td valign="top" align="left">Formation Water Salinity (TDS, ppm)</td>
<td valign="top" align="left">&#x003C;50,000</td>
<td valign="top" align="left">20,000-30,000</td>
</tr>
<tr>
<td valign="top" align="left">Divalent (ppm)</td>
<td valign="top" align="left">&#x003C;100</td>
<td valign="top" align="left">150 (Injection Water is Fresh However)</td>
</tr>
<tr>
<td valign="top" align="left">Lithology</td>
<td valign="top" align="left">Sandstone</td>
<td valign="top" align="left">Sandstone</td>
</tr>
<tr>
<td valign="top" align="left">Clay</td>
<td valign="top" align="left">Low</td>
<td valign="top" align="left">Low</td>
</tr>
<tr>
<td valign="top" align="left">Oil Viscosity</td>
<td valign="top" align="left">&#x003C;150</td>
<td valign="top" align="left">18-22 Hamaca) (10,000in Cero</td>
</tr>
<tr>
<td valign="top" align="left">Remaining Oil Saturation to Water</td>
<td valign="top" align="left">&#x003E;0.1</td>
<td valign="top" align="left">&#x003E;0.6</td>
</tr>
<tr>
<td valign="top" align="left">Aquifer</td>
<td valign="top" align="left">Weak</td>
<td valign="top" align="left">None</td>
</tr>
<tr>
<td valign="top" align="left">Gas Cap</td>
<td valign="top" align="left">Weak</td>
<td valign="top" align="left">None</td>
</tr>
</tbody>
</table>
</table-wrap>
<appendix />
</docTable>
</docTableList>
</docTables>