<?xml version="1.0" encoding="utf-8"?>
<docTables>
<docMetaData inputFile="102118176287MS.txt" extractionDate="2021-03-15T12:56:40Z">
<doi>10.2118/176287-MS</doi>
<pii>10.2118/176287-MS</pii>
<publisher>SPE_Society_of_Petroleum_Engineers</publisher>
</docMetaData>
<docFigureList>
<docFigure pdf-page="2" figure-order="1" data-type-order="1">
<link href="link-1" type="image" />
<appendix>
<linkTarget id="link-1" type="image">
<anchoringText id="Ancr1">Besides the correct understanding of seismic data, understanding of geological and petrophysical events, reservoir fluid distribution, the production profile, pressure transient testing data, PVT properties and overall reservoir fluid characterization is fundamental to establish the actual reservoir potential, both in terms of achievable reserves and production development capabilities. All of this information is not only important at the initial stages of commercial production but during the production acceleration and plateau stabilization phases as well. The North Kuwait Gas Development Project consists initially of six fields. Most of the development activity has been oriented towards Raudhatain (RA) and Sabriyah (SA) fields, mainly in the highly heterogeneous, fractured, and initially over pressurized MM formation. The structure map for the MM is shown in Figure 1.</anchoringText>
<image-wrap id="102118176287MS-Img_SPi-1">
<label>Figure 1 </label>
<imageLink type="mediaResource" href="102118176287MS_i_1.tif" id="ImgLink-1" />
<caption>Structural map for Middle Marrat</caption>
<formatted-caption>
<caption-label>Figure</caption-label>
<caption-order>1</caption-order>
<caption-text>Structural map for Middle Marrat</caption-text>
</formatted-caption>
</image-wrap>
</linkTarget>
</appendix>
</docFigure>
<docFigure pdf-page="4" figure-order="2" data-type-order="2">
<link href="link-2" type="image" />
<appendix>
<linkTarget id="link-2" type="image">
<anchoringText id="Ancr2">A geophysics review study was conducted as parts of the construction of the static and dynamic model for reservoirs in the Raudhatain and Sabriyah fields. The 3D seismic survey information used was a Pre-Stack Migration in Time (PSTM), reprocessed in July 2012. From the seismic section we can observe several vertical features as a "chimney" zone with chaotic and low amplitudes, which are interpreted as " gas chimneys" in the proximity of wells used in this study. This observation is depicted in Figure 2.</anchoringText>
<image-wrap id="102118176287MS-Img_SPi-2">
<label>Figure 2 </label>
<imageLink type="mediaResource" href="102118176287MS_i_2.tif" id="ImgLink-2" />
<caption>Seismic amplitude anomaly</caption>
<formatted-caption>
<caption-label>Figure</caption-label>
<caption-order>2</caption-order>
<caption-text>Seismic amplitude anomaly</caption-text>
</formatted-caption>
</image-wrap>
</linkTarget>
</appendix>
</docFigure>
<docFigure pdf-page="4" figure-order="3" data-type-order="3">
<link href="link-3" type="image" />
<appendix>
<linkTarget id="link-3" type="image">
<anchoringText id="Ancr3">A geophysics review study was conducted as parts of the construction of the static and dynamic model for reservoirs in the Raudhatain and Sabriyah fields. The 3D seismic survey information used was a Pre-Stack Migration in Time (PSTM), reprocessed in July 2012. From the seismic section we can observe several vertical features as a "chimney" zone with chaotic and low amplitudes, which are interpreted as " gas chimneys" in the proximity of wells used in this study. This observation is depicted in Figure 2. Additional seismic attributes analysis such as Variance and Chaos were applied to the seismic data to support the "gas chimney" presence and are shown in Figure 3.</anchoringText>
<image-wrap id="102118176287MS-Img_SPi-3">
<label>Figure 3 </label>
<imageLink type="mediaResource" href="102118176287MS_i_3.tif" id="ImgLink-3" />
<caption>Seismic volume attributes</caption>
<formatted-caption>
<caption-label>Figure</caption-label>
<caption-order>3</caption-order>
<caption-text>Seismic volume attributes</caption-text>
</formatted-caption>
</image-wrap>
</linkTarget>
</appendix>
</docFigure>
<docFigure pdf-page="6" figure-order="4" data-type-order="4">
<link href="link-4" type="image" />
<appendix>
<linkTarget id="link-4" type="image">
<anchoringText id="Ancr4">Figure 4 shows a structural cross section with the recorded formation temperature for the different wells across neighboring SA and RA fields. With the aim to confirm the abnormal temperature gradient observed in the MM formation, a second source belonging to MDT data was incorporated. Gathered MDT data also displayed on a structural cross section is depicted in Figure 5. All MDT data available in the MM formation was incorporated into the analysis, consistently showing that the highest reservoir temperature were recorded in the most shallow areas in the SA field, with temperature ranging from 275.63 to 276.99 °F, for the depth interval of 14530 and 14793 ft bsl, respectively.</anchoringText>
<image-wrap id="102118176287MS-Img_SPi-4">
<label>Figure 4 </label>
<imageLink type="mediaResource" href="102118176287MS_i_4.tif" id="ImgLink-4" />
<caption>Structural Cross section including temperature from PTA’s</caption>
<formatted-caption>
<caption-label>Figure</caption-label>
<caption-order>4</caption-order>
<caption-text>Structural Cross section including temperature from PTA’s</caption-text>
</formatted-caption>
</image-wrap>
</linkTarget>
</appendix>
</docFigure>
<docFigure pdf-page="6" figure-order="5" data-type-order="5">
<link href="link-5" type="image" />
<appendix>
<linkTarget id="link-5" type="image">
<anchoringText id="Ancr5">Figure 4 shows a structural cross section with the recorded formation temperature for the different wells across neighboring SA and RA fields. With the aim to confirm the abnormal temperature gradient observed in the MM formation, a second source belonging to MDT data was incorporated. Gathered MDT data also displayed on a structural cross section is depicted in Figure 5. All MDT data available in the MM formation was incorporated into the analysis, consistently showing that the highest reservoir temperature were recorded in the most shallow areas in the SA field, with temperature ranging from 275.63 to 276.99 °F, for the depth interval of 14530 and 14793 ft bsl, respectively.</anchoringText>
<image-wrap id="102118176287MS-Img_SPi-5">
<label>Figure 5 </label>
<imageLink type="mediaResource" href="102118176287MS_i_5.tif" id="ImgLink-5" />
<caption>Structural Cross section including temperature data from MDT’s</caption>
<formatted-caption>
<caption-label>Figure</caption-label>
<caption-order>5</caption-order>
<caption-text>Structural Cross section including temperature data from MDT’s</caption-text>
</formatted-caption>
</image-wrap>
</linkTarget>
</appendix>
</docFigure>
<docFigure pdf-page="7" figure-order="6" data-type-order="6">
<link href="link-6" type="image" />
<appendix>
<linkTarget id="link-6" type="image">
<anchoringText id="Ancr6">The first study approach was based on diminishing temperature by increasing the depth to honor the abnormal temperature gradient in the direction of temperature reduction in order to generate different datasets of temperature dependent fluid compositions. In these data sets the reservoir temperature changes with depth considering the abnormal-inverse temperature gradient previously discussed. In Figure 6, one can observe the incremental changes in depth triggered a displacement of the critical point from the right side to the left side of the phase envelop diagram, away from the cricondentherm, until reaching a certain point in which the reservoir fluid phase behavior changes from liquid to gas condensate.</anchoringText>
<image-wrap id="102118176287MS-Img_SPi-6">
<label>Figure 6 </label>
<imageLink type="mediaResource" href="102118176287MS_i_6.tif" id="ImgLink-6" />
<caption>Compositional changes with depth; 1st approach</caption>
<formatted-caption>
<caption-label>Figure</caption-label>
<caption-order>6</caption-order>
<caption-text>Compositional changes with depth; 1st approach</caption-text>
</formatted-caption>
</image-wrap>
</linkTarget>
</appendix>
</docFigure>
<docFigure pdf-page="8" figure-order="7" data-type-order="7">
<link href="link-7" type="image" />
<appendix>
<linkTarget id="link-7" type="image">
<anchoringText id="Ancr7">The second study included compositional sensitivities, aimed to evaluate the effect of small variations in key fluid components and fluid thermodynamics. As depicted in Figure 7, for subsequent analyses, fractions of C1 and C7+ were slightly (Original C1= 63.7648 later modified to 61.8510; and Original C7+= 7.0752 and modified to 8.9889) modified from their original values, allowing the critical point to migrate away from the reservoir temperature line. At this point, the phase behavior changed from liquid to gas condensate.</anchoringText>
<image-wrap id="102118176287MS-Img_SPi-7">
<label>Figure 7 </label>
<imageLink type="mediaResource" href="102118176287MS_i_7.tif" id="ImgLink-7" />
<caption>Compositional changes increasing C7+ &amp; reducing C1; 2nd approach</caption>
<formatted-caption>
<caption-label>Figure</caption-label>
<caption-order>7</caption-order>
<caption-text>Compositional changes increasing C7+ &amp; reducing C1; 2nd approach</caption-text>
</formatted-caption>
</image-wrap>
</linkTarget>
</appendix>
</docFigure>
<docFigure pdf-page="9" figure-order="8" data-type-order="8">
<link href="link-8" type="image" />
<appendix>
<linkTarget id="link-8" type="image">
<anchoringText id="Ancr8">As can be seen in Figure 8, this water bearing shale layer which has been laterally correlated along the two neighboring fields, indicate a significant reduction in thickness towards the RA field, which in turn would suggest a reduced effect on heat storage potential.</anchoringText>
<image-wrap id="102118176287MS-Img_SPi-8">
<label>Figure 8 </label>
<imageLink type="mediaResource" href="102118176287MS_i_8.tif" id="ImgLink-8" />
<caption>Thickness map for the Dhruma shale layer</caption>
<formatted-caption>
<caption-label>Figure</caption-label>
<caption-order>8</caption-order>
<caption-text>Thickness map for the Dhruma shale layer</caption-text>
</formatted-caption>
</image-wrap>
</linkTarget>
</appendix>
</docFigure>
</docFigureList>
</docTables>