<?xml version="1.0" encoding="utf-8"?>
<docTables>
<docMetaData inputFile="102118177037MS.txt" extractionDate="2021-03-22T16:12:48Z">
<doi>10.2118/177037-MS</doi>
<pii>10.2118/177037-MS</pii>
<publisher>SPE_Society_of_Petroleum_Engineers</publisher>
</docMetaData>
<docFigureList>
<docFigure pdf-page="2" figure-order="1" data-type-order="1">
<link href="link-1" type="image" />
<appendix>
<linkTarget id="link-1" type="image">
<anchoringText id="Ancr1"> </anchoringText>
<image-wrap id="102118177037MS-Img_SPi-1">
<label>Figure 2.1 </label>
<imageLink type="mediaResource" href="102118177037MS_i_1.tif" id="ImgLink-1" />
<caption>Location of Sierra Chata Field</caption>
<formatted-caption>
<caption-label>Figure</caption-label>
<caption-order>2.1</caption-order>
<caption-text>Location of Sierra Chata Field</caption-text>
</formatted-caption>
</image-wrap>
</linkTarget>
</appendix>
</docFigure>
<docFigure pdf-page="3" figure-order="2" data-type-order="2">
<link href="link-2" type="image" />
<appendix>
<linkTarget id="link-2" type="image">
<anchoringText id="Ancr2"> </anchoringText>
<image-wrap id="102118177037MS-Img_SPi-2">
<label>Figure 3.2 </label>
<imageLink type="mediaResource" href="102118177037MS_i_2.tif" id="ImgLink-2" />
<caption>Temperature drop determination.</caption>
<formatted-caption>
<caption-label>Figure</caption-label>
<caption-order>3.2</caption-order>
<caption-text>Temperature drop determination.</caption-text>
</formatted-caption>
</image-wrap>
</linkTarget>
</appendix>
</docFigure>
<docFigure pdf-page="4" figure-order="3" data-type-order="3">
<link href="link-3" type="image" />
<appendix>
<linkTarget id="link-3" type="image">
<anchoringText id="Ancr3"> </anchoringText>
<image-wrap id="102118177037MS-Img_SPi-3">
<label>Figure 4.1 </label>
<imageLink type="mediaResource" href="102118177037MS_i_3.tif" id="ImgLink-3" />
<caption>Joule-Thomson coefficient vs. Pressure</caption>
<formatted-caption>
<caption-label>Figure</caption-label>
<caption-order>4.1</caption-order>
<caption-text>Joule-Thomson coefficient vs. Pressure</caption-text>
</formatted-caption>
</image-wrap>
</linkTarget>
</appendix>
</docFigure>
<docFigure pdf-page="4" figure-order="4" data-type-order="4">
<link href="link-4" type="image" />
<appendix>
<linkTarget id="link-4" type="image">
<anchoringText id="Ancr4">Joule-Thomson coefficient can be seen in Figure 4.2 Pressure vs. Enthalpy.</anchoringText>
<image-wrap id="102118177037MS-Img_SPi-4">
<label>Figure 4.2 </label>
<imageLink type="mediaResource" href="102118177037MS_i_4.tif" id="ImgLink-4" />
<caption>Pressure vs. Enthalpy.</caption>
<formatted-caption>
<caption-label>Figure</caption-label>
<caption-order>4.2</caption-order>
<caption-text>Pressure vs. Enthalpy.</caption-text>
</formatted-caption>
</image-wrap>
</linkTarget>
</appendix>
</docFigure>
<docFigure pdf-page="5" figure-order="5" data-type-order="5">
<link href="link-5" type="image" />
<appendix>
<linkTarget id="link-5" type="image">
<anchoringText id="Ancr5"> </anchoringText>
<image-wrap id="102118177037MS-Img_SPi-5">
<label>Figure 7.1 </label>
<imageLink type="mediaResource" href="102118177037MS_i_5.tif" id="ImgLink-5" />
<caption>Location of Candidate wells.</caption>
<formatted-caption>
<caption-label>Figure</caption-label>
<caption-order>7.1</caption-order>
<caption-text>Location of Candidate wells.</caption-text>
</formatted-caption>
</image-wrap>
</linkTarget>
</appendix>
</docFigure>
<docFigure pdf-page="6" figure-order="6" data-type-order="6">
<link href="link-6" type="image" />
<appendix>
<linkTarget id="link-6" type="image">
<anchoringText id="Ancr6">Figures 8.1 and 8.2 show PLTs profiles of wells SCh-53 and SCh-28 respectively. Flowing temperature profile (red curve) and normal geothermal profile (blue curve) are shown in the second track. The temperature difference (DeltaT) between these curves at perforation depth, is associated to Joule-Thomson effect.</anchoringText>
<image-wrap id="102118177037MS-Img_SPi-6">
<label>Figure 8.1 </label>
<imageLink type="mediaResource" href="102118177037MS_i_6.tif" id="ImgLink-6" />
<caption>PLT Report of SCh-53 well – 2009</caption>
<formatted-caption>
<caption-label>Figure</caption-label>
<caption-order>8.1</caption-order>
<caption-text>PLT Report of SCh-53 well – 2009</caption-text>
</formatted-caption>
</image-wrap>
</linkTarget>
</appendix>
</docFigure>
<docFigure pdf-page="6" figure-order="7" data-type-order="7">
<link href="link-7" type="image" />
<appendix>
<linkTarget id="link-7" type="image">
<anchoringText id="Ancr7">Figures 8.1 and 8.2 show PLTs profiles of wells SCh-53 and SCh-28 respectively. Flowing temperature profile (red curve) and normal geothermal profile (blue curve) are shown in the second track. The temperature difference (DeltaT) between these curves at perforation depth, is associated to Joule-Thomson effect.</anchoringText>
<image-wrap id="102118177037MS-Img_SPi-7">
<label>Figure 8.2 </label>
<imageLink type="mediaResource" href="102118177037MS_i_7.tif" id="ImgLink-7" />
<caption>PLT Report of SCh-28 well – 2007</caption>
<formatted-caption>
<caption-label>Figure</caption-label>
<caption-order>8.2</caption-order>
<caption-text>PLT Report of SCh-28 well – 2007</caption-text>
</formatted-caption>
</image-wrap>
</linkTarget>
</appendix>
</docFigure>
<docFigure pdf-page="7" figure-order="8" data-type-order="8">
<link href="link-8" type="image" />
<appendix>
<linkTarget id="link-8" type="image">
<anchoringText id="Ancr8"> </anchoringText>
<image-wrap id="102118177037MS-Img_SPi-8">
<label>Figure 9.1 </label>
<imageLink type="mediaResource" href="102118177037MS_i_8.tif" id="ImgLink-8" />
<caption>SCh-53 Joule-Thomson coefficient.</caption>
<formatted-caption>
<caption-label>Figure</caption-label>
<caption-order>9.1</caption-order>
<caption-text>SCh-53 Joule-Thomson coefficient.</caption-text>
</formatted-caption>
</image-wrap>
</linkTarget>
</appendix>
</docFigure>
<docFigure pdf-page="7" figure-order="9" data-type-order="9">
<link href="link-9" type="image" />
<appendix>
<linkTarget id="link-9" type="image">
<anchoringText id="Ancr9"> </anchoringText>
<image-wrap id="102118177037MS-Img_SPi-9">
<label>Figure 9.2 </label>
<imageLink type="mediaResource" href="102118177037MS_i_9.tif" id="ImgLink-9" />
<caption>SCh-28 Joule-Thomson coefficient</caption>
<formatted-caption>
<caption-label>Figure</caption-label>
<caption-order>9.2</caption-order>
<caption-text>SCh-28 Joule-Thomson coefficient</caption-text>
</formatted-caption>
</image-wrap>
</linkTarget>
</appendix>
</docFigure>
<docFigure pdf-page="7" figure-order="10" data-type-order="10">
<link href="link-10" type="image" />
<appendix>
<linkTarget id="link-10" type="image">
<anchoringText id="Ancr10"> </anchoringText>
<image-wrap id="102118177037MS-Img_SPi-10">
<label>Figure 9.3 </label>
<imageLink type="mediaResource" href="102118177037MS_i_10.tif" id="ImgLink-10" />
<caption>Pressure vs. Enthalpy SCh-53</caption>
<formatted-caption>
<caption-label>Figure</caption-label>
<caption-order>9.3</caption-order>
<caption-text>Pressure vs. Enthalpy SCh-53</caption-text>
</formatted-caption>
</image-wrap>
</linkTarget>
</appendix>
</docFigure>
<docFigure pdf-page="8" figure-order="11" data-type-order="11">
<link href="link-11" type="image" />
<appendix>
<linkTarget id="link-11" type="image">
<anchoringText id="Ancr11">In well SCh-53 the model fitted using Skin Factor = 9 at the first period of production, then the well suffered and incremental damage that increased the Skin factor to 22, the model is shown in the Figure 9.4.</anchoringText>
<image-wrap id="102118177037MS-Img_SPi-11">
<label>Figure 9.4 </label>
<imageLink type="mediaResource" href="102118177037MS_i_11.tif" id="ImgLink-11" />
<caption>Model 1 SCh-53</caption>
<formatted-caption>
<caption-label>Figure</caption-label>
<caption-order>9.4</caption-order>
<caption-text>- SCh-53</caption-text>
</formatted-caption>
</image-wrap>
</linkTarget>
</appendix>
</docFigure>
<docFigure pdf-page="8" figure-order="12" data-type-order="12">
<link href="link-12" type="image" />
<appendix>
<linkTarget id="link-12" type="image">
<anchoringText id="Ancr12">Curves of productivity index IPR, were calculated with different skin factors. The curves are shown in Figure 9.5.</anchoringText>
<image-wrap id="102118177037MS-Img_SPi-12">
<label>Figure 9.5 </label>
<imageLink type="mediaResource" href="102118177037MS_i_12.tif" id="ImgLink-12" />
<caption>IPR curves SCh-53</caption>
<formatted-caption>
<caption-label>Figure</caption-label>
<caption-order>9.5</caption-order>
<caption-text>IPR curves SCh-53</caption-text>
</formatted-caption>
</image-wrap>
</linkTarget>
</appendix>
</docFigure>
<docFigure pdf-page="9" figure-order="13" data-type-order="13">
<link href="link-13" type="image" />
<appendix>
<linkTarget id="link-13" type="image">
<anchoringText id="Ancr13">In well SCh-28 the model matched using Skin Factor = 2, as shown in Figure 9.6.</anchoringText>
<image-wrap id="102118177037MS-Img_SPi-13">
<label>Figure 9.6 </label>
<imageLink type="mediaResource" href="102118177037MS_i_13.tif" id="ImgLink-13" />
<caption>Model 2 SCh-28</caption>
<formatted-caption>
<caption-label>Figure</caption-label>
<caption-order>9.6</caption-order>
<caption-text>- SCh-28</caption-text>
</formatted-caption>
</image-wrap>
</linkTarget>
</appendix>
</docFigure>
<docFigure pdf-page="9" figure-order="14" data-type-order="14">
<link href="link-14" type="image" />
<appendix>
<linkTarget id="link-14" type="image">
<anchoringText id="Ancr14">IPR curves for different skin factors are shown in Figure 9.7.</anchoringText>
<image-wrap id="102118177037MS-Img_SPi-14">
<label>Figure 9.7 </label>
<imageLink type="mediaResource" href="102118177037MS_i_14.tif" id="ImgLink-14" />
<caption>IPR Curves - SCh-28</caption>
<formatted-caption>
<caption-label>Figure</caption-label>
<caption-order>9.7</caption-order>
<caption-text>IPR Curves - SCh-28</caption-text>
</formatted-caption>
</image-wrap>
</linkTarget>
</appendix>
</docFigure>
<docFigure pdf-page="10" figure-order="15" data-type-order="15">
<link href="link-15" type="image" />
<appendix>
<linkTarget id="link-15" type="image">
<anchoringText id="Ancr15">Well SCh-53 was re-perforated 14 months after the PLT log had detected Joule Thomson Effect. Results are shown in Figure 10.1. The increase in gas production was 25 Mm3/d.</anchoringText>
<image-wrap id="102118177037MS-Img_SPi-15">
<label>Figure 10.1 </label>
<imageLink type="mediaResource" href="102118177037MS_i_15.tif" id="ImgLink-15" />
<caption>Models 1 and 2 - SCh-53</caption>
<formatted-caption>
<caption-label>Figure</caption-label>
<caption-order>10.1</caption-order>
<caption-text>and 2 - SCh-53</caption-text>
</formatted-caption>
</image-wrap>
</linkTarget>
</appendix>
</docFigure>
<docFigure pdf-page="10" figure-order="16" data-type-order="16">
<link href="link-16" type="image" />
<appendix>
<linkTarget id="link-16" type="image">
<anchoringText id="Ancr16">In the new flowing condition, a new PLT was run in SCh-53 as shown in Figure 10.2. This figure also shows a comparison with 2009 PLT profile (in violet) of the same well. It’s assumed that re-perforation has restored incremental damage, decreasing the skin damage back to 9, and that the flowing condition was similar to the conditions in the first PLT.</anchoringText>
<image-wrap id="102118177037MS-Img_SPi-16">
<label>Figure 10.2 </label>
<imageLink type="mediaResource" href="102118177037MS_i_16.tif" id="ImgLink-16" />
<caption>PLT report SCh-53 – 2011</caption>
<formatted-caption>
<caption-label>Figure</caption-label>
<caption-order>10.2</caption-order>
<caption-text>PLT report SCh-53 – 2011</caption-text>
</formatted-caption>
</image-wrap>
</linkTarget>
</appendix>
</docFigure>
<docFigure pdf-page="11" figure-order="17" data-type-order="17">
<link href="link-17" type="image" />
<appendix>
<linkTarget id="link-17" type="image">
<anchoringText id="Ancr17">A repair proposal involving hydraulic fracturing of SCh-53 was made according to these results and build-up tests analysis that confirmed high formation damage. Results of fracture stimulation are shown in Figure 10.3. With this stimulation a 72 Mm3/d incremental production of gas was obtained.</anchoringText>
<image-wrap id="102118177037MS-Img_SPi-17">
<label>Figure 10.3 </label>
<imageLink type="mediaResource" href="102118177037MS_i_17.tif" id="ImgLink-17" />
<caption>Models 1 2 and 3 - SCh-53</caption>
<formatted-caption>
<caption-label>Figure</caption-label>
<caption-order>10.3</caption-order>
<caption-text>, 2 and 3 - SCh-53</caption-text>
</formatted-caption>
</image-wrap>
</linkTarget>
</appendix>
</docFigure>
<docFigure pdf-page="11" figure-order="18" data-type-order="18">
<link href="link-18" type="image" />
<appendix>
<linkTarget id="link-18" type="image">
<anchoringText id="Ancr18">Once stabilized production, a new PLT profile was run in SCh-53 well in 2013 as shown in Figure 10.4. This figure also shows comparison with 2011 PLT profile (in violet), indicating that after fracturing, the cooling effect of Joule-Thomson decreased significantly. This behavior confirms the premises that motivated this paper.</anchoringText>
<image-wrap id="102118177037MS-Img_SPi-18">
<label>Figure 10.4 </label>
<imageLink type="mediaResource" href="102118177037MS_i_18.tif" id="ImgLink-18" />
<caption>PLT Report SCh-53 2013</caption>
<formatted-caption>
<caption-label>Figure</caption-label>
<caption-order>10.4</caption-order>
<caption-text>PLT Report SCh-53 2013</caption-text>
</formatted-caption>
</image-wrap>
</linkTarget>
</appendix>
</docFigure>
<docFigure pdf-page="12" figure-order="19" data-type-order="19">
<link href="link-19" type="image" />
<appendix>
<linkTarget id="link-19" type="image">
<anchoringText id="Ancr19">Figure 10.5 shows in detail ΔT decrese achived by well fracturing.</anchoringText>
<image-wrap id="102118177037MS-Img_SPi-19">
<label>Figure 10.5 </label>
<imageLink type="mediaResource" href="102118177037MS_i_19.tif" id="ImgLink-19" />
<caption>Temperature Profiles PLTs SCh-53 2011 and 2013</caption>
<formatted-caption>
<caption-label>Figure</caption-label>
<caption-order>10.5</caption-order>
<caption-text>Temperature Profiles PLTs SCh-53 2011 and 2013</caption-text>
</formatted-caption>
</image-wrap>
</linkTarget>
</appendix>
</docFigure>
<docFigure pdf-page="12" figure-order="20" data-type-order="20">
<link href="link-20" type="image" />
<appendix>
<linkTarget id="link-20" type="image">
<anchoringText id="Ancr20">The SCh-28 was re-perforated, 2 years and 8 months after running PLT log that detected Joule Thomson Effect. Results are shown in Figure 10.6, with this stimulation a 5 Mm3/d Incremental production of gas was achieved.</anchoringText>
<image-wrap id="102118177037MS-Img_SPi-20">
<label>Figure 10.6 </label>
<imageLink type="mediaResource" href="102118177037MS_i_20.tif" id="ImgLink-20" />
<caption>Pre and post re-perforating SCh-28</caption>
<formatted-caption>
<caption-label>Figure</caption-label>
<caption-order>10.6</caption-order>
<caption-text>Pre and post re-perforating SCh-28</caption-text>
</formatted-caption>
</image-wrap>
</linkTarget>
</appendix>
</docFigure>
<docFigure pdf-page="13" figure-order="21" data-type-order="21">
<link href="link-21" type="image" />
<appendix>
<linkTarget id="link-21" type="image">
<anchoringText id="Ancr21">In the new flowing condition a new PLT profile was made in SCh-28 as shown in Figure 10</anchoringText>
<image-wrap id="102118177037MS-Img_SPi-21">
<label>Figure 10.7 </label>
<imageLink type="mediaResource" href="102118177037MS_i_21.tif" id="ImgLink-21" />
<caption>PLT Report SCh-28 2013</caption>
<formatted-caption>
<caption-label>Figure</caption-label>
<caption-order>10.7</caption-order>
<caption-text>PLT Report SCh-28 2013</caption-text>
</formatted-caption>
</image-wrap>
</linkTarget>
</appendix>
</docFigure>
<docFigure pdf-page="13" figure-order="22" data-type-order="22">
<link href="link-22" type="image" />
<appendix>
<linkTarget id="link-22" type="image">
<anchoringText id="Ancr22"> </anchoringText>
<image-wrap id="102118177037MS-Img_SPi-22">
<label>Figure 10.8 </label>
<imageLink type="mediaResource" href="102118177037MS_i_22.tif" id="ImgLink-22" />
<caption>Temperature Profiles PLTs SCh-28 years 2007 and 2013</caption>
<formatted-caption>
<caption-label>Figure</caption-label>
<caption-order>10.8</caption-order>
<caption-text>Temperature Profiles PLTs SCh-28 years 2007 and 2013</caption-text>
</formatted-caption>
</image-wrap>
</linkTarget>
</appendix>
</docFigure>
<docFigure pdf-page="14" figure-order="23" data-type-order="23">
<link href="link-23" type="image" />
<appendix>
<linkTarget id="link-23" type="image">
<anchoringText id="Ancr23">If a hydraulic fracture of length Xf = 16,5 m was performed in SCh-28, as shown in Figure 13, an incremental of 60 Mm3/d in gas production is predicted.</anchoringText>
<image-wrap id="102118177037MS-Img_SPi-23">
<label>Figure 13 </label>
<imageLink type="mediaResource" href="102118177037MS_i_23.tif" id="ImgLink-23" />
<caption>Actual IPR curves - SCh-28</caption>
<formatted-caption>
<caption-label>Figure</caption-label>
<caption-order>13</caption-order>
<caption-text>Actual IPR curves - SCh-28</caption-text>
</formatted-caption>
</image-wrap>
</linkTarget>
</appendix>
</docFigure>
</docFigureList>
</docTables>