<?xml version="1.0" encoding="utf-8"?>
<docTables>
<docMetaData inputFile="102118178878MS.txt" extractionDate="2021-03-20T15:04:03Z">
<doi>10.2118/178878-MS</doi>
<pii>10.2118/178878-MS</pii>
<publisher>SPE_Society_of_Petroleum_Engineers</publisher>
</docMetaData>
<docFigureList>
<docFigure pdf-page="2" figure-order="1" data-type-order="1">
<link href="link-1" type="image" />
<appendix>
<linkTarget id="link-1" type="image">
<anchoringText id="Ancr6">The Amosing and Ngamia fields are located in the South Lokichar basin in the Turkana region of north-west Kenya, as shown in Fig. 1. These fields are two of a series of discoveries so far made in the basin, indicated in Fig. 2. The productive Auwerwer sandstone reservoirs are early to mid-Miocene in age and have been deposited in a channelized fluvial environment. The reservoirs are stacked in repeated heterogeneous sand/shale sequences over intervals of approximately 800 – 1,000m thickness.</anchoringText>
<image-wrap id="102118178878MS-Img_SPi-1">
<label>Figure 1 </label>
<imageLink type="mediaResource" href="102118178878MS_i_1.tif" id="ImgLink-1" />
<caption>Location map for South Lokichar Basin, Kenya.</caption>
<formatted-caption>
<caption-label>Figure</caption-label>
<caption-order>1</caption-order>
<caption-text>Location map for South Lokichar Basin, Kenya.</caption-text>
</formatted-caption>
</image-wrap>
</linkTarget>
</appendix>
</docFigure>
<docFigure pdf-page="2" figure-order="2" data-type-order="2">
<link href="link-2" type="image" />
<appendix>
<linkTarget id="link-2" type="image">
<anchoringText id="Ancr7">The Amosing and Ngamia fields are located in the South Lokichar basin in the Turkana region of north-west Kenya, as shown in Fig. 1. These fields are two of a series of discoveries so far made in the basin, indicated in Fig. 2. The productive Auwerwer sandstone reservoirs are early to mid-Miocene in age and have been deposited in a channelized fluvial environment. The reservoirs are stacked in repeated heterogeneous sand/shale sequences over intervals of approximately 800 – 1,000m thickness.</anchoringText>
<image-wrap id="102118178878MS-Img_SPi-2">
<label>Figure 2 </label>
<imageLink type="mediaResource" href="102118178878MS_i_2.tif" id="ImgLink-2" />
<caption>Location map for Amosing and Ngamia fields.</caption>
<formatted-caption>
<caption-label>Figure</caption-label>
<caption-order>2</caption-order>
<caption-text>Location map for Amosing and Ngamia fields.</caption-text>
</formatted-caption>
</image-wrap>
</linkTarget>
</appendix>
</docFigure>
<docFigure pdf-page="3" figure-order="3" data-type-order="3">
<link href="link-3" type="image" />
<appendix>
<linkTarget id="link-3" type="image">
<anchoringText id="Ancr8">The high wax content gives low wax appearance temperature values of 65 – 70°C and a pour point temperature of 39°C. A combination of electric downhole heating, hot water circulation and surface line heat tracing was required to maintain flow at surface and prevent the oil solidifying when the wells were shut in. Fig.3 shows a photograph of the crude at ambient surface conditions. Zonal production rates ranged from 300 – 2,600 BOPD. The workover rig also performed any required suspensions and abandonments. Productive zones were tested in a ‘bottom up’ sequence, with each zone being killed and isolated prior to moving up hole to the next zone. A five zone well test would take 50 – 60 days to complete.</anchoringText>
<image-wrap id="102118178878MS-Img_SPi-3">
<label>Figure 3 </label>
<imageLink type="mediaResource" href="102118178878MS_i_3.tif" id="ImgLink-3" />
<caption>South Lokichar crude oil at ambient conditions.</caption>
<formatted-caption>
<caption-label>Figure</caption-label>
<caption-order>3</caption-order>
<caption-text>South Lokichar crude oil at ambient conditions.</caption-text>
</formatted-caption>
</image-wrap>
</linkTarget>
</appendix>
</docFigure>
<docFigure pdf-page="7" figure-order="4" data-type-order="7">
<link href="link-4" type="image" />
<appendix>
<linkTarget id="link-4" type="image">
<anchoringText id="Ancr9">Unfortunately, the combined optical fibre/conductor cable failed qualification testing after manufacture. It was decided at that point to deploy optical fibre in the two production wells only, which did result in the requirement for an extra tubing hanger penetration in these wells. The distributed temperature sensing data being acquired during the main flow periods is providing valuable information regarding the distribution of flow contribution within the zones of interest. Fig. 4 shows a schematic of the completion run in each well.</anchoringText>
<image-wrap id="102118178878MS-Img_SPi-4">
<label>Figure 4 </label>
<imageLink type="mediaResource" href="102118178878MS_i_4.tif" id="ImgLink-4" />
<caption>Extended well test completion schematic.</caption>
<formatted-caption>
<caption-label>Figure</caption-label>
<caption-order>4</caption-order>
<caption-text>Extended well test completion schematic.</caption-text>
</formatted-caption>
</image-wrap>
</linkTarget>
</appendix>
</docFigure>
<docFigure pdf-page="9" figure-order="5" data-type-order="8">
<link href="link-5" type="image" />
<appendix>
<linkTarget id="link-5" type="image">
<anchoringText id="Ancr10">In the production wells completed inside 95/8” casing, the use of 4½” tubing in the upper section allowed the deployment of a 3¼ pump, which was located in a pump seating nipple. For the observation wells the entire tubing string was 3½” OD and the pumps in those wells were 2¼” units located using a pump anchor. It was not possible to use a pump seating nipple in the observation wells as the minimum ID was less than the OD of the shifting tool required for contingency mechanical operation of the inflow control valves in the event of the loss of primary hydraulic control. Fig. 5 shows an hydraulic rod pump rigged up on one of the wells.</anchoringText>
<image-wrap id="102118178878MS-Img_SPi-5">
<label>Figure 5 </label>
<imageLink type="mediaResource" href="102118178878MS_i_5.tif" id="ImgLink-5" />
<caption>Hydraulic rod pump installed on well.</caption>
<formatted-caption>
<caption-label>Figure</caption-label>
<caption-order>5</caption-order>
<caption-text>Hydraulic rod pump installed on well.</caption-text>
</formatted-caption>
</image-wrap>
</linkTarget>
</appendix>
</docFigure>
<docFigure pdf-page="10" figure-order="6" data-type-order="10">
<link href="link-6" type="image" />
<appendix>
<linkTarget id="link-6" type="image">
<anchoringText id="Ancr11">Experience from those testing operations proved that the oil would solidify if production was shut in and the oil was not immediately circulated out of the string. Studies conducted during the planning phase showed that sufficient heat could be provided to meet the fluid temperature requirements by installing a heater cable down to at least 800m below the surface. The heater chosen was two-leg type installed with special penetrations through the tubing hanger. Fig.6 shows a schematic of the downhole heater installation. The downhole heater is powered by its own dedicated diesel driven electrical generator.</anchoringText>
<image-wrap id="102118178878MS-Img_SPi-6">
<label>Figure 6 </label>
<imageLink type="mediaResource" href="102118178878MS_i_6.tif" id="ImgLink-6" />
<caption>Downhole heater schematic.</caption>
<formatted-caption>
<caption-label>Figure</caption-label>
<caption-order>6</caption-order>
<caption-text>Downhole heater schematic.</caption-text>
</formatted-caption>
</image-wrap>
</linkTarget>
</appendix>
</docFigure>
<docFigure composite="true" composite-count="2" pdf-page="12" figure-order="7" data-type-order="11">
<link href="link-7" type="image" />
<appendix>
<linkTarget id="link-7" type="image">
<anchoringText id="Ancr12">Tubing hanger preparation to accommodate all the control line and cable feedthroughs was a challenge. The layout of the penetrations had to allow as much separation as possible between the heater cables and other lines to minimize the potential for damage. The heater cable surface operating temperature below the tubing hanger is approximately 160°C. Fig. 7 shows the arrangement of penetrations through the tubing hanger in schematic form and a photograph taken during the system integration testing.</anchoringText>
<image-wrap id="102118178878MS-Img_SPi-7">
<label>Figure 7 </label>
<imageLink type="mediaResource" href="102118178878MS_i_7.tif" id="ImgLink-7" />
<caption>Tubing hanger penetration detail.</caption>
<formatted-caption>
<caption-label>Figure</caption-label>
<caption-order>7</caption-order>
<caption-text>Tubing hanger penetration detail.</caption-text>
</formatted-caption>
</image-wrap>
<image-wrap id="102118178878MS-Img_SPi-7a">
<imageLink type="mediaResource" href="102118178878MS_i_7a.tif" id="ImgLink-7a" />
</image-wrap>
<image-wrap id="102118178878MS-Img_SPi-7b">
<imageLink type="mediaResource" href="102118178878MS_i_7b.tif" id="ImgLink-7b" />
</image-wrap>
</linkTarget>
</appendix>
</docFigure>
<docFigure pdf-page="14" figure-order="8" data-type-order="13">
<link href="link-8" type="image" />
<appendix>
<linkTarget id="link-8" type="image">
<anchoringText id="Ancr13">Fig. 8 presents an example plot of pressure and temperature data from the Ngamia production well clean-up flow. This illustrates clearly the ability to monitor zonal pressure drawdown and build-up profiles simultaneously. High quality pressure transient analysis has been been performed and the derived reservoir property data has been calculated with a high degree of confidence.</anchoringText>
<image-wrap id="102118178878MS-Img_SPi-8">
<label>Figure 8 </label>
<imageLink type="mediaResource" href="102118178878MS_i_8.tif" id="ImgLink-8" />
<caption>Ngamia extended well test producer clean-up pressure data</caption>
<formatted-caption>
<caption-label>Figure</caption-label>
<caption-order>8</caption-order>
<caption-text>Ngamia extended well test producer clean-up pressure data</caption-text>
</formatted-caption>
</image-wrap>
</linkTarget>
</appendix>
</docFigure>
<docFigure pdf-page="14" figure-order="9" data-type-order="14">
<link href="link-9" type="image" />
<appendix>
<linkTarget id="link-9" type="image">
<anchoringText id="Ancr14">Fig. 9 presents a plot illustrating the interference effect across a single zone between the production (Well 2) and observation wells (Well 1) from the Amosing field main flow period. The red and blue lines represent the bottomhole pressure responses from the flowing well (red) and the observation well (blue). The pressure decline in the observation well, highlighted in the green elipse, as the production well is flowed is clear. The decline observed was approximately 50 psi over the course of a five day flowing period.</anchoringText>
<image-wrap id="102118178878MS-Img_SPi-9">
<label>Figure 9 </label>
<imageLink type="mediaResource" href="102118178878MS_i_9.tif" id="ImgLink-9" />
<caption>Interference effect pressure data from single zone - Amosing field</caption>
<formatted-caption>
<caption-label>Figure</caption-label>
<caption-order>9</caption-order>
<caption-text>Interference effect pressure data from single zone - Amosing field</caption-text>
</formatted-caption>
</image-wrap>
</linkTarget>
</appendix>
</docFigure>
<docFigure pdf-page="15" figure-order="10" data-type-order="15">
<link href="link-10" type="image" />
<appendix>
<linkTarget id="link-10" type="image">
<anchoringText id="Ancr15">The capture of DTS temperature data is also proving to be an extremely useful diagnostic tool in identifying flow contribution information within a single zone as well as providing a means to assess the downhole heater performance in the upper tubing of the two production wells. Fig. 10 shows a plot of DTS data acquired across a single zone from the Amosing EWT production well.</anchoringText>
<image-wrap id="102118178878MS-Img_SPi-10">
<label>Figure 10 </label>
<imageLink type="mediaResource" href="102118178878MS_i_10.tif" id="ImgLink-10" />
<caption>Zone DTS data</caption>
<formatted-caption>
<caption-label>Figure</caption-label>
<caption-order>10</caption-order>
<caption-text>Zone DTS data</caption-text>
</formatted-caption>
</image-wrap>
</linkTarget>
</appendix>
</docFigure>
</docFigureList>
</docTables>