<?xml version="1.0" encoding="utf-8"?>
<docTables>
<docMetaData inputFile="102118179106MS.txt" extractionDate="2021-03-18T12:38:39Z">
<doi>10.2118/179106-MS</doi>
<pii>10.2118/179106-MS</pii>
<publisher>SPE_Society_of_Petroleum_Engineers</publisher>
</docMetaData>
<docFigureList>
<docFigure pdf-page="2" figure-order="1" data-type-order="1">
<link href="link-1" type="image" />
<appendix>
<linkTarget id="link-1" type="image">
<anchoringText id="Ancr1">Wattenberg field of the Denver Julesburg basin, Colorado as shown in Figure 1 (Sonnenburg, 2002) isone of the largest overpressured, basin-centered oil and gas fields within the Rockies in terms of total proved reserves, areal extent, and number of wells drilled. Discovered in 1970 by the drilling of a vertical well into the Dakota “J” sandstone, Wattenberg continues to be one of the most active fields currently in the country, despite almost continuous oil and gas development throughout the last 45 years.</anchoringText>
<image-wrap id="102118179106MS-Img_SPi-1">
<label>Figure 1 </label>
<imageLink type="mediaResource" href="102118179106MS_i_1.tif" id="ImgLink-1" />
<caption>Map of Wattenberg Field and DJ Basin Stratigraphic Column</caption>
<formatted-caption>
<caption-label>Figure</caption-label>
<caption-order>1</caption-order>
<caption-text>Map of Wattenberg Field and DJ Basin Stratigraphic Column</caption-text>
</formatted-caption>
</image-wrap>
</linkTarget>
</appendix>
</docFigure>
<docFigure pdf-page="3" figure-order="2" data-type-order="2">
<link href="link-2" type="image" />
<appendix>
<linkTarget id="link-2" type="image">
<anchoringText id="Ancr2">The 5-well study pad is located in the Wattenberg Field, Weld County, Colorado. Five horizontal wells named I, J, K, L and M respectively were drilled in this pad oriented from north [hee&#x003C; to south [toe] as shown in Figure 2.</anchoringText>
<image-wrap id="102118179106MS-Img_SPi-2">
<label>Figure 2 </label>
<imageLink type="mediaResource" href="102118179106MS_i_2.tif" id="ImgLink-2" />
<caption>Five Well Pad with Central Graben</caption>
<formatted-caption>
<caption-label>Figure</caption-label>
<caption-order>2</caption-order>
<caption-text>Five Well Pad with Central Graben</caption-text>
</formatted-caption>
</image-wrap>
</linkTarget>
</appendix>
</docFigure>
<docFigure pdf-page="4" figure-order="3" data-type-order="3">
<link href="link-3" type="image" />
<appendix>
<linkTarget id="link-3" type="image">
<anchoringText id="Ancr3">As shown in Figure 2, fault throws encountered were on the order of ~50 feet. The primary target for these five wells is the Niobrara “C” chalk bench as shown in Figure 3 which is a type log from an offset vertical well. Wells I and L were landed in and stayed in the lower “C” chalk bench for most of the lateral but had a toe-up design in the second half of the well, ending in the lower “B” chalk bench. Wells J and M were planned in the lower “C” chalk bench and stayed there flat throughout the entire lateral. The Well-K was drilled in the middle “C” chalk bench and stayed flat in the middle of the chalk until the graben where it contacted the “B” chalk before ending up in the lower part of the “B” marl.</anchoringText>
<image-wrap id="102118179106MS-Img_SPi-3">
<label>Figure 3 </label>
<imageLink type="mediaResource" href="102118179106MS_i_3.tif" id="ImgLink-3" />
<caption>Vertical Offset Well Type Log</caption>
<formatted-caption>
<caption-label>Figure</caption-label>
<caption-order>3</caption-order>
<caption-text>Vertical Offset Well Type Log</caption-text>
</formatted-caption>
</image-wrap>
</linkTarget>
</appendix>
</docFigure>
<docFigure pdf-page="4" figure-order="4" data-type-order="4">
<link href="link-4" type="image" />
<appendix>
<linkTarget id="link-4" type="image">
<anchoringText id="Ancr4">Eventhough Wells I and L were drilled similarly, Well-K and Well-L were chosen for this optimization study because they were next to each other and Well-I had sleeves while both Well-K and Well-L utilized perf-n-plug completion methodology. Figure 4 depicts the Niobrara structural cross section along the Well-K directional survey. It clearly shows the well landing in the middle “C” chalk bench before being faulted into the “B” chalk and then back into the upper “C” chalk and lower “B” marl.</anchoringText>
<image-wrap id="102118179106MS-Img_SPi-4">
<label>Figure 4 </label>
<imageLink type="mediaResource" href="102118179106MS_i_4.tif" id="ImgLink-4" />
<caption>Well-K Niobrara Structural Cross Section</caption>
<formatted-caption>
<caption-label>Figure</caption-label>
<caption-order>4</caption-order>
<caption-text>Well-K Niobrara Structural Cross Section</caption-text>
</formatted-caption>
</image-wrap>
</linkTarget>
</appendix>
</docFigure>
<docFigure pdf-page="5" figure-order="5" data-type-order="5">
<link href="link-5" type="image" />
<appendix>
<linkTarget id="link-5" type="image">
<anchoringText id="Ancr5">Figure 5 shows the Niobrara structural cross section along the Well-L directional survey. The well follows a toe-up design with the heel landing in the lower “C” chalk followed by faulting into the “B” chalk and then back into the “B” marl before ending up in the “B” chalk again. The well trajectories and where they landed need to be accounted for when comparing production.</anchoringText>
<image-wrap id="102118179106MS-Img_SPi-5">
<label>Figure 5 </label>
<imageLink type="mediaResource" href="102118179106MS_i_5.tif" id="ImgLink-5" />
<caption>Well-L Niobrara Structural Cross Section</caption>
<formatted-caption>
<caption-label>Figure</caption-label>
<caption-order>5</caption-order>
<caption-text>Well-L Niobrara Structural Cross Section</caption-text>
</formatted-caption>
</image-wrap>
</linkTarget>
</appendix>
</docFigure>
<docFigure composite="true" composite-count="2" pdf-page="6" figure-order="6" data-type-order="6">
<link href="link-6" type="image" />
<appendix>
<linkTarget id="link-6" type="image">
<anchoringText id="Ancr6">A step-rate test was performed before each stage in Well-L except stage 1 where no divertor was applied as a precautionary measure. The results from the step-rate test were then applied to a proprietary algorithm to determine the amount of environmentally friendly divertor to be pumped. The main objective of this diversion process is to ensure uniform distribution of the proppant near-wellbore as shown in Figure 6, instead of the path of least resistance taking off the entire treatment. The example shown below is from an actual pilot well with intra-stage diversion in few stages. The tracer log confirms the intra-stage diversion representation.</anchoringText>
<image-wrap id="102118179106MS-Img_SPi-6">
<label>Figure 6 </label>
<imageLink type="mediaResource" href="102118179106MS_i_6.tif" id="ImgLink-6" />
<caption>Limited Entry (top) vs. Intra-stage Diversion (bottom) Example with Tracers</caption>
<formatted-caption>
<caption-label>Figure</caption-label>
<caption-order>6</caption-order>
<caption-text>Limited Entry (top) vs. Intra-stage Diversion (bottom) Example with Tracers</caption-text>
</formatted-caption>
</image-wrap>
<image-wrap id="102118179106MS-Img_SPi-6a">
<imageLink type="mediaResource" href="102118179106MS_i_6a.tif" id="ImgLink-6a" />
<figure-specific-caption>
<caption-order></caption-order>
<caption-text>Skyscraper Coverage With Limited Entry</caption-text>
</figure-specific-caption>
</image-wrap>
<image-wrap id="102118179106MS-Img_SPi-6b">
<imageLink type="mediaResource" href="102118179106MS_i_6b.tif" id="ImgLink-6b" />
<figure-specific-caption>
<caption-order></caption-order>
<caption-text>Possible/Potential Coverage with AF Intrastage Diversion</caption-text>
</figure-specific-caption>
</image-wrap>
</linkTarget>
</appendix>
</docFigure>
<docFigure pdf-page="6" figure-order="7" data-type-order="7">
<link href="link-7" type="image" />
<appendix>
<linkTarget id="link-7" type="image">
<anchoringText id="Ancr7">Since Diagnostic Fracture Injection test (DFIT) was not available in any of the study wells, represen-tative information from the area was used to history match few of the stimulation stages in both Well-K and Well-L before any calibration with the fiber-optics results. One representative stage from each well is included here for review. Stage 26 was randomly chosen from Well-K and the treatment history match analysis is shown in Figure 7.</anchoringText>
<image-wrap id="102118179106MS-Img_SPi-7">
<label>Figure 7 </label>
<imageLink type="mediaResource" href="102118179106MS_i_7.tif" id="ImgLink-7" />
<caption>Limited Entry Treatment History Match Analysis, Well-K, Stage 26</caption>
<formatted-caption>
<caption-label>Figure</caption-label>
<caption-order>7</caption-order>
<caption-text>Limited Entry Treatment History Match Analysis, Well-K, Stage 26</caption-text>
</formatted-caption>
</image-wrap>
</linkTarget>
</appendix>
</docFigure>
<docFigure pdf-page="7" figure-order="8" data-type-order="8">
<link href="link-8" type="image" />
<appendix>
<linkTarget id="link-8" type="image">
<anchoringText id="Ancr8">The dotted lines are the actuals and the solid lines represent the model output. A maximum proppant concentration of 4 ppg was pumped in this stage and the model treatment data agrees well with the actual data without any calibration from the fiber-optics diagnostics results. The proppant distribution in lbm/sq.ft from this limited entry treatment is shown in Figure 8. The proppant distribution scale varies between 0 and 1 lbm/sq.ft. The justification for adding a longitudinal component to the model came from several other fiber-optics diagnostic results in the DJ basin. The history match analysis shows some perforations not getting any treatment. This could be due to several reasons including stress shadowing from other two clusters.</anchoringText>
<image-wrap id="102118179106MS-Img_SPi-8">
<label>Figure 8 </label>
<imageLink type="mediaResource" href="102118179106MS_i_8.tif" id="ImgLink-8" />
<caption>Proppant Distribution in lbm/sq.ft, Well-K, Stage 26</caption>
<formatted-caption>
<caption-label>Figure</caption-label>
<caption-order>8</caption-order>
<caption-text>Proppant Distribution in lbm/sq.ft, Well-K, Stage 26</caption-text>
</formatted-caption>
</image-wrap>
</linkTarget>
</appendix>
</docFigure>
<docFigure pdf-page="7" figure-order="9" data-type-order="9">
<link href="link-9" type="image" />
<appendix>
<linkTarget id="link-9" type="image">
<anchoringText id="Ancr9">Similarly, Stage 1 was randomly chosen from Well-L and the treatment history match analysis is shown in Figure 9.</anchoringText>
<image-wrap id="102118179106MS-Img_SPi-9">
<label>Figure 9 </label>
<imageLink type="mediaResource" href="102118179106MS_i_9.tif" id="ImgLink-9" />
<caption>Intra-stage Diversion Design Treatment History Match Analysis, Well-L, Stage 1</caption>
<formatted-caption>
<caption-label>Figure</caption-label>
<caption-order>9</caption-order>
<caption-text>Intra-stage Diversion Design Treatment History Match Analysis, Well-L, Stage 1</caption-text>
</formatted-caption>
</image-wrap>
</linkTarget>
</appendix>
</docFigure>
<docFigure pdf-page="8" figure-order="10" data-type-order="10">
<link href="link-10" type="image" />
<appendix>
<linkTarget id="link-10" type="image">
<anchoringText id="Ancr10">Without any calibration from the fiber-optics diagnostics results, the model data matches closely to the actual data. The dotted lines in Figure 9 are the actuals and the solid lines represent the model output. A conservative maximum proppant concentration of 3 ppg was pumped due to it being the first stage in the well. The treatment plot clearly depicts the three cycles in this stimulation design (without divertors). The proppant distribution in lbm/sq.ft from stage 1 is shown in Figure 10.</anchoringText>
<image-wrap id="102118179106MS-Img_SPi-10">
<label>Figure 10 </label>
<imageLink type="mediaResource" href="102118179106MS_i_10.tif" id="ImgLink-10" />
<caption>Proppant Distribution in lbm/sq.ft, Well-L, Stage 1</caption>
<formatted-caption>
<caption-label>Figure</caption-label>
<caption-order>10</caption-order>
<caption-text>Proppant Distribution in lbm/sq.ft, Well-L, Stage 1</caption-text>
</formatted-caption>
</image-wrap>
</linkTarget>
</appendix>
</docFigure>
<docFigure pdf-page="8" figure-order="11" data-type-order="11">
<link href="link-11" type="image" />
<appendix>
<linkTarget id="link-11" type="image">
<anchoringText id="Ancr11">Figure 11 shows the intra-stage diversion treatment from stage 3 in Well-L, where a step-rate test preceding the actual treatment is also displayed.</anchoringText>
<image-wrap id="102118179106MS-Img_SPi-11">
<label>Figure 11 </label>
<imageLink type="mediaResource" href="102118179106MS_i_11.tif" id="ImgLink-11" />
<caption>Intra-stage Diversion Design Treatment, Well-L, Stage 3</caption>
<formatted-caption>
<caption-label>Figure</caption-label>
<caption-order>11</caption-order>
<caption-text>Intra-stage Diversion Design Treatment, Well-L, Stage 3</caption-text>
</formatted-caption>
</image-wrap>
</linkTarget>
</appendix>
</docFigure>
<docFigure pdf-page="9" figure-order="12" data-type-order="12">
<link href="link-12" type="image" />
<appendix>
<linkTarget id="link-12" type="image">
<anchoringText id="Ancr12">Coiled tubing deployed fiber also provides an alternative for deviated/horizontal laterals when compared to wireline deployed fiber-optics. The rigidity of coiled tubing also provides protection to the fiber-optic cable when deployed. The coiled tubing deployed fiber-optics provides DTS and DAS data along the length of the coil or the wellbore once deployed in a well. This technology can also be utilized to evaluate acid treatments, observe inter-well communication during treatments, leak detection and finally as a production log. Memory mode pressure and temperature point gauges can also be run as a part of the BHA of coiled tubing, to gain better understanding of flowing pressure. Figure 12 provides a schematic of this technology.</anchoringText>
<image-wrap id="102118179106MS-Img_SPi-12">
<label>Figure 12 </label>
<imageLink type="mediaResource" href="102118179106MS_i_12.tif" id="ImgLink-12" />
<caption>Schematic of Coiled Tubing Deployed Fiber-Optics Technology</caption>
<formatted-caption>
<caption-label>Figure</caption-label>
<caption-order>12</caption-order>
<caption-text>Schematic of Coiled Tubing Deployed Fiber-Optics Technology</caption-text>
</formatted-caption>
</image-wrap>
</linkTarget>
</appendix>
</docFigure>
<docFigure pdf-page="10" figure-order="13" data-type-order="13">
<link href="link-13" type="image" />
<appendix>
<linkTarget id="link-13" type="image">
<anchoringText id="Ancr13">Figure 13 depicts a picture of the inside of the real-time acquisition fiber trailer. Most of the current fiber-optics driven diagnostics applications currently target DTS, which is used to determine the fracturing fluid distribution by identifying the cooling and warming patterns post injection (Nitika et al.,). It is difficult to assess the quantity of fluid being placed in individual perforation clusters within a stage of Plug-n-perf type completions during injection (Sierra et al.).</anchoringText>
<image-wrap id="102118179106MS-Img_SPi-13">
<label>Figure 13 </label>
<imageLink type="mediaResource" href="102118179106MS_i_13.tif" id="ImgLink-13" />
<caption>Real-time Acquisition and Display of DTS, DAS and CT Data Inside the Fiber Trailer</caption>
<formatted-caption>
<caption-label>Figure</caption-label>
<caption-order>13</caption-order>
<caption-text>Real-time Acquisition and Display of DTS, DAS and CT Data Inside the Fiber Trailer</caption-text>
</formatted-caption>
</image-wrap>
</linkTarget>
</appendix>
</docFigure>
<docFigure pdf-page="10" figure-order="14" data-type-order="14">
<link href="link-14" type="image" />
<appendix>
<linkTarget id="link-14" type="image">
<anchoringText id="Ancr14">Analyzing warm-back DTS data can provide essential information into the near-wellbore fracture initiation points which in turn would be helpful in determining cluster efficiency of the various stages. Figure 14 describes the various fiber-optics sensing techniques that are currently utilized. The techniques range from a single point sensor (providing temperature and pressure point measurement at the end of the fiber optic cable) to an array of point-sensor measurements for strain and temperature, to a fully distributed sensing setup where the entire length of the fiber becomes the sensors.</anchoringText>
<image-wrap id="102118179106MS-Img_SPi-14">
<label>Figure 14 </label>
<imageLink type="mediaResource" href="102118179106MS_i_14.tif" id="ImgLink-14" />
<caption>Description of Various Fiber-Optics Sensing Technologies</caption>
<formatted-caption>
<caption-label>Figure</caption-label>
<caption-order>14</caption-order>
<caption-text>Description of Various Fiber-Optics Sensing Technologies</caption-text>
</formatted-caption>
</image-wrap>
</linkTarget>
</appendix>
</docFigure>
<docFigure pdf-page="11" figure-order="15" data-type-order="15">
<link href="link-15" type="image" />
<appendix>
<linkTarget id="link-15" type="image">
<anchoringText id="Ancr15">Thus, when deployed in wellbores either via coiled tubing or permanent installation, fiber-optics provides a unique method of surveying the entire wellbore at the same time. Fiber-optics technology utilizes analysis of backscattered light from the fiber glass. Figure 15 shows the various components of the backscattered light. Temperature, Acoustics and Strain information can be inferred by analyzing these components of the backscattered light. The intensity of the Raman component of the anti-stokes band is temperature dependent, and stokes band is non-temperature dependent.</anchoringText>
<image-wrap id="102118179106MS-Img_SPi-15">
<label>Figure 15 </label>
<imageLink type="mediaResource" href="102118179106MS_i_15.tif" id="ImgLink-15" />
<caption>Components of Backscattered Light</caption>
<formatted-caption>
<caption-label>Figure</caption-label>
<caption-order>15</caption-order>
<caption-text>Components of Backscattered Light</caption-text>
</formatted-caption>
</image-wrap>
</linkTarget>
</appendix>
</docFigure>
<docFigure pdf-page="12" figure-order="16" data-type-order="16">
<link href="link-16" type="image" />
<appendix>
<linkTarget id="link-16" type="image">
<anchoringText id="Ancr16">Figure 16 shows the results from DTS warmback data during shut-in, identifying the fracture initiation points across stages 1 and 2 in Well-L at two different time intervals. This is performed across all the stages and only stages 1 and 2 are displayed here. Basically, the warmback data is checked at the beginning and end of shut-in for consistency to clearly identify the frac initiation points. The time difference between the beginning and end of shut-in is approximately 5 hours. The bar chart in Figure 17 provides a detailed summary of this cluster efficiency analysis across the entire lateral for the two wells (Wells K and L).</anchoringText>
<image-wrap id="102118179106MS-Img_SPi-16">
<label>Figure 16 </label>
<imageLink type="mediaResource" href="102118179106MS_i_16.tif" id="ImgLink-16" />
<caption>DTS Showing Cooler Frac Initiation Points in Stages 1 and 2 at Two Different Time Intervals</caption>
<formatted-caption>
<caption-label>Figure</caption-label>
<caption-order>16</caption-order>
<caption-text>DTS Showing Cooler Frac Initiation Points in Stages 1 and 2 at Two Different Time Intervals</caption-text>
</formatted-caption>
</image-wrap>
</linkTarget>
</appendix>
</docFigure>
<docFigure pdf-page="12" figure-order="17" data-type-order="17">
<link href="link-17" type="image" />
<appendix>
<linkTarget id="link-17" type="image">
<anchoringText id="Ancr17">Figure 16 shows the results from DTS warmback data during shut-in, identifying the fracture initiation points across stages 1 and 2 in Well-L at two different time intervals. This is performed across all the stages and only stages 1 and 2 are displayed here. Basically, the warmback data is checked at the beginning and end of shut-in for consistency to clearly identify the frac initiation points. The time difference between the beginning and end of shut-in is approximately 5 hours. The bar chart in Figure 17 provides a detailed summary of this cluster efficiency analysis across the entire lateral for the two wells (Wells K and L).</anchoringText>
<image-wrap id="102118179106MS-Img_SPi-17">
<label>Figure 17 </label>
<imageLink type="mediaResource" href="102118179106MS_i_17.tif" id="ImgLink-17" />
<caption>Summary of Cluster Efficiency Analysis Across All Stages in Well K and L w/Shut-in DTS Data 12</caption>
<formatted-caption>
<caption-label>Figure</caption-label>
<caption-order>17</caption-order>
<caption-text>Summary of Cluster Efficiency Analysis Across All Stages in Well K and L w/Shut-in DTS Data 12</caption-text>
</formatted-caption>
</image-wrap>
</linkTarget>
</appendix>
</docFigure>
<docFigure pdf-page="13" figure-order="18" data-type-order="18">
<link href="link-18" type="image" />
<appendix>
<linkTarget id="link-18" type="image">
<anchoringText id="Ancr18">Furthermore, the DTS data was analyzed to see if any differences existed when treating chalks versus marly layers within the wellbore. Figure 18 displays the results of the perforation cluster efficiency for the wellbores in chalks vs. marls for Wells L and K. A value of “1” in Figure 18 indicates that particular perforation cluster resulted in initiating a fracture near wellbore, while a value of “0” did not initiate any.</anchoringText>
<image-wrap id="102118179106MS-Img_SPi-18">
<label>Figure 18 </label>
<imageLink type="mediaResource" href="102118179106MS_i_18.tif" id="ImgLink-18" />
<caption>Chalks vs. Marls: Perforation Cluster Efficiency in Wells K and L</caption>
<formatted-caption>
<caption-label>Figure</caption-label>
<caption-order>18</caption-order>
<caption-text>Chalks vs. Marls: Perforation Cluster Efficiency in Wells K and L</caption-text>
</formatted-caption>
</image-wrap>
</linkTarget>
</appendix>
</docFigure>
<docFigure pdf-page="14" figure-order="19" data-type-order="19">
<link href="link-19" type="image" />
<appendix>
<linkTarget id="link-19" type="image">
<anchoringText id="Ancr19">Figure 19 shows the number of acoustically active clusters in stages 1, 2and 3 in Well-L. A clear correlation between DAS and DTS datasets could not be made because of not having surface gas production rate measurements during flowtest. The DAS data was of high fidelity, however, the presence of acoustic intensity is just a confirmation of flow.</anchoringText>
<image-wrap id="102118179106MS-Img_SPi-19">
<label>Figure 19 </label>
<imageLink type="mediaResource" href="102118179106MS_i_19.tif" id="ImgLink-19" />
<caption>High Intensity Acoustics from DAS, Well-L Stages 1, 2 and 3 (Measured Depth vs. Time)</caption>
<formatted-caption>
<caption-label>Figure</caption-label>
<caption-order>19</caption-order>
<caption-text>High Intensity Acoustics from DAS, Well-L Stages 1, 2 and 3 (Measured Depth vs. Time)</caption-text>
</formatted-caption>
</image-wrap>
</linkTarget>
</appendix>
</docFigure>
<docFigure pdf-page="14" figure-order="20" data-type-order="20">
<link href="link-20" type="image" />
<appendix>
<linkTarget id="link-20" type="image">
<anchoringText id="Ancr20">The DAS data was of high fidelity, however, the presence of acoustic intensity is just a confirmation of flow. In combination with DTS and three phase flow measurements, quantitative anlaysis can be done with DAS. The high intensity acoustics is reflected by the hotter colours. Finally, the six month production for all the wells in the pad is shown in Figure 20 and the normalized barrels of equivalent oil (BOE) for just the two study wells is shown in Figure 21.</anchoringText>
<image-wrap id="102118179106MS-Img_SPi-20">
<label>Figure 20 </label>
<imageLink type="mediaResource" href="102118179106MS_i_20.tif" id="ImgLink-20" />
<caption>Six Month Cumulative Production from the Pad</caption>
<formatted-caption>
<caption-label>Figure</caption-label>
<caption-order>20</caption-order>
<caption-text>Six Month Cumulative Production from the Pad</caption-text>
</formatted-caption>
</image-wrap>
</linkTarget>
</appendix>
</docFigure>
<docFigure pdf-page="15" figure-order="21" data-type-order="21">
<link href="link-21" type="image" />
<appendix>
<linkTarget id="link-21" type="image">
<anchoringText id="Ancr21">The DAS data was of high fidelity, however, the presence of acoustic intensity is just a confirmation of flow. In combination with DTS and three phase flow measurements, quantitative anlaysis can be done with DAS. The high intensity acoustics is reflected by the hotter colours. Finally, the six month production for all the wells in the pad is shown in Figure 20 and the normalized barrels of equivalent oil (BOE) for just the two study wells is shown in Figure 21.</anchoringText>
<image-wrap id="102118179106MS-Img_SPi-21">
<label>Figure 21 </label>
<imageLink type="mediaResource" href="102118179106MS_i_21.tif" id="ImgLink-21" />
<caption>Normalized Six Month Production for Wells K and L</caption>
<formatted-caption>
<caption-label>Figure</caption-label>
<caption-order>21</caption-order>
<caption-text>Normalized Six Month Production for Wells K and L</caption-text>
</formatted-caption>
</image-wrap>
</linkTarget>
</appendix>
</docFigure>
</docFigureList>
</docTables>