<?xml version="1.0" encoding="utf-8"?>
<docTables>
<docMetaData inputFile="102118177171MS.txt" extractionDate="2021-03-15T10:04:23Z">
<doi>10.2118/177171-MS</doi>
<pii>10.2118/177171-MS</pii>
<publisher>SPE_Society_of_Petroleum_Engineers</publisher>
</docMetaData>
<docFigureList>
<docFigure pdf-page="2" figure-order="1" data-type-order="1">
<link href="link-1" type="image" />
<appendix>
<linkTarget id="link-1" type="image">
<anchoringText id="Ancr2">The study area (Figure 1), situated in the northeastern portion of the basin and includes the Chihuido de la Sierra Negra (ChSN), Puesto Hernandez (PH), Desfiladero Bayo (DB) and Desfiladero Bayo Este (DBE) and Chachahuen Sur (ChuS) fields</anchoringText>
<image-wrap id="102118177171MS-Img_SPi-1">
<label>Figure 1 </label>
<imageLink type="mediaResource" href="102118177171MS_i_1.tif" id="ImgLink-1" />
<caption>Study Area: Northeastern Neuquén Basin</caption>
<formatted-caption>
<caption-label>Figure</caption-label>
<caption-order>1</caption-order>
<caption-text>Study Area: Northeastern Neuquén Basin</caption-text>
</formatted-caption>
</image-wrap>
</linkTarget>
</appendix>
</docFigure>
<docFigure pdf-page="3" figure-order="2" data-type-order="2">
<link href="link-2" type="image" />
<appendix>
<linkTarget id="link-2" type="image">
<anchoringText id="Ancr3">These fieldsareall mature fields with production from 3 reservoir intervals: the Agrio, Lower Troncoso and Rayoso (Figure 2). Both the Agrio and Lower Troncoso unitswithshoreface and eolian deposits represent among the best reservoirs in the country and show excellent fluid properties (2-6 cp oil viscosity). Traditionally the Rayoso Fm. with less attractive fluid properties (20-10,000 cp oil viscosity) was seen as a secondary target.</anchoringText>
<image-wrap id="102118177171MS-Img_SPi-2">
<label>Figure 2 </label>
<imageLink type="mediaResource" href="102118177171MS_i_2.tif" id="ImgLink-2" />
<caption>Schematic Stratigraphic Column of the interval of Interest in the Study Area.</caption>
<formatted-caption>
<caption-label>Figure</caption-label>
<caption-order>2</caption-order>
<caption-text>Schematic Stratigraphic Column of the interval of Interest in the Study Area.</caption-text>
</formatted-caption>
</image-wrap>
</linkTarget>
</appendix>
</docFigure>
<docFigure pdf-page="5" figure-order="3" data-type-order="3">
<link href="link-3" type="image" />
<appendix>
<linkTarget id="link-3" type="image">
<anchoringText id="Ancr4">The relative location and thickness between each other of the three productive units on DB is shown in Figure 3 along with the modelled porosity and the underlying reservoir cyclicity. With the exception of early production from the most prolific reservoir, the Lower Troncoso, wells have generally produced commingled from 2-3 units. All the reservoir units have excellent petrophysical characteristics, however the oil in the Agrio and Lower Troncoso reservoirs has a viscosity of 4-6cp while in Rayoso Fm.it is 18-22 cp.</anchoringText>
<image-wrap id="102118177171MS-Img_SPi-3">
<label>Figure 3 </label>
<imageLink type="mediaResource" href="102118177171MS_i_3.tif" id="ImgLink-3" />
<caption>The Geological Cycles of DB Field</caption>
<formatted-caption>
<caption-label>Figure</caption-label>
<caption-order>3</caption-order>
<caption-text>The Geological Cycles of DB Field</caption-text>
</formatted-caption>
</image-wrap>
</linkTarget>
</appendix>
</docFigure>
<docFigure pdf-page="6" figure-order="4" data-type-order="4">
<link href="link-4" type="image" />
<appendix>
<linkTarget id="link-4" type="image">
<anchoringText id="Ancr5">To determine how to redevelop DB, two integrated models of the central sector of the field was constructed, their location shown in Figure 4. Initial modelling was confined to the black polygon. On approaching an investment decision, the model was increased to the area enclosed by the red zone to ensure that boundary effects did not impact the reliability of generated forecasts.</anchoringText>
<image-wrap id="102118177171MS-Img_SPi-4">
<label>Figure 4 </label>
<imageLink type="mediaResource" href="102118177171MS_i_4.tif" id="ImgLink-4" />
<caption>Wells of DB and the Study Areas</caption>
<formatted-caption>
<caption-label>Figure</caption-label>
<caption-order>4</caption-order>
<caption-text>Wells of DB and the Study Areas</caption-text>
</formatted-caption>
</image-wrap>
</linkTarget>
</appendix>
</docFigure>
<docFigure pdf-page="6" figure-order="5" data-type-order="5">
<link href="link-5" type="image" />
<appendix>
<linkTarget id="link-5" type="image">
<anchoringText id="Ancr6">The history match of these wells would enable anassessment ofwhether the modelled static and dynamic properties were plausible for these formations. For the Rayoso Fm., only one well was solely completed in this reservoir. The production history of this wellis shown in Figure 5 in which it can be that there is a high water cut even when the well was brought on-stream, the produced water being formation water, not injection water. This suggested that the Rayoso formation was deep in the transition zone and therefore waspredominantly water bearing.</anchoringText>
<image-wrap id="102118177171MS-Img_SPi-5">
<label>Figure 5 </label>
<imageLink type="mediaResource" href="102118177171MS_i_5.tif" id="ImgLink-5" />
<caption>Historical Oil and Water Production Rates of the Sole Exclusive Rayoso Producer</caption>
<formatted-caption>
<caption-label>Figure</caption-label>
<caption-order>5</caption-order>
<caption-text>Historical Oil and Water Production Rates of the Sole Exclusive Rayoso Producer</caption-text>
</formatted-caption>
</image-wrap>
</linkTarget>
</appendix>
</docFigure>
<docFigure pdf-page="7" figure-order="6" data-type-order="6">
<link href="link-6" type="image" />
<appendix>
<linkTarget id="link-6" type="image">
<anchoringText id="Ancr7">It was not only production data that was commingled. Figure 6 of a DB injector shows the complexity of water injection on DB. The perforations between 579m-653m are linked to Rayoso, the deeper perforations are linked to Lower Troncoso and Agrio. Each perforation represents a single sand with a total of 17 perforations at the last count means that water is being injected 17 separate sands although some of the perforations may be combined due to the effects of fracturing.</anchoringText>
<image-wrap id="102118177171MS-Img_SPi-6">
<label>Figure 6 </label>
<imageLink type="mediaResource" href="102118177171MS_i_6.tif" id="ImgLink-6" />
<caption>Well Schematic of a DB Water Injector Changing Through the Life of the Field</caption>
<formatted-caption>
<caption-label>Figure</caption-label>
<caption-order>6</caption-order>
<caption-text>Well Schematic of a DB Water Injector Changing Through the Life of the Field</caption-text>
</formatted-caption>
</image-wrap>
</linkTarget>
</appendix>
</docFigure>
<docFigure composite="true" composite-count="6" pdf-page="8" figure-order="7" data-type-order="7">
<link href="link-7" type="image" />
<appendix>
<linkTarget id="link-7" type="image">
<anchoringText id="Ancr8">For Rayoso, RFT data is critical to assess the actual depletion. In figure 7, the top three graphs show a comparison of simulated and measured RFT's after initial history matching of the simulation model. The lower line represents the RFT match for the same wells with the historical water injection reallocated. It can be seen that reducing the volume of water injection into the Lower Troncoso formation and reallocating this injection to the Rayoso formation improved the history match.</anchoringText>
<image-wrap id="102118177171MS-Img_SPi-7">
<label>Figure 7 </label>
<imageLink type="mediaResource" href="102118177171MS_i_7.tif" id="ImgLink-7" />
<caption>History match of RFT data for Three Wells in DB Before and After Water Injection Reallocation</caption>
<formatted-caption>
<caption-label>Figure</caption-label>
<caption-order>7</caption-order>
<caption-text>History match of RFT data for Three Wells in DB Before and After Water Injection Reallocation</caption-text>
</formatted-caption>
</image-wrap>
<image-wrap id="102118177171MS-Img_SPi-7a">
<imageLink type="mediaResource" href="102118177171MS_i_7a.tif" id="ImgLink-7a" />
<figure-specific-caption>
<caption-order></caption-order>
<caption-text>Well A with old-allocation</caption-text>
</figure-specific-caption>
</image-wrap>
<image-wrap id="102118177171MS-Img_SPi-7b">
<imageLink type="mediaResource" href="102118177171MS_i_7b.tif" id="ImgLink-7b" />
<figure-specific-caption>
<caption-order></caption-order>
<caption-text>Well B with old-allocation</caption-text>
</figure-specific-caption>
</image-wrap>
<image-wrap id="102118177171MS-Img_SPi-7c">
<imageLink type="mediaResource" href="102118177171MS_i_7c.tif" id="ImgLink-7c" />
<figure-specific-caption>
<caption-order></caption-order>
<caption-text>Well C with old-allocation</caption-text>
</figure-specific-caption>
</image-wrap>
<image-wrap id="102118177171MS-Img_SPi-7d">
<imageLink type="mediaResource" href="102118177171MS_i_7d.tif" id="ImgLink-7d" />
<figure-specific-caption>
<caption-order></caption-order>
<caption-text>Well A with new-allocation</caption-text>
</figure-specific-caption>
</image-wrap>
<image-wrap id="102118177171MS-Img_SPi-7e">
<imageLink type="mediaResource" href="102118177171MS_i_7e.tif" id="ImgLink-7e" />
<figure-specific-caption>
<caption-order></caption-order>
<caption-text>Well B with new-allocation</caption-text>
</figure-specific-caption>
</image-wrap>
<image-wrap id="102118177171MS-Img_SPi-7f">
<imageLink type="mediaResource" href="102118177171MS_i_7f.tif" id="ImgLink-7f" />
<figure-specific-caption>
<caption-order></caption-order>
<caption-text>Well C with new-allocation</caption-text>
</figure-specific-caption>
</image-wrap>
</linkTarget>
</appendix>
</docFigure>
<docFigure pdf-page="8" figure-order="8" data-type-order="8">
<link href="link-8" type="image" />
<appendix>
<linkTarget id="link-8" type="image">
<anchoringText id="Ancr9">The history match unfortunately demonstrated that the potential in the deeper Lower Troncoso and Agrio formation was limited. Due to uncertainty in production and injection allocation, the simulation model could give a history match either if Rayoso was fully oil saturated was in a transition zone. Resistivity logs were consulted to see if these gave a clearer indication of saturation. Consistently, the logs showed resistivities increasing moving from the OWC to the top of the Rayoso Fm. (Figure 8) indicating the presence of oil.</anchoringText>
<image-wrap id="102118177171MS-Img_SPi-8">
<label>Figure 8 </label>
<imageLink type="mediaResource" href="102118177171MS_i_8.tif" id="ImgLink-8" />
<caption>Resistivity Seen in a DB Rayoso Well</caption>
<formatted-caption>
<caption-label>Figure</caption-label>
<caption-order>8</caption-order>
<caption-text>Resistivity Seen in a DB Rayoso Well</caption-text>
</formatted-caption>
</image-wrap>
</linkTarget>
</appendix>
</docFigure>
<docFigure pdf-page="10" figure-order="9" data-type-order="9">
<link href="link-9" type="image" />
<appendix>
<linkTarget id="link-9" type="image">
<anchoringText id="Ancr10">Studying the Rayoso Fm. in neighboring producing fields (see Figure 9) and applying lessons from geological characterization and dynamic modelling between fields enabled modeling speed to increase. Some of these shared lessons are discussed in the subsequent Reducing Uncertainty in the Rayoso section. As a result, a subsequent study of the DBE field took less than 3 months of modelling effort. Subsequent modelling of the Chachahuen Field, an extension of DBE field lying to its South West, was completed in a few weeks.</anchoringText>
<image-wrap id="102118177171MS-Img_SPi-9">
<label>Figure 9 </label>
<imageLink type="mediaResource" href="102118177171MS_i_9.tif" id="ImgLink-9" />
<caption>Regional Top Surface of RayosoOverlain by Static and Dynamic Models Constructed by August 2015</caption>
<formatted-caption>
<caption-label>Figure</caption-label>
<caption-order>9</caption-order>
<caption-text>Regional Top Surface of RayosoOverlain by Static and Dynamic Models Constructed by August 2015</caption-text>
</formatted-caption>
</image-wrap>
</linkTarget>
</appendix>
</docFigure>
<docFigure pdf-page="11" figure-order="10" data-type-order="10">
<link href="link-10" type="image" />
<appendix>
<linkTarget id="link-10" type="image">
<anchoringText id="Ancr11">The Rayoso Fm. is a mixed evaporitic-siliciclastic-shaly unit, whose oil-bearing sands are distributed according to its fluvial ephemeral depositional system. figure 10 shows vertical and lateral distribution of the reservoir interval.</anchoringText>
<image-wrap id="102118177171MS-Img_SPi-10">
<label>Figure 10 </label>
<imageLink type="mediaResource" href="102118177171MS_i_10.tif" id="ImgLink-10" />
<caption>Stratigraphy of the Rayoso Fm.: Cycles and reservoir intervals from an Ephereral Depositional System\</caption>
<formatted-caption>
<caption-label>Figure</caption-label>
<caption-order>10</caption-order>
<caption-text>Stratigraphy of the Rayoso Fm.: Cycles and reservoir intervals from an Ephereral Depositional System\</caption-text>
</formatted-caption>
</image-wrap>
</linkTarget>
</appendix>
</docFigure>
<docFigure pdf-page="11" figure-order="11" data-type-order="11">
<link href="link-11" type="image" />
<appendix>
<linkTarget id="link-11" type="image">
<anchoringText id="Ancr12">Characterized by an important sequence boundary at the base (continental regression on top of a marine carbonate unit, namely La Tosca Mb.) and by a significant angular unconformity at the top, the Rayoso Fm. shows regional stratigraphic truncations acting as the reservoir seal. Geometries of these truncations have been mapped across the fields and extrapolated regionally, in order to model stratigraphic traps distribution. An example of the trapping mechanism through truncations linked to erosion (Andean Orogeny) is shown in the seismic figure below (Figure 11).</anchoringText>
<image-wrap id="102118177171MS-Img_SPi-11">
<label>Figure 11 </label>
<imageLink type="mediaResource" href="102118177171MS_i_11.tif" id="ImgLink-11" />
<caption>Seismic and Schematic Drawing of the Trapping Mechanism in the Rayoso Fm.</caption>
<formatted-caption>
<caption-label>Figure</caption-label>
<caption-order>11</caption-order>
<caption-text>Seismic and Schematic Drawing of the Trapping Mechanism in the Rayoso Fm.</caption-text>
</formatted-caption>
</image-wrap>
</linkTarget>
</appendix>
</docFigure>
<docFigure pdf-page="12" figure-order="12" data-type-order="12">
<link href="link-12" type="image" />
<appendix>
<linkTarget id="link-12" type="image">
<anchoringText id="Ancr13">The Formation consists in a number of different reservoir non-reservoir cycles which are correlatable over comparatively long distances. The most important reservoir sands are identified above sequence boundaries surfaces and display the best reservoir characteristics, and are correlatable regionally (Figure 12). The regional surfaces, above which best reservoirs sands are identified, representa reservoir architecture and provide boundaries to dynamic flow units. These units can and are used to subdivide the reservoir for all model scales required, in this case region, field and sector sizes.</anchoringText>
<image-wrap id="102118177171MS-Img_SPi-12">
<label>Figure 12 </label>
<imageLink type="mediaResource" href="102118177171MS_i_12.tif" id="ImgLink-12" />
<caption>Regional Correlation of the Rayoso Formation</caption>
<formatted-caption>
<caption-label>Figure</caption-label>
<caption-order>12</caption-order>
<caption-text>Regional Correlation of the Rayoso Formation</caption-text>
</formatted-caption>
</image-wrap>
</linkTarget>
</appendix>
</docFigure>
<docFigure pdf-page="12" figure-order="13" data-type-order="13">
<link href="link-13" type="image" />
<appendix>
<linkTarget id="link-13" type="image">
<anchoringText id="Ancr14">Petrophysical modelling of the Rayoso Fm. includes core-log calibrations from more than 20 geological coresthat are distributed along different stratigraphic cycles and fields. Core facies have been extrapolated through generation of electrofacies using GR and Density logs cut-offs as shown in Figure 13.</anchoringText>
<image-wrap id="102118177171MS-Img_SPi-13">
<label>Figure 13 </label>
<imageLink type="mediaResource" href="102118177171MS_i_13.tif" id="ImgLink-13" />
<caption>Petrophysical calibration of the Rayoso Fm: Facies, Electrofacies and Porosity calibration</caption>
<formatted-caption>
<caption-label>Figure</caption-label>
<caption-order>13</caption-order>
<caption-text>Petrophysical calibration of the Rayoso Fm: Facies, Electrofacies and Porosity calibration</caption-text>
</formatted-caption>
</image-wrap>
</linkTarget>
</appendix>
</docFigure>
<docFigure composite="true" composite-count="4" pdf-page="13" figure-order="14" data-type-order="14">
<link href="link-14" type="image" />
<appendix>
<linkTarget id="link-14" type="image">
<anchoringText id="Ancr15">On DB it was observed that the OWC changed on crossing an East-West fault. It can be seen in Figure 14 that the OWC is approximately 78 m TVDSS on the central block to the south of the fault, this shallowing to approximately 15 m TVDSS on moving to the North of the fault. On the DB study, most modeling was focused on the central block which only has a single contact.</anchoringText>
<image-wrap id="102118177171MS-Img_SPi-14">
<label>Figure 14 </label>
<imageLink type="mediaResource" href="102118177171MS_i_14.tif" id="ImgLink-14" />
<caption>Resistivity X Section South-North in DB</caption>
<formatted-caption>
<caption-label>Figure</caption-label>
<caption-order>14</caption-order>
<caption-text>Resistivity X Section South-North in DB</caption-text>
</formatted-caption>
</image-wrap>
<image-wrap id="102118177171MS-Img_SPi-14a">
<imageLink type="mediaResource" href="102118177171MS_i_14a.tif" id="ImgLink-14a" />
<figure-specific-caption>
<caption-order></caption-order>
<caption-text>Well 1</caption-text>
</figure-specific-caption>
</image-wrap>
<image-wrap id="102118177171MS-Img_SPi-14b">
<imageLink type="mediaResource" href="102118177171MS_i_14b.tif" id="ImgLink-14b" />
<figure-specific-caption>
<caption-order></caption-order>
<caption-text>Well 2</caption-text>
</figure-specific-caption>
</image-wrap>
<image-wrap id="102118177171MS-Img_SPi-14c">
<imageLink type="mediaResource" href="102118177171MS_i_14c.tif" id="ImgLink-14c" />
<figure-specific-caption>
<caption-order></caption-order>
<caption-text>Well 3</caption-text>
</figure-specific-caption>
</image-wrap>
<image-wrap id="102118177171MS-Img_SPi-14d">
<imageLink type="mediaResource" href="102118177171MS_i_14d.tif" id="ImgLink-14d" />
<figure-specific-caption>
<caption-order></caption-order>
<caption-text>Well 4</caption-text>
</figure-specific-caption>
</image-wrap>
</linkTarget>
</appendix>
</docFigure>
<docFigure composite="true" composite-count="3" pdf-page="14" figure-order="15" data-type-order="15">
<link href="link-15" type="image" />
<appendix>
<linkTarget id="link-15" type="image">
<anchoringText id="Ancr16">Having observed OWC's changing per faulted compartment in DB, this was immediately investigated to see if the same changes occurred on DBE. Indeed from resistivity logs, changes in OWC could be seen per fault block as shown in Figure 15 and also between individual reservoir cycles within the same block. On DBE, OWC's were defined per fault block and stratigraphic cycle to both improve the history match and to ensure consistency between the initialized saturation in the dynamic model and the water saturation from resistivity logs.</anchoringText>
<image-wrap id="102118177171MS-Img_SPi-15">
<label>Figure 15 </label>
<imageLink type="mediaResource" href="102118177171MS_i_15.tif" id="ImgLink-15" />
<caption>Interpreted OWC's from Resistivity Logson DBE</caption>
<formatted-caption>
<caption-label>Figure</caption-label>
<caption-order>15</caption-order>
<caption-text>Interpreted OWC's from Resistivity Logson DBE</caption-text>
</formatted-caption>
</image-wrap>
<image-wrap id="102118177171MS-Img_SPi-15a">
<imageLink type="mediaResource" href="102118177171MS_i_15a.tif" id="ImgLink-15a" />
<figure-specific-caption>
<caption-order></caption-order>
<caption-text>Well 1</caption-text>
</figure-specific-caption>
</image-wrap>
<image-wrap id="102118177171MS-Img_SPi-15b">
<imageLink type="mediaResource" href="102118177171MS_i_15b.tif" id="ImgLink-15b" />
<figure-specific-caption>
<caption-order></caption-order>
<caption-text>Well 2</caption-text>
</figure-specific-caption>
</image-wrap>
<image-wrap id="102118177171MS-Img_SPi-15c">
<imageLink type="mediaResource" href="102118177171MS_i_15c.tif" id="ImgLink-15c" />
<figure-specific-caption>
<caption-order></caption-order>
<caption-text>Well 3</caption-text>
</figure-specific-caption>
</image-wrap>
</linkTarget>
</appendix>
</docFigure>
<docFigure pdf-page="14" figure-order="16" data-type-order="16">
<link href="link-16" type="image" />
<appendix>
<linkTarget id="link-16" type="image">
<anchoringText id="Ancr17">The results of this methodology can be seen in the variation in contacts seen in Figure 16 and their consistency with the fracture framework.</anchoringText>
<image-wrap id="102118177171MS-Img_SPi-16">
<label>Figure 16 </label>
<imageLink type="mediaResource" href="102118177171MS_i_16.tif" id="ImgLink-16" />
<caption>The Fracture Framework &amp; Different Interpreted OWC's Seen in the Hydrocarbon Bearing Cycles of DBE</caption>
<formatted-caption>
<caption-label>Figure</caption-label>
<caption-order>16</caption-order>
<caption-text>The Fracture Framework &amp; Different Interpreted OWC's Seen in the Hydrocarbon Bearing Cycles of DBE</caption-text>
</formatted-caption>
</image-wrap>
</linkTarget>
</appendix>
</docFigure>
<docFigure composite="true" composite-count="3" pdf-page="15" figure-order="17" data-type-order="17">
<link href="link-17" type="image" />
<appendix>
<linkTarget id="link-17" type="image">
<anchoringText id="Ancr18">A comparison of resistivity logs is fairly consistent across a number of different fields containing Rayoso reservoir sands asis shown in Figure 17. In such cases it is likely that production data from individual wells can be used to estimate expected initial water cut in a neighboring field.</anchoringText>
<image-wrap id="102118177171MS-Img_SPi-17">
<label>Figure 17 </label>
<imageLink type="mediaResource" href="102118177171MS_i_17.tif" id="ImgLink-17" />
<caption>Resistivity Logs in Rayoso Across Three Separate Fields</caption>
<formatted-caption>
<caption-label>Figure</caption-label>
<caption-order>17</caption-order>
<caption-text>Resistivity Logs in Rayoso Across Three Separate Fields</caption-text>
</formatted-caption>
</image-wrap>
<image-wrap id="102118177171MS-Img_SPi-17a">
<imageLink type="mediaResource" href="102118177171MS_i_17a.tif" id="ImgLink-17a" />
<figure-specific-caption>
<caption-order></caption-order>
<caption-text>DB well</caption-text>
</figure-specific-caption>
</image-wrap>
<image-wrap id="102118177171MS-Img_SPi-17b">
<imageLink type="mediaResource" href="102118177171MS_i_17b.tif" id="ImgLink-17b" />
<figure-specific-caption>
<caption-order></caption-order>
<caption-text>DBE well</caption-text>
</figure-specific-caption>
</image-wrap>
<image-wrap id="102118177171MS-Img_SPi-17c">
<imageLink type="mediaResource" href="102118177171MS_i_17c.tif" id="ImgLink-17c" />
<figure-specific-caption>
<caption-order></caption-order>
<caption-text>ChuS well</caption-text>
</figure-specific-caption>
</image-wrap>
</linkTarget>
</appendix>
</docFigure>
<docFigure pdf-page="15" figure-order="18" data-type-order="18">
<link href="link-18" type="image" />
<appendix>
<linkTarget id="link-18" type="image">
<anchoringText id="Ancr19">Of particular use to the Rayoso redevelopment was to be able to see the production history from a typical early producer from DBE (Figure 18) below and see that the well has a similar resistivity log to an early DB well log taken in the Rayoso. Theearly production DBE well as shown in Figure 18 is producing predominantly dry oil despite having a resistivity of only 22-24 ohm.m, therefore similar or higher resistivities seen on aneighboring field such as DB can be presumed to be most likely produce predominantly dry oil.</anchoringText>
<image-wrap id="102118177171MS-Img_SPi-18">
<label>Figure 18 </label>
<imageLink type="mediaResource" href="102118177171MS_i_18.tif" id="ImgLink-18" />
<caption>Production History of a DBE Rayoso Well</caption>
<formatted-caption>
<caption-label>Figure</caption-label>
<caption-order>18</caption-order>
<caption-text>Production History of a DBE Rayoso Well</caption-text>
</formatted-caption>
</image-wrap>
</linkTarget>
</appendix>
</docFigure>
<docFigure pdf-page="16" figure-order="19" data-type-order="19">
<link href="link-19" type="image" />
<appendix>
<linkTarget id="link-19" type="image">
<anchoringText id="Ancr20">A consistent observation across the three fields is that a non-reservoir facies coexists within the same cycle as the reservoir sands in all the reservoir formations, not just Rayoso, an example is shown from DBE in Figure 19. To ensure that an accurate saturation model is created, it was essential that the reservoir facies and non-reservoir facies are identified and their respective petrophysical properties modelled separately. If this practice was not followed, in the simulation model what was immobile water in non-reservoir as identified in logs would become mobile water that is produced in preference to oil, making a history match impossible.</anchoringText>
<image-wrap id="102118177171MS-Img_SPi-19">
<label>Figure 19 </label>
<imageLink type="mediaResource" href="102118177171MS_i_19.tif" id="ImgLink-19" />
<caption>A Facies Map Within a Reservoir Cycle of DBE</caption>
<formatted-caption>
<caption-label>Figure</caption-label>
<caption-order>19</caption-order>
<caption-text>A Facies Map Within a Reservoir Cycle of DBE</caption-text>
</formatted-caption>
</image-wrap>
</linkTarget>
</appendix>
</docFigure>
<docFigure pdf-page="17" figure-order="20" data-type-order="20">
<link href="link-20" type="image" />
<appendix>
<linkTarget id="link-20" type="image">
<anchoringText id="Ancr21">Figure 20 below shows water saturation as percentage of the total rock volume for DB. Only the 5% highest permeability and furthest rock from the OWC is at irreducible water saturation. The remainder shows lower oil saturations and in some cases both oil and water are mobile at initial conditions, i.e. that the Rayoso formation lies in a transition zone. This was repeated on DBE as wells drilled before water injection and away from OWC's will not produce exclusively dry oil initially. However water production often declined as the tighter rock loses energy. Similar experiences have been seen in Chachahuen and Puesto Hernandez.</anchoringText>
<image-wrap id="102118177171MS-Img_SPi-20">
<label>Figure 20 </label>
<imageLink type="mediaResource" href="102118177171MS_i_20.tif" id="ImgLink-20" />
<caption>Water Saturation Range as Percentage of Total Rock Volume in Desfiladero Bayo</caption>
<formatted-caption>
<caption-label>Figure</caption-label>
<caption-order>20</caption-order>
<caption-text>Water Saturation Range as Percentage of Total Rock Volume in Desfiladero Bayo</caption-text>
</formatted-caption>
</image-wrap>
</linkTarget>
</appendix>
</docFigure>
<docFigure pdf-page="17" figure-order="21" data-type-order="21">
<link href="link-21" type="image" />
<appendix>
<linkTarget id="link-21" type="image">
<anchoringText id="Ancr22">Production data and history match results confirmed that water injection has increased ultimate oil recovery on DBE. In Figure 21 it can be seen that the water injection started in 2006 has enabled an oil plateau to be maintained. However the water cut is predicted to rise with time while recovery factors at the moment are lower than desired.</anchoringText>
<image-wrap id="102118177171MS-Img_SPi-21">
<label>Figure 21 </label>
<imageLink type="mediaResource" href="102118177171MS_i_21.tif" id="ImgLink-21" />
<caption>Historical Production and Injection Rates of DBE.</caption>
<formatted-caption>
<caption-label>Figure</caption-label>
<caption-order>21</caption-order>
<caption-text>Historical Production and Injection Rates of DBE.</caption-text>
</formatted-caption>
</image-wrap>
</linkTarget>
</appendix>
</docFigure>
<docFigure pdf-page="18" figure-order="22" data-type-order="22">
<link href="link-22" type="image" />
<appendix>
<linkTarget id="link-22" type="image">
<anchoringText id="Ancr23">The minimal water injection in the reservoir combined with the low GOR of Rayoso Oil meant that there was little energy to displace oil towards producer wells. To effectively develop the Rayoso it would be necessary to have injectors that are only completed in the Rayoso. Even in this case water injection will be inefficient due to the high viscosity of the Rayoso oil, estimated to lie between 18-22 cp in DB. Looking at the history matched relative permeability for DB shown in Figure 22, the mobility ratio based on endpoints is 12 so the stability of the water displacement is low.</anchoringText>
<image-wrap id="102118177171MS-Img_SPi-22">
<label>Figure 22 </label>
<imageLink type="mediaResource" href="102118177171MS_i_22.tif" id="ImgLink-22" />
<caption>History Matched and Experimental Relative Permeability Data for Desfiladero Bayo Rayoso</caption>
<formatted-caption>
<caption-label>Figure</caption-label>
<caption-order>22</caption-order>
<caption-text>History Matched and Experimental Relative Permeability Data for Desfiladero Bayo Rayoso</caption-text>
</formatted-caption>
</image-wrap>
</linkTarget>
</appendix>
</docFigure>
<docFigure pdf-page="19" figure-order="23" data-type-order="23">
<link href="link-23" type="image" />
<appendix>
<linkTarget id="link-23" type="image">
<anchoringText id="Ancr24">In Figure 23 of a late DB well drilled in 2014, we can see that water breakthrough has occurred at a depth of around 580.5-582 m TVDSS, the thickness of the water sweep is around 1.5m in a sand that is over 7m thick. This demonstrating that a large volume of oil has been bypassed due to water under ride. Note the higher resistivity in this well as compared to previous well resistivities (Figure 14) which is a result of injecting fresh water. Although the water injection as discussed previously is immature, the underlying physics as a result of the adverse mobility ratio mean that even if thevolume of water injection is significantly upgraded, it will take the injection of a number of pore volumes of water and hence a long time to achieve a desirable recovery factor.</anchoringText>
<image-wrap id="102118177171MS-Img_SPi-23">
<label>Figure 23 </label>
<imageLink type="mediaResource" href="102118177171MS_i_23.tif" id="ImgLink-23" />
<caption>Logs of Late DB Well Showing Water Breakthrough</caption>
<formatted-caption>
<caption-label>Figure</caption-label>
<caption-order>23</caption-order>
<caption-text>Logs of Late DB Well Showing Water Breakthrough</caption-text>
</formatted-caption>
</image-wrap>
</linkTarget>
</appendix>
</docFigure>
<docFigure pdf-page="20" figure-order="24" data-type-order="25">
<link href="link-24" type="image" />
<appendix>
<linkTarget id="link-24" type="image">
<anchoringText id="Ancr25">However, to design the pilot and determine optimum polymer concentration, expected water, tracer and polymer breakthrough times, a high resolution sector model was required. Such a model was also needed to assess the different flows and potential breakthrough times in the multiple Rayoso reservoir cycles. With a regional static model and an understanding of the Rayoso Fm., it was possible to quickly construct a high resolution pilot sector model. This location and extent of this model is shown in Figure 24.</anchoringText>
<image-wrap id="102118177171MS-Img_SPi-24">
<label>Figure 24 </label>
<imageLink type="mediaResource" href="102118177171MS_i_24.tif" id="ImgLink-24" />
<caption>The Location of the High Resolution Polymer Pilot on DB</caption>
<formatted-caption>
<caption-label>Figure</caption-label>
<caption-order>24</caption-order>
<caption-text>The Location of the High Resolution Polymer Pilot on DB</caption-text>
</formatted-caption>
</image-wrap>
</linkTarget>
</appendix>
</docFigure>
<docFigure composite="true" composite-count="3" pdf-page="21" figure-order="25" data-type-order="26">
<link href="link-25" type="image" />
<appendix>
<linkTarget id="link-25" type="image">
<anchoringText id="Ancr26">Figure 25 shows the petrophysical properties of the high resolution DB sector model; Rayoso characteristics, such as stacked reservoir cycles and truncation to an erosional surface are seen. This model was subsequently used to assess the operating parameters for water and polymer injection and to design a tracer program. In the future the model will be compared to actual data for tracer breakthrough, incremental oil production and finally polymer breakthrough times.</anchoringText>
<image-wrap id="102118177171MS-Img_SPi-25">
<label>Figure 25 </label>
<imageLink type="mediaResource" href="102118177171MS_i_25.tif" id="ImgLink-25" />
<caption>Facies and Petrophysical Properties of the DB Polymer Pilot Sector Model</caption>
<formatted-caption>
<caption-label>Figure</caption-label>
<caption-order>25</caption-order>
<caption-text>Facies and Petrophysical Properties of the DB Polymer Pilot Sector Model</caption-text>
</formatted-caption>
</image-wrap>
<image-wrap id="102118177171MS-Img_SPi-25a">
<imageLink type="mediaResource" href="102118177171MS_i_25a.tif" id="ImgLink-25a" />
<figure-specific-caption>
<caption-order></caption-order>
<caption-text>Facies Model</caption-text>
</figure-specific-caption>
</image-wrap>
<image-wrap id="102118177171MS-Img_SPi-25b">
<imageLink type="mediaResource" href="102118177171MS_i_25b.tif" id="ImgLink-25b" />
<figure-specific-caption>
<caption-order></caption-order>
<caption-text>Porosity Model</caption-text>
</figure-specific-caption>
</image-wrap>
<image-wrap id="102118177171MS-Img_SPi-25c">
<imageLink type="mediaResource" href="102118177171MS_i_25c.tif" id="ImgLink-25c" />
<figure-specific-caption>
<caption-order></caption-order>
<caption-text>Permeability Model</caption-text>
</figure-specific-caption>
</image-wrap>
</linkTarget>
</appendix>
</docFigure>
<docFigure pdf-page="22" figure-order="26" data-type-order="27">
<link href="link-26" type="image" />
<appendix>
<linkTarget id="link-26" type="image">
<anchoringText id="Ancr27">Potential incremental volumes from a regional massification of polymer injection are estimated by a combination of integrated modelling or analogue to be a significant number of times larger than have been identified for DB Rayoso only. With oil viscosity rapidly increasing towards the SE of the area, it is expected that the experience gained in modelling and implementing polymer flooding in DB and DBE will be applied in the more challenging and viscous oils of Cerro Hamaca Oeste. Static and dynamic models have already been used to justify the extension of waterflooding SE from DB into ChuS. Figure 26 shows projects currently under consideration</anchoringText>
<image-wrap id="102118177171MS-Img_SPi-26">
<label>Figure 26 </label>
<imageLink type="mediaResource" href="102118177171MS_i_26.tif" id="ImgLink-26" />
<caption>Reservoir Development Options Across the Regional Study Area</caption>
<formatted-caption>
<caption-label>Figure</caption-label>
<caption-order>26</caption-order>
<caption-text>Reservoir Development Options Across the Regional Study Area</caption-text>
</formatted-caption>
</image-wrap>
</linkTarget>
</appendix>
</docFigure>
</docFigureList>
</docTables>