<?xml version="1.0" encoding="utf-8"?>
<docTables>
<docMetaData inputFile="102118179624MS.txt" extractionDate="2021-03-22T15:50:33Z">
<doi>10.2118/179624-MS</doi>
<pii>10.2118/179624-MS</pii>
<publisher>SPE_Society_of_Petroleum_Engineers</publisher>
</docMetaData>
<docFigureList>
<docFigure pdf-page="3" figure-order="1" data-type-order="1">
<link href="link-1" type="image" />
<appendix>
<linkTarget id="link-1" type="image">
<anchoringText id="Ancr4">Large supplies of heavy and extra-heavy crude oils will be needed in Venezuela for the next coming years to replace the production decline of medium and light crude oils. Enhanced-Oil-Recovery (EOR, Figure 1) and upgrading techniques are required; being imperative to the development of technical and economic feasibility studies of the underlying development projects (Layrisse, I. et al. 1999), knowing that the risk and concerns on heavy and extra-heavy oil production remains: oil prices, environmental regulations, operating costs, etc.</anchoringText>
<image-wrap id="102118179624MS-Img_SPi-1">
<label>Figure 1 </label>
<imageLink type="mediaResource" href="102118179624MS_i_1.tif" id="ImgLink-1" />
<caption>Life of an oil field with an EOR program implementation (Henthorne, L. et al. 2011 ).</caption>
<formatted-caption>
<caption-label>Figure</caption-label>
<caption-order>1</caption-order>
<caption-text>Life of an oil field with an EOR program implementation (<link href="BIB1">Henthorne, L. et al. 2011</link> ).</caption-text>
</formatted-caption>
</image-wrap>
</linkTarget>
<linkTarget id="link-23" type="bib">
<bib id="BIB1">
<label>Henthorne et al., 2011</label>
<author>
<first-name>L.</first-name>
<last-name>Henthorne</last-name>
</author>; <author>
<first-name>M.</first-name>
<last-name>Hartman</last-name>
</author> and <author>
<first-name>A.</first-name>
<last-name>Hayden</last-name>
</author>; <pubDate>2011</pubDate>. <article-title>Improving Chemical EOR Economics by Optimizing Water Quality. SPE 144397 presented at the SPE Enhanced Oil Recovery Conference held in Kuala Lumpur, Malaysia </article-title>, 19–21 July.</bib>
</linkTarget>
</appendix>
</docFigure>
<docFigure pdf-page="5" figure-order="2" data-type-order="2">
<link href="link-2" type="image" />
<appendix>
<linkTarget id="link-2" type="image">
<anchoringText id="Ancr5">In the FPO, only 40–65% (depending on the site) of the oil-bearing formations are suitable for thermal methods (including both the development of horizontal wells; and targeting thick reservoirs); other beds are too thin, have too low kh/p values, and have unfavorable kv/kh ratios because of clay laminations (Dusseault et al. 2001). Based on the work of Zan Cheng (2010), the steam flooding is not recommended for thin extra-heavy oil bed of the FPO with horizontal and multilateral wells. Typical complex well configurations in one of the block of the FPO are reported by Cuadros, G. et al. 2015 (Figure 2).</anchoringText>
<image-wrap id="102118179624MS-Img_SPi-2">
<label>Figure 2 </label>
<imageLink type="mediaResource" href="102118179624MS_i_2.tif" id="ImgLink-2" />
<caption>Typical well cluster configuration in some FPO’s reservoirs (Cuadros, G. et al. 2015 ).</caption>
<formatted-caption>
<caption-label>Figure</caption-label>
<caption-order>2</caption-order>
<caption-text>Typical well cluster configuration in some FPO’s reservoirs (<link href="BIB2">Cuadros, G. et al. 2015</link> ).</caption-text>
</formatted-caption>
</image-wrap>
</linkTarget>
<linkTarget id="link-24" type="bib">
<bib id="BIB2">
<label>Cuadros et al., 2015</label>
<author>
<first-name>G.</first-name>
<last-name>Cuadros</last-name>
</author>; <author>
<first-name>E. H.</first-name>
<last-name>Chamat</last-name>
</author>; <author>
<first-name>N.</first-name>
<last-name>Villarroel</last-name>
</author>; <author>
<first-name>J.</first-name>
<last-name>Scrofina</last-name>
</author>; <author>
<first-name>E.</first-name>
<last-name>Cermeno</last-name>
</author> and <author>
<first-name>O.</first-name>
<last-name>Rodriguez</last-name>
</author>; <pubDate>2015</pubDate>. <article-title>Improving Horizontal Well Placement in the Orinoco Oil Belt with the Use of Bed Boundary Mapping Technologies. Paper SPE-174476-MS presented at the SPE Canada Heavy Oil Technical Conference held in Calgary, Alberta, Canada </article-title>, 9–11 June.</bib>
</linkTarget>
</appendix>
</docFigure>
<docFigure pdf-page="6" figure-order="3" data-type-order="3">
<link href="link-3" type="image" />
<appendix>
<linkTarget id="link-3" type="image">
<anchoringText id="Ancr6">The main lithologic rock properties of the thin-bedded reservoir of this research work are sands, silts, shales and coals, bed thickness between 20 and 40 ft. (Figure 3). Other reservoir properties of this reservoir are listed below</anchoringText>
<image-wrap id="102118179624MS-Img_SPi-3">
<label>Figure 3 </label>
<imageLink type="mediaResource" href="102118179624MS_i_3.tif" id="ImgLink-3" />
<caption>Sand packages in vertical wells vary from thick massive sands to thinly laminated sands. This variability is dictated by the well’s location in regards to the areal distribution of the depositional facies ( Kooper, R. et al. 2001 ).</caption>
<formatted-caption>
<caption-label>Figure</caption-label>
<caption-order>3</caption-order>
<caption-text>Sand packages in vertical wells vary from thick massive sands to thinly laminated sands. This variability is dictated by the well’s location in regards to the areal distribution of the depositional facies ( <link href="BIB3">Kooper, R. et al. 2001</link> ).</caption-text>
</formatted-caption>
</image-wrap>
</linkTarget>
<linkTarget id="link-25" type="bib">
<bib id="BIB3">
<label>Kooper et al., 2001</label>
<author>
<first-name>R.</first-name>
<last-name>Kooper</last-name>
</author>; <author>
<first-name>J.</first-name>
<last-name>Kupecz</last-name>
</author>; <author>
<first-name>C.</first-name>
<last-name>Curtis</last-name>
</author>; <author>
<first-name>T.</first-name>
<last-name>Cole</last-name>
</author>; <author>
<first-name>D.</first-name>
<last-name>Dorn-Lopez</last-name>
</author>; <author>
<first-name>J.</first-name>
<last-name>Copley</last-name>
</author>; <author>
<first-name>A.</first-name>
<last-name>Munoz</last-name>
</author>; <author>
<first-name>V.</first-name>
<last-name>Caicedo</last-name>
</author>; <pubDate>2001</pubDate>. <article-title>Reservoir Characterization of the Orinoco Oil Belt: Miocene Oficina Formation, Zuata Field, Eastern Venezuelan Basin. Paper SPE 69697 presented at the 2001 SPE International Operations and Heavy Oil Symposium held in Porlamar, Margarita Island, Venezuela </article-title>, 12–14 March.</bib>
</linkTarget>
</appendix>
</docFigure>
<docFigure pdf-page="8" figure-order="4" data-type-order="6">
<link href="link-4" type="image" />
<appendix>
<linkTarget id="link-4" type="image">
<anchoringText id="Ancr7">The oil was heated to 40°C, homogenized and submitted to decantation before determining its water content. This means that the 6 wt-% water measured by Karl Fischer method corresponds to a rather stable water in oil emulsion. This hypothesis is supported by microscopy (Figure 4) as relatively small water droplets are observed (typical size 1–5 μm). No further efforts were made to remove the stable water droplets in this study.</anchoringText>
<image-wrap id="102118179624MS-Img_SPi-4">
<label>Figure 4 </label>
<imageLink type="mediaResource" href="102118179624MS_i_4.tif" id="ImgLink-4" />
<caption>Microscope picture showing water droplets in the crude oil sample.</caption>
<formatted-caption>
<caption-label>Figure</caption-label>
<caption-order>4</caption-order>
<caption-text>Microscope picture showing water droplets in the crude oil sample.</caption-text>
</formatted-caption>
</image-wrap>
</linkTarget>
</appendix>
</docFigure>
<docFigure pdf-page="9" figure-order="5" data-type-order="7">
<link href="link-5" type="image" />
<appendix>
<linkTarget id="link-5" type="image">
<anchoringText id="Ancr8">The oil viscosity was 4500 cP at the reference case reservoir temperature of 50°C (Figure 5) and its API gravity 9°. This means that the oil density was close to that of water at room temperature. For these reasons, adapted procedures needed to be implemented for handling the oil and achieving good separation of oil and water phases during the surfactant formulation design process or the analysis of the effluents of the coreflood tests.</anchoringText>
<image-wrap id="102118179624MS-Img_SPi-5">
<label>Figure 5 </label>
<imageLink type="mediaResource" href="102118179624MS_i_5.tif" id="ImgLink-5" />
<caption>Picture of the dead crude oil illustrating its very high viscosity.</caption>
<formatted-caption>
<caption-label>Figure</caption-label>
<caption-order>5</caption-order>
<caption-text>Picture of the dead crude oil illustrating its very high viscosity.</caption-text>
</formatted-caption>
</image-wrap>
</linkTarget>
</appendix>
</docFigure>
<docFigure pdf-page="12" figure-order="6" data-type-order="9">
<link href="link-6" type="image" />
<appendix>
<linkTarget id="link-6" type="image">
<anchoringText id="Ancr9">As this reservoir rock is unconsolidated, a specific procedure was applied to prepare the plug (Figure 6): the core was CT-scanned to select a fairly homogenous zone and the plug was drilled using a puncher. Due to the unconsolidated state of the reservoir rock, the depressurization of the core led to the formation of multiple fissures (see the CT-scan radiography): this means that the actual structure of the reservoir rock was likely not reproduced in the coreflood test and that notions of vertical and horizontal permeabilities are not relevant in this case.</anchoringText>
<image-wrap id="102118179624MS-Img_SPi-6">
<label>Figure 6 </label>
<imageLink type="mediaResource" href="102118179624MS_i_6.tif" id="ImgLink-6" />
<caption>Reservoir rock sample. CT-scan radiography (the red circles indicates the zone selected for the plug), picture illustrating the methodology and tools used to take the plug (use of a puncher and drilling along the axis of the core, see text), and enlarged image from microscopy of the received reservoir rock material.</caption>
<formatted-caption>
<caption-label>Figure</caption-label>
<caption-order>6</caption-order>
<caption-text>Reservoir rock sample. CT-scan radiography (the red circles indicates the zone selected for the plug), picture illustrating the methodology and tools used to take the plug (use of a puncher and drilling along the axis of the core, see text), and enlarged image from microscopy of the received reservoir rock material.</caption-text>
</formatted-caption>
</image-wrap>
</linkTarget>
</appendix>
</docFigure>
<docFigure composite="true" composite-count="2" pdf-page="14" figure-order="7" data-type-order="10">
<link href="link-7" type="image" />
<appendix>
<linkTarget id="link-7" type="image">
<anchoringText id="Ancr10">Besides, the total surfactant concentration was incremented from 1 to 10 g/L, in order to identify any concentration effect on the phase diagram. For all experiments, the polymer concentration remained constant and set to 2.5 g/L (real polymer concentration determined by dosage of carbon and nitrogen with a TOC-V CSN analyzer from Shimadzu). Results are disclosed in Figure 7.</anchoringText>
<image-wrap id="102118179624MS-Img_SPi-7">
<label>Figure 7 </label>
<imageLink type="mediaResource" href="102118179624MS_i_7.tif" id="ImgLink-7" />
<caption>Solubility (a) and phase behavior (b) screening for the surfactant formulation F#1 at the contact with this Venezuelan extra-heavy oil as a function of brine salinity and total surfactant concentration. Temperature was set at 50°C for these scans; digits reported above the test tubes correspond to brine salinity (TDS, g/L); and digits reported to the left of the tubes correspond to the total surfactant concentration (g/L). Formulation solubility is excellent for all the range of salinity and surfactant concentration tested. Low interfacial tensions were noticed for reservoir brine (6.4 g/L TDS) at all surfactant concentrations.</caption>
<formatted-caption>
<caption-label>Figure</caption-label>
<caption-order>7</caption-order>
<caption-text>Solubility (a) and phase behavior (b) screening for the surfactant formulation F#1 at the contact with this Venezuelan extra-heavy oil as a function of brine salinity and total surfactant concentration. Temperature was set at 50°C for these scans; digits reported above the test tubes correspond to brine salinity (TDS, g/L); and digits reported to the left of the tubes correspond to the total surfactant concentration (g/L). Formulation solubility is excellent for all the range of salinity and surfactant concentration tested. Low interfacial tensions were noticed for reservoir brine (6.4 g/L TDS) at all surfactant concentrations.</caption-text>
</formatted-caption>
</image-wrap>
<image-wrap id="102118179624MS-Img_SPi-7a">
<imageLink type="mediaResource" href="102118179624MS_i_7a.tif" id="ImgLink-7a" />
<figure-specific-caption>
<caption-order>(a)</caption-order>
<caption-text>Solubility</caption-text>
</figure-specific-caption>
</image-wrap>
<image-wrap id="102118179624MS-Img_SPi-7b">
<imageLink type="mediaResource" href="102118179624MS_i_7b.tif" id="ImgLink-7b" />
<figure-specific-caption>
<caption-order>(b)</caption-order>
<caption-text>phase behavior</caption-text>
</figure-specific-caption>
</image-wrap>
</linkTarget>
</appendix>
</docFigure>
<docFigure pdf-page="15" figure-order="8" data-type-order="11">
<link href="link-8" type="image" />
<appendix>
<linkTarget id="link-8" type="image">
<anchoringText id="Ancr11">Viscosimetry Flow curves obtained for the surfactant, the polymer alone and the SP formulation are presented on Figure 8. The relative viscosities presented were calculated with a measured brine viscosity of 0.51 cP at 50°C. It can be seen that the surfactant alone has a relative viscosity close to 1, namely the same viscosity as the brine, and that no surfactant-polymer interaction affects the viscosity of the SP formulation as its viscosity is almost the same as that of the polymer alone.</anchoringText>
<image-wrap id="102118179624MS-Img_SPi-8">
<label>Figure 8 </label>
<imageLink type="mediaResource" href="102118179624MS_i_8.tif" id="ImgLink-8" />
<caption>Flow curves (relative viscosity versus shear rate) determined for the polymer alone, the surfactant alone and the surfactant-polymer mixture. Temperature: 50°C; brine viscosity: 0.51 cP.</caption>
<formatted-caption>
<caption-label>Figure</caption-label>
<caption-order>8</caption-order>
<caption-text>Flow curves (relative viscosity versus shear rate) determined for the polymer alone, the surfactant alone and the surfactant-polymer mixture. Temperature: 50°C; brine viscosity: 0.51 cP.</caption-text>
</formatted-caption>
</image-wrap>
</linkTarget>
</appendix>
</docFigure>
<docFigure pdf-page="16" figure-order="9" data-type-order="12">
<link href="link-9" type="image" />
<appendix>
<linkTarget id="link-9" type="image">
<anchoringText id="Ancr12">CT-scan analysis (Exp. 1–3: Bentheimer sandstone) Oil saturation profiles obtained by CT-scan at the end of each step are presented in Figure 9,Figure 10 and Figure 11 respectively for Exp. 1, Exp. 2 and Exp. 3. The average oil saturations and the corresponding cumulative ΔOOIP (variation with respect to the Original Oil In Place) are presented in Table 3. Results show that the oil saturation profiles are fairly flat in a first approximation and that the average saturations determined are meaningful.</anchoringText>
<image-wrap id="102118179624MS-Img_SPi-9">
<label>Figure 9 </label>
<imageLink type="mediaResource" href="102118179624MS_i_9.tif" id="ImgLink-9" />
<caption>Oil saturation profiles determined by CT-scan after various steps of Exp. 1: Waterflood (after low and high flow rate), Polymer flood and Surfactant-Polymer flood.</caption>
<formatted-caption>
<caption-label>Figure</caption-label>
<caption-order>9</caption-order>
<caption-text>Oil saturation profiles determined by CT-scan after various steps of Exp. 1: Waterflood (after low and high flow rate), Polymer flood and Surfactant-Polymer flood.</caption-text>
</formatted-caption>
</image-wrap>
</linkTarget>
</appendix>
</docFigure>
<docFigure pdf-page="16" figure-order="10" data-type-order="13">
<link href="link-10" type="image" />
<appendix>
<linkTarget id="link-10" type="image">
<anchoringText id="Ancr13">CT-scan analysis (Exp. 1–3: Bentheimer sandstone) Oil saturation profiles obtained by CT-scan at the end of each step are presented in Figure 9,Figure 10 and Figure 11 respectively for Exp. 1, Exp. 2 and Exp. 3. The average oil saturations and the corresponding cumulative ΔOOIP (variation with respect to the Original Oil In Place) are presented in Table 3. Results show that the oil saturation profiles are fairly flat in a first approximation and that the average saturations determined are meaningful.</anchoringText>
<image-wrap id="102118179624MS-Img_SPi-10">
<label>Figure 10 </label>
<imageLink type="mediaResource" href="102118179624MS_i_10.tif" id="ImgLink-10" />
<caption>Oil saturation profiles determined by CT-scan after various steps of Exp. 2: Surfactant flood and Polymer flood.</caption>
<formatted-caption>
<caption-label>Figure</caption-label>
<caption-order>10</caption-order>
<caption-text>Oil saturation profiles determined by CT-scan after various steps of Exp. 2: Surfactant flood and Polymer flood.</caption-text>
</formatted-caption>
</image-wrap>
</linkTarget>
</appendix>
</docFigure>
<docFigure pdf-page="17" figure-order="11" data-type-order="14">
<link href="link-11" type="image" />
<appendix>
<linkTarget id="link-11" type="image">
<anchoringText id="Ancr14">CT-scan analysis (Exp. 1–3: Bentheimer sandstone) Oil saturation profiles obtained by CT-scan at the end of each step are presented in Figure 9,Figure 10 and Figure 11 respectively for Exp. 1, Exp. 2 and Exp. 3. The average oil saturations and the corresponding cumulative ΔOOIP (variation with respect to the Original Oil In Place) are presented in Table 3. Results show that the oil saturation profiles are fairly flat in a first approximation and that the average saturations determined are meaningful.</anchoringText>
<image-wrap id="102118179624MS-Img_SPi-11">
<label>Figure 11 </label>
<imageLink type="mediaResource" href="102118179624MS_i_11.tif" id="ImgLink-11" />
<caption>Oil saturation profiles determined by CT-scan after Surfactant-Polymer flood in Exp.</caption>
<formatted-caption>
<caption-label>Figure</caption-label>
<caption-order>11</caption-order>
<caption-text>Oil saturation profiles determined by CT-scan after Surfactant-Polymer flood in Exp.</caption-text>
</formatted-caption>
</image-wrap>
</linkTarget>
</appendix>
</docFigure>
<docFigure pdf-page="18" figure-order="12" data-type-order="15">
<link href="link-12" type="image" />
<appendix>
<linkTarget id="link-12" type="image">
<anchoringText id="Ancr15">Cumulative oil production data are presented in Figure 12 over 2 PVI respectively for the secondary waterflood (low flow rate sequence) of Exp. 1, surfactant flood of Exp. 2 and SP flood of Exp. 3. Figure 13 reports for the same set of results but over a larger PVI scale, together with the results of the tertiary polymer injection step in Exp. 2. Pressure drop (AP) obtained during the first steps are presented on Figure 14.</anchoringText>
<image-wrap id="102118179624MS-Img_SPi-12">
<label>Figure 12 </label>
<imageLink type="mediaResource" href="102118179624MS_i_12.tif" id="ImgLink-12" />
<caption>Cumulative oil production data (as % OOIP) determined during injection at low flow rate for the first steps of the 3 experiments. View over 2 PVI.</caption>
<formatted-caption>
<caption-label>Figure</caption-label>
<caption-order>12</caption-order>
<caption-text>Cumulative oil production data (as % OOIP) determined during injection at low flow rate for the first steps of the 3 experiments. View over 2 PVI.</caption-text>
</formatted-caption>
</image-wrap>
</linkTarget>
</appendix>
</docFigure>
<docFigure pdf-page="18" figure-order="13" data-type-order="16">
<link href="link-13" type="image" />
<appendix>
<linkTarget id="link-13" type="image">
<anchoringText id="Ancr16">Cumulative oil production data are presented in Figure 12 over 2 PVI respectively for the secondary waterflood (low flow rate sequence) of Exp. 1, surfactant flood of Exp. 2 and SP flood of Exp. 3. Figure 13 reports for the same set of results but over a larger PVI scale, together with the results of the tertiary polymer injection step in Exp. 2. Pressure drop (AP) obtained during the first steps are presented on Figure 14.</anchoringText>
<image-wrap id="102118179624MS-Img_SPi-13">
<label>Figure 13 </label>
<imageLink type="mediaResource" href="102118179624MS_i_13.tif" id="ImgLink-13" />
<caption>Cumulative oil production data (as % OOIP) determined during injection at low flow rate for the first steps of Exp. 1 (Waterflood) and Exp. 3 (Surfactant-Polymer flood) and the first and second step of Exp. 2 (Waterflood and Polymer flood). Extended view over 17 PVI.</caption>
<formatted-caption>
<caption-label>Figure</caption-label>
<caption-order>13</caption-order>
<caption-text>Cumulative oil production data (as % OOIP) determined during injection at low flow rate for the first steps of Exp. 1 (Waterflood) and Exp. 3 (Surfactant-Polymer flood) and the first and second step of Exp. 2 (Waterflood and Polymer flood). Extended view over 17 PVI.</caption-text>
</formatted-caption>
</image-wrap>
</linkTarget>
</appendix>
</docFigure>
<docFigure pdf-page="19" figure-order="14" data-type-order="17">
<link href="link-14" type="image" />
<appendix>
<linkTarget id="link-14" type="image">
<anchoringText id="Ancr17">Cumulative oil production data are presented in Figure 12 over 2 PVI respectively for the secondary waterflood (low flow rate sequence) of Exp. 1, surfactant flood of Exp. 2 and SP flood of Exp. 3. Figure 13 reports for the same set of results but over a larger PVI scale, together with the results of the tertiary polymer injection step in Exp. 2. Pressure drop (AP) obtained during the first steps are presented on Figure 14.</anchoringText>
<image-wrap id="102118179624MS-Img_SPi-14">
<label>Figure 14 </label>
<imageLink type="mediaResource" href="102118179624MS_i_14.tif" id="ImgLink-14" />
<caption>Pressure drops (AP) measured during injection at low flow rate for the first steps of the 3 experiments. View over 10 PVI.</caption>
<formatted-caption>
<caption-label>Figure</caption-label>
<caption-order>14</caption-order>
<caption-text>Pressure drops (AP) measured during injection at low flow rate for the first steps of the 3 experiments. View over 10 PVI.</caption-text>
</formatted-caption>
</image-wrap>
</linkTarget>
</appendix>
</docFigure>
<docFigure pdf-page="20" figure-order="15" data-type-order="18">
<link href="link-15" type="image" />
<appendix>
<linkTarget id="link-15" type="image">
<anchoringText id="Ancr18">Graphical interpretation (Exp. 1–3: Bentheimer sandstone) Figure 15 presents a qualitative graphical interpretation that summarizes the comments and interpretations provided in the above text. This shows that the relative contributions of sweep and mobilization of residual oil are consistent for all experiments.</anchoringText>
<image-wrap id="102118179624MS-Img_SPi-15">
<label>Figure 15 </label>
<imageLink type="mediaResource" href="102118179624MS_i_15.tif" id="ImgLink-15" />
<caption>Qualitative graphical interpretation of the results of the injection scenarios investigated.</caption>
<formatted-caption>
<caption-label>Figure</caption-label>
<caption-order>15</caption-order>
<caption-text>Qualitative graphical interpretation of the results of the injection scenarios investigated.</caption-text>
</formatted-caption>
</image-wrap>
</linkTarget>
</appendix>
</docFigure>
<docFigure pdf-page="20" figure-order="16" data-type-order="19">
<link href="link-16" type="image" />
<appendix>
<linkTarget id="link-16" type="image">
<anchoringText id="Ancr19">Oil production (Exp. 4: reservoir rock) Cumulative oil production (as %OOIP produced versus PVI) obtained during the secondary SP injection of Exp. 4 (reservoir rock) is presented in Figure 16, together with that of Exp. 3 (the corresponding experiment on Bentheimer sandstone). From this plot and also from the results gathered in Table 3, it clearly appears that the final oil recovery is very good in both cases, with final oil recovery above 90% of the OOIP.</anchoringText>
<image-wrap id="102118179624MS-Img_SPi-16">
<label>Figure 16 </label>
<imageLink type="mediaResource" href="102118179624MS_i_16.tif" id="ImgLink-16" />
<caption>Cumulative oil production data (as % OOIP) vs. PVI determined during injection at low flow rate in Exp. 3 (Surfactant-Polymer flood in Bentheimer sandstone) and in Exp. 4 (Surfactant-Polymer flood in reservoir rock).</caption>
<formatted-caption>
<caption-label>Figure</caption-label>
<caption-order>16</caption-order>
<caption-text>Cumulative oil production data (as % OOIP) vs. PVI determined during injection at low flow rate in Exp. 3 (Surfactant-Polymer flood in Bentheimer sandstone) and in Exp. 4 (Surfactant-Polymer flood in reservoir rock).</caption-text>
</formatted-caption>
</image-wrap>
</linkTarget>
</appendix>
</docFigure>
<docFigure pdf-page="21" figure-order="17" data-type-order="20">
<link href="link-17" type="image" />
<appendix>
<linkTarget id="link-17" type="image">
<anchoringText id="Ancr20">History matching of waterflood (Exp. 1, low flow-rate sequence) and surfactant flood (Exp.2) As shown in Figure 17,Figure 18,Figure 19 and Figure 20, satisfactory agreements were found for oil production and pressure drop for both Exp. 1 and Exp. 2.</anchoringText>
<image-wrap id="102118179624MS-Img_SPi-17">
<label>Figure 17 </label>
<imageLink type="mediaResource" href="102118179624MS_i_17.tif" id="ImgLink-17" />
<caption>Pressure drop (AP) vs. time since beginning of waterflood in Exp. 1. Experimental data vs. history matched simulation.</caption>
<formatted-caption>
<caption-label>Figure</caption-label>
<caption-order>17</caption-order>
<caption-text>Pressure drop (AP) vs. time since beginning of waterflood in Exp. 1. Experimental data vs. history matched simulation.</caption-text>
</formatted-caption>
</image-wrap>
</linkTarget>
</appendix>
</docFigure>
<docFigure pdf-page="21" figure-order="18" data-type-order="21">
<link href="link-18" type="image" />
<appendix>
<linkTarget id="link-18" type="image">
<anchoringText id="Ancr21">History matching of waterflood (Exp. 1, low flow-rate sequence) and surfactant flood (Exp.2) As shown in Figure 17,Figure 18,Figure 19 and Figure 20, satisfactory agreements were found for oil production and pressure drop for both Exp. 1 and Exp. 2.</anchoringText>
<image-wrap id="102118179624MS-Img_SPi-18">
<label>Figure 18 </label>
<imageLink type="mediaResource" href="102118179624MS_i_18.tif" id="ImgLink-18" />
<caption>Cumulative oil Production data (as % OOIP) vs. time since begining of waterflood in Exp. 1. Experimental data vs. history matched simulation.</caption>
<formatted-caption>
<caption-label>Figure</caption-label>
<caption-order>18</caption-order>
<caption-text>Cumulative oil Production data (as % OOIP) vs. time since begining of waterflood in Exp. 1. Experimental data vs. history matched simulation.</caption-text>
</formatted-caption>
</image-wrap>
</linkTarget>
</appendix>
</docFigure>
<docFigure pdf-page="22" figure-order="19" data-type-order="22">
<link href="link-19" type="image" />
<appendix>
<linkTarget id="link-19" type="image">
<anchoringText id="Ancr22">History matching of waterflood (Exp. 1, low flow-rate sequence) and surfactant flood (Exp.2) As shown in Figure 17,Figure 18,Figure 19 and Figure 20, satisfactory agreements were found for oil production and pressure drop for both Exp. 1 and Exp. 2.</anchoringText>
<image-wrap id="102118179624MS-Img_SPi-19">
<label>Figure 19 </label>
<imageLink type="mediaResource" href="102118179624MS_i_19.tif" id="ImgLink-19" />
<caption>Pressure drop (AP) vs. time since beginning of surfactant flood in Exp. 2. Experimental data vs. history matched simulation.</caption>
<formatted-caption>
<caption-label>Figure</caption-label>
<caption-order>19</caption-order>
<caption-text>Pressure drop (AP) vs. time since beginning of surfactant flood in Exp. 2. Experimental data vs. history matched simulation.</caption-text>
</formatted-caption>
</image-wrap>
</linkTarget>
</appendix>
</docFigure>
<docFigure pdf-page="22" figure-order="20" data-type-order="23">
<link href="link-20" type="image" />
<appendix>
<linkTarget id="link-20" type="image">
<anchoringText id="Ancr23">History matching of waterflood (Exp. 1, low flow-rate sequence) and surfactant flood (Exp.2) As shown in Figure 17,Figure 18,Figure 19 and Figure 20, satisfactory agreements were found for oil production and pressure drop for both Exp. 1 and Exp. 2.</anchoringText>
<image-wrap id="102118179624MS-Img_SPi-20">
<label>Figure 20 </label>
<imageLink type="mediaResource" href="102118179624MS_i_20.tif" id="ImgLink-20" />
<caption>Cumulative oil Production data (as % OOIP) vs. time since begining of waterflood in Exp. 2. Experimental data vs. history matched simulation.</caption>
<formatted-caption>
<caption-label>Figure</caption-label>
<caption-order>20</caption-order>
<caption-text>Cumulative oil Production data (as % OOIP) vs. time since begining of waterflood in Exp. 2. Experimental data vs. history matched simulation.</caption-text>
</formatted-caption>
</image-wrap>
</linkTarget>
</appendix>
</docFigure>
<docFigure composite="true" composite-count="3" pdf-page="23" figure-order="21" data-type-order="24">
<link href="link-21" type="image" />
<appendix>
<linkTarget id="link-21" type="image">
<anchoringText id="Ancr24">The corresponding relative permeability curves are plotted in Figure 21. It should be emphasized that the relative permeabilities were evaluated without considering, neither the effect of surfactant adsorption nor the control of the end-points with a capillary desaturation curve. According to the strategy selected in this work, all phenomena that occur at pore scale were captured macroscopically by the effective permeability coefficients.</anchoringText>
<image-wrap id="102118179624MS-Img_SPi-21">
<label>Figure 21 </label>
<imageLink type="mediaResource" href="102118179624MS_i_21.tif" id="ImgLink-21" />
<caption>Relative permeabilities for water flooding in Exp. 1 (blue curves) and surfactant flooding in Exp. 2 (red curves). The relative permeabilities were derived by history matching the experimental data. (a) and (b): relative permeabilities of water and oil respectively in linear scale; (c): relative permeability for both water and secondary surfactant flooding in log scale.</caption>
<formatted-caption>
<caption-label>Figure</caption-label>
<caption-order>21</caption-order>
<caption-text>Relative permeabilities for water flooding in Exp. 1 (blue curves) and surfactant flooding in Exp. 2 (red curves). The relative permeabilities were derived by history matching the experimental data. (a) and (b): relative permeabilities of water and oil respectively in linear scale; (c): relative permeability for both water and secondary surfactant flooding in log scale.</caption-text>
</formatted-caption>
</image-wrap>
<image-wrap id="102118179624MS-Img_SPi-21a">
<imageLink type="mediaResource" href="102118179624MS_i_21a.tif" id="ImgLink-21a" />
<figure-specific-caption>
<caption-order>(a)</caption-order>
<caption-text>relative permeabilities of water</caption-text>
</figure-specific-caption>
</image-wrap>
<image-wrap id="102118179624MS-Img_SPi-21b">
<imageLink type="mediaResource" href="102118179624MS_i_21b.tif" id="ImgLink-21b" />
<figure-specific-caption>
<caption-order>(b)</caption-order>
<caption-text>oil respectively in linear scale</caption-text>
</figure-specific-caption>
</image-wrap>
<image-wrap id="102118179624MS-Img_SPi-21c">
<imageLink type="mediaResource" href="102118179624MS_i_21c.tif" id="ImgLink-21c" />
<figure-specific-caption>
<caption-order>(c)</caption-order>
<caption-text>relative permeability for both water and secondary surfactant flooding in log scale</caption-text>
</figure-specific-caption>
</image-wrap>
</linkTarget>
</appendix>
</docFigure>
<docFigure pdf-page="24" figure-order="22" data-type-order="25">
<link href="link-22" type="image" />
<appendix>
<linkTarget id="link-22" type="image">
<anchoringText id="Ancr25">This explains why high residual oil saturation and low water relative permeability are found. The addition of surfactant to the injected water phase, in Exp. 2, leads to a reduction of the mobility of the water phase (above Sw ~ 0.35) and an increase of the mobility of the oil phase. Consequently, as shown in Figure 22, mobility ratio (mobility of the water phase over mobility of the oil phase), is clearly lower above Sw ~ 0.30 in presence of surfactant than without.</anchoringText>
<image-wrap id="102118179624MS-Img_SPi-22">
<label>Figure 22 </label>
<imageLink type="mediaResource" href="102118179624MS_i_22.tif" id="ImgLink-22" />
<caption>Mobility ratio vs. water saturation. Water flooding in Exp. 1 (blue curves) and surfactant flooding in Exp. 2 (red curves).</caption>
<formatted-caption>
<caption-label>Figure</caption-label>
<caption-order>22</caption-order>
<caption-text>Mobility ratio vs. water saturation. Water flooding in Exp. 1 (blue curves) and surfactant flooding in Exp. 2 (red curves).</caption-text>
</formatted-caption>
</image-wrap>
</linkTarget>
</appendix>
</docFigure>
</docFigureList>
</docTables>