<?xml version="1.0" encoding="utf-8"?>
<docTables>
<docMetaData inputFile="102118179624MS.txt" extractionDate="2021-03-22T15:50:33Z">
<doi>10.2118/179624-MS</doi>
<pii>10.2118/179624-MS</pii>
<publisher>SPE_Society_of_Petroleum_Engineers</publisher>
</docMetaData>
<docTableList>
<docTable pdf-page="7" table-order="1" data-type-order="4">
<table-wrap id="102118179624MS-tblwrp-1" content-type="structured">
<anchoringText id="Ancr1">Brine The model synthetic brine used for the formulation work and the coreflood experiments was selected in order to match, in a simplified manner, the formation water of the reference field case, which is the initial candidate for injection water that would be used for CEOR operations. Its components and overall properties are presented in Table 1.</anchoringText>
<label>Table 1</label>
<caption>Brine composition and overall properties.</caption>
<formatted-caption>
<caption-label>Table</caption-label>
<caption-order>1</caption-order>
<caption-text>Brine composition and overall properties.</caption-text>
</formatted-caption>
<table id="102118179624MS-Tbl_SPi-1" frame="hsides">
<thead>
<tr>
<th valign="top" align="center">Component</th>
<th valign="top" align="center">Concentration (mg//L)</th>
</tr>
</thead>
<tfoot>
<tr>
<td id="tfn-1" colspan="2" align="left">*hardness parameter:R+ ([Ca<sup>2+</sup>]+[Mg<sup>2+</sup>])/([Ca<sup>2+</sup>]+[Mg<sup>2+</sup>]+[Na<sup>+</sup>]+[K<sup>+</sup>])
</td>
</tr>
</tfoot>
<tbody>
<tr>
<td valign="top" align="left">Na<sup>+</sup>
</td>
<td valign="top" align="left">2018</td>
</tr>
<tr>
<td valign="top" align="left">K<sup>+</sup>
</td>
<td valign="top" align="left">49</td>
</tr>
<tr>
<td valign="top" align="left">Mg<sup>2+</sup>
</td>
<td valign="top" align="left">7</td>
</tr>
<tr>
<td valign="top" align="left">Cl<sup>–</sup>
</td>
<td valign="top" align="left">1595</td>
</tr>
<tr>
<td valign="top" align="left">HCO3<sup>–</sup>
</td>
<td valign="top" align="left">2723</td>
</tr>
<tr>
<td colspan="2" valign="top" align="center">
<b>Overall properties:</b>
</td>
</tr>
<tr>
<td valign="top" align="center">TDS</td>
<td valign="top" align="center">6392 mg/L</td>
</tr>
<tr>
<td valign="top" align="center">R+*</td>
<td valign="top" align="center">0.003</td>
</tr>
</tbody>
</table>
</table-wrap>
<appendix />
</docTable>
<docTable pdf-page="8" table-order="2" data-type-order="5">
<table-wrap id="102118179624MS-tblwrp-2" content-type="structured">
<anchoringText id="Ancr2">Oil The main properties of the dead crude oil sample from the reference field case used in the study are given in Table 2. The oil was heated to 40°C, homogenized and submitted to decantation before determining its water content. This means that the 6 wt-% water measured by Karl-Fischer method corresponds to a rather stable water in oil emulsion. This hypothesis is supported by microscopy (Figure 4) as relatively small water droplets are observed (typical size 1–5 μm). No further efforts were made to remove the stable water droplets in this study.</anchoringText>
<label>Table 2</label>
<caption>Main properties of the dead crude oil.</caption>
<formatted-caption>
<caption-label>Table</caption-label>
<caption-order>2</caption-order>
<caption-text>Main properties of the dead crude oil.</caption-text>
</formatted-caption>
<table id="102118179624MS-Tbl_SPi-2" frame="hsides">
<tbody>
<tr>
<td valign="top" align="left">API gravity </td>
<td valign="top" align="left">90</td>
</tr>
<tr>
<td valign="top" align="left">Viscosity at 50°C</td>
<td valign="top" align="left">4500 cP</td>
</tr>
<tr>
<td valign="top" align="left">Water content (as stable w/o emulsion) </td>
<td valign="top" align="left">6.3 wt-%</td>
</tr>
<tr>
<td valign="top" align="left">Total Acid Number </td>
<td valign="top" align="left">2.8 mg(KOH)/g(oil)</td>
</tr>
<tr>
<td valign="top" align="left">Total Base Number </td>
<td valign="top" align="left">2.1 mg(KOH)/g(oil)</td>
</tr>
<tr>
<td colspan="2" valign="top" align="center">SARA on 300OC+ fraction:</td>
</tr>
<tr>
<td valign="top" align="left">Saturated</td>
<td valign="top" align="left">10±1%</td>
</tr>
<tr>
<td valign="top" align="left">Aromatics</td>
<td valign="top" align="left">37±1%</td>
</tr>
<tr>
<td valign="top" align="left">Resins</td>
<td valign="top" align="left">34±1%</td>
</tr>
<tr>
<td valign="top" align="left">Asphaltenes</td>
<td valign="top" align="left">12±1%</td>
</tr>
<tr>
<td valign="top" align="left">losses</td>
<td valign="top" align="left">7%</td>
</tr>
</tbody>
</table>
</table-wrap>
<appendix />
</docTable>
<docTable pdf-page="11" table-order="3" data-type-order="8">
<table-wrap id="102118179624MS-tblwrp-3" content-type="structured">
<anchoringText id="Ancr3">A set of 3 tests (Exp. 1 to 3) was conducted on plugs taken from an outcrop block of Bentheimer sandstone, whose petrophysical properties are listed in Table 3. The plugs were about 2D permeability, 22.5% of porosity, 20 cm long and 4.9 cm in diameter. CT-scan observations show that the selected samples were fairly homogenous. The local porosity profile calculated from the CT-scan attenuation of two states: dry and 100% saturated sample shows a small variation of the longitudinal porosity along the sample of ±1.5%.</anchoringText>
<label>Table 3</label>
<caption>Summary of corefloods experimental conditions, injection procedures and results.</caption>
<formatted-caption>
<caption-label>Table</caption-label>
<caption-order>3</caption-order>
<caption-text>Summary of corefloods experimental conditions, injection procedures and results.</caption-text>
</formatted-caption>
<table id="102118179624MS-Tbl_SPi-3" frame="hsides">
<thead>
<tr>
<th valign="top" align="left" />
<th valign="bottom" align="center">Exp. 1</th>
<th valign="bottom" align="center">Exp. 2</th>
<th valign="bottom" align="center">Exp. 3</th>
<th valign="bottom" align="center">Exp. 4</th>
</tr>
<tr>
<th valign="bottom" align="left">Main exp. conditions</th>
<th colspan="4" valign="top" align="center" />
</tr>
</thead>
<tbody>
<tr>
<td valign="bottom" align="left">Core lithology</td>
<td valign="top" align="center">Bentheimer sandstone</td>
<td valign="top" align="center">Bentheimer sandstone</td>
<td valign="top" align="center">Bentheimer sandstone</td>
<td align="center">Reservoir rock</td>
</tr>
<tr>
<td valign="bottom" align="left">Permeability, k (mD)</td>
<td valign="bottom" align="center">2030</td>
<td valign="bottom" align="center">2070</td>
<td valign="bottom" align="center">2270</td>
<td valign="bottom" align="center">4380</td>
</tr>
<tr>
<td valign="bottom" align="left">Porosity, φ (%)</td>
<td valign="bottom" align="center">22.7</td>
<td valign="bottom" align="center">22.5</td>
<td valign="bottom" align="center">22.4</td>
<td valign="bottom" align="center">36.0</td>
</tr>
<tr>
<td valign="bottom" align="left">Pore volume, Vp (mL)</td>
<td valign="bottom" align="center">83.6</td>
<td valign="bottom" align="center">82.9</td>
<td valign="bottom" align="center">86.6</td>
<td valign="bottom" align="center">38.5</td>
</tr>
<tr>
<td align="left">Length (cm)</td>
<td valign="bottom" align="center">18.8</td>
<td valign="bottom" align="center">20</td>
<td valign="bottom" align="center">20</td>
<td align="center">8.5</td>
</tr>
<tr>
<td valign="bottom" align="left">Diameter (cm)</td>
<td valign="bottom" align="center">4.9</td>
<td valign="bottom" align="center">4.9</td>
<td valign="bottom" align="center">4.9</td>
<td valign="bottom" align="center">4.0</td>
</tr>
<tr>
<td valign="bottom" align="left">Temperature, T (°C)</td>
<td colspan="4" valign="bottom" align="center">50°C</td>
</tr>
<tr>
<td valign="bottom" align="left">Oil viscosity, η<sub>oil</sub> (cP)</td>
<td colspan="4" valign="bottom" align="center">4500</td>
</tr>
<tr>
<td valign="bottom" align="left">Brine salinity</td>
<td colspan="4" valign="bottom" align="center">6.4 g/L TDS; R+ = 0.003</td>
</tr>
<tr>
<td align="left">
<b>Experimental procedure</b>
</td>
<td valign="bottom" align="left">Step 1: Water flooding<br />Step 2: Polymer flooding<br />Step 3: SP flooding</td>
<td align="left">Step 1: Surfactant flooding<br />Step 2: Polymer flooding</td>
<td align="left">Step 1: SP flooding</td>
<td align="left">Step 1: SP flooding</td>
</tr>
<tr>
<td valign="bottom" align="left">
<b>Chemical slugs properties</b>
</td>
<td colspan="4" valign="top" align="left">
</td>
</tr>
<tr>
<td valign="bottom" align="left">Polymer composition</td>
<td colspan="4" valign="bottom" align="center">Flopaam 3630S 2.5 g/L</td>
</tr>
<tr>
<td valign="bottom" align="left">Polymer viscosity, ηp (cP)/relative viscosity ηrP @ 2s<sup>-1</sup>
</td>
<td colspan="4" align="center">290 / 560</td>
</tr>
<tr>
<td valign="bottom" align="left">SP composition</td>
<td colspan="4" valign="bottom" align="center">Surfactant 8 g/L + Flopaam 3630S 2.5 g/L</td>
</tr>
<tr>
<td valign="bottom" align="left">SP viscosity, ηsp (cP) / relative viscosity ηrSP @ 2S<sup>-1</sup>
</td>
<td colspan="4" align="center">210 / 420</td>
</tr>
<tr>
<td valign="bottom" align="left">S composition</td>
<td colspan="4" valign="bottom" align="center">Surfactant 8 g/L</td>
</tr>
<tr>
<td valign="bottom" align="left">S viscosity, ηs (cP) / relative viscosity ηrs @ 2s<sup>-1</sup>
</td>
<td colspan="4" align="center">0.56 / 1.10</td>
</tr>
<tr>
<td valign="bottom" align="left">
<b>Results</b>
</td>
<td colspan="4" valign="top" align="left">
</td>
</tr>
<tr>
<td valign="bottom" align="left">Initial water saturation (%)</td>
<td valign="bottom" align="center">16</td>
<td valign="bottom" align="center">16</td>
<td valign="bottom" align="center">21</td>
<td valign="bottom" align="center">8</td>
</tr>
<tr>
<td valign="bottom" align="left">OOIP (mL)</td>
<td valign="bottom" align="center">70.2</td>
<td valign="bottom" align="center">69.6</td>
<td valign="bottom" align="center">68.4</td>
<td valign="bottom" align="center">35.4</td>
</tr>
<tr>
<td valign="bottom" align="left">Oil saturation (%) after:</td>
<td valign="top" align="left">
</td>
<td valign="top" align="left">
</td>
<td valign="top" align="left">
</td>
<td valign="top" align="left">
</td>
</tr>
<tr>
<td valign="bottom" align="left">• Secondary injections:</td>
<td valign="top" align="left">
</td>
<td valign="top" align="left">
</td>
<td valign="top" align="left">
</td>
<td valign="top" align="left">
</td>
</tr>
<tr>
<td align="left">- Water low flow rate</td>
<td align="center">63</td>
<td valign="top" align="center">-</td>
<td valign="top" align="center">-</td>
<td valign="top" align="center">-</td>
</tr>
<tr>
<td align="left">- Water high flow rate</td>
<td align="center">48</td>
<td valign="top" align="center">-</td>
<td valign="top" align="center">-</td>
<td valign="top" align="center">-</td>
</tr>
<tr>
<td align="left">- Surfactant</td>
<td valign="top" align="center">-</td>
<td align="center">39</td>
<td valign="top" align="center">-</td>
<td valign="top" align="center">-</td>
</tr>
<tr>
<td align="left">- Surfactant-Polymer</td>
<td valign="top" align="center">-</td>
<td valign="top" align="center">-</td>
<td align="center">
<b>5</b>
</td>
<td align="center">
<b>8</b>
</td>
</tr>
<tr>
<td valign="bottom" align="left">• Tertiary Injections:</td>
<td valign="top" align="center">
</td>
<td valign="top" align="center">
</td>
<td valign="top" align="center">
</td>
<td valign="top" align="center">
</td>
</tr>
<tr>
<td align="left">- Polymer</td>
<td align="center">40</td>
<td align="center">
<b>27</b>
</td>
<td align="center">-</td>
<td align="center">-</td>
</tr>
<tr>
<td align="left">- Surfactant-Polymer</td>
<td align="center">
<b>9</b>
</td>
<td valign="top" align="center">-</td>
<td valign="top" align="center">-</td>
<td valign="top" align="center">-</td>
</tr>
<tr>
<td valign="bottom" align="left">
<b>Cumulative</b> ΔOOIP (%) after:</td>
<td valign="top" align="center">
</td>
<td valign="top" align="center">
</td>
<td valign="top" align="center">
</td>
<td valign="top" align="center">
</td>
</tr>
<tr>
<td valign="bottom" align="left">• Secondary injections:</td>
<td valign="top" align="center">
</td>
<td valign="top" align="center">
</td>
<td valign="top" align="center">
</td>
<td valign="top" align="center">
</td>
</tr>
<tr>
<td align="left">- Water low flow rate</td>
<td align="center">25</td>
<td valign="top" align="center">-</td>
<td valign="top" align="center">-</td>
<td valign="top" align="center">-</td>
</tr>
<tr>
<td align="left">- Water high flow rate</td>
<td align="center">43</td>
<td valign="top" align="center">-</td>
<td valign="top" align="center">-</td>
<td valign="top" align="center">-</td>
</tr>
<tr>
<td align="left">- Surfactant</td>
<td valign="top" align="center">-</td>
<td align="center">54</td>
<td valign="top" align="center">-</td>
<td valign="top" align="center">-</td>
</tr>
<tr>
<td align="left">- Surfactant-Polymer</td>
<td align="center">-</td>
<td align="center">-</td>
<td align="center">
<b>94</b>
</td>
<td align="center">
<b>91</b>
</td>
</tr>
<tr>
<td valign="bottom" align="left">• Tertiary Injections:</td>
<td valign="top" align="center">
</td>
<td valign="top" align="center">
</td>
<td valign="top" align="center">
</td>
<td valign="top" align="center">
</td>
</tr>
<tr>
<td align="left">- Polymer</td>
<td align="center">53</td>
<td valign="bottom" align="center">
<b>68</b>
</td>
<td valign="top" align="center">-</td>
<td valign="top" align="center">-</td>
</tr>
<tr>
<td align="left">- Surfactant-Polymer</td>
<td align="center">
<b>90</b>
</td>
<td valign="top" align="center">-</td>
<td valign="top" align="center">-</td>
<td valign="top" align="center">-</td>
</tr>
</tbody>
</table>
</table-wrap>
<appendix />
</docTable>
</docTableList>
</docTables>