<?xml version="1.0" encoding="utf-8"?>
<docTables>
<docMetaData inputFile="102118176328MS.txt" extractionDate="2021-03-15T14:20:13Z">
<doi>10.2118/176328-MS</doi>
<pii>10.2118/176328-MS</pii>
<publisher>SPE_Society_of_Petroleum_Engineers</publisher>
</docMetaData>
<docFigureList>
<docFigure pdf-page="2" figure-order="1" data-type-order="1">
<link href="link-1" type="image" />
<appendix>
<linkTarget id="link-1" type="image">
<anchoringText id="Ancr3">The Kerisi field was discovered in 1990 by the Kerisi–1A well and then appraised by 3 further wells. The field covers an area of approximately 18 km2 in Eastern Hub – Block B Offshore PSC Area, South Natuna Sea, Indonesia. It located in Indonesian offshore waters approximately 200 miles NE of Singapore (Fig.1) with approximate water depth of 300 feet.</anchoringText>
<image-wrap id="102118176328MS-Img_SPi-1">
<label>Figure 1 </label>
<imageLink type="mediaResource" href="102118176328MS_i_1.tif" id="ImgLink-1" />
<caption>Kerisi - Hiu Field Location in Block B Area</caption>
<formatted-caption>
<caption-label>Figure</caption-label>
<caption-order>1</caption-order>
<caption-text>Kerisi - Hiu Field Location in Block B Area</caption-text>
</formatted-caption>
</image-wrap>
</linkTarget>
</appendix>
</docFigure>
<docFigure pdf-page="4" figure-order="2" data-type-order="3">
<link href="link-2" type="image" />
<appendix>
<linkTarget id="link-2" type="image">
<anchoringText id="Ancr4">Kerisi Field is inverted NE – SW four-way dip structures limited by a major reverse fault to the South. It is cut by a series of smaller faults trending SE – NW and NE – SW. A major fault trending SE – NW with displacement up to 500 ft separating the Western and Eastern Kerisi field. Henning et. al15 explained that this major fault is sealing the eastern and western part of the block. Production data later confirmed that there is no interference from wells on each block, thus no transmissibility is present. Hydrocarbon bearing reservoirs in Kerisi field are Upper Gabus (UG), Gabus Zone 3 (Z3), and Lower Gabus (LG) as shown by Figure 2.</anchoringText>
<image-wrap id="102118176328MS-Img_SPi-2">
<label>Figure 2</label>
<imageLink type="mediaResource" href="102118176328MS_i_2.tif" id="ImgLink-2" />
<caption>Stratigraphic Column of Block B Kerisi field targets Gabus formation as the producing reservoir</caption>
<formatted-caption>
<caption-label>Figure</caption-label>
<caption-order>2</caption-order>
<caption-text>Stratigraphic Column of Block B Kerisi field targets Gabus formation as the producing reservoir</caption-text>
</formatted-caption>
</image-wrap>
</linkTarget>
</appendix>
</docFigure>
<docFigure pdf-page="5" figure-order="3" data-type-order="4">
<link href="link-3" type="image" />
<appendix>
<linkTarget id="link-3" type="image">
<anchoringText id="Ancr5">Quantitative and qualitative seismic interpretation has been applied in Kerisi. It didn’t show clear channel feature in UG – 1A, UG – 1C, and LG. Meanwhile from seismic amplitude and seismic features extraction in UGM and UG – 1B formation, it showed several channel features which from logs and cuttings were identified as distributary channel and tidal channel as shown by Figure 3.</anchoringText>
<image-wrap id="102118176328MS-Img_SPi-3">
<label>Figure 3 </label>
<imageLink type="mediaResource" href="102118176328MS_i_3.tif" id="ImgLink-3" />
<caption>Seismic Amplitude Response in Gabus Massive The channels feature of this seismic amplitude guide the rock properties distribution during building static model</caption>
<formatted-caption>
<caption-label>Figure</caption-label>
<caption-order>3</caption-order>
<caption-text>Seismic Amplitude Response in Gabus Massive The channels feature of this seismic amplitude guide the rock properties distribution during building static model</caption-text>
</formatted-caption>
</image-wrap>
</linkTarget>
</appendix>
</docFigure>
<docFigure pdf-page="5" figure-order="4" data-type-order="5">
<link href="link-4" type="image" />
<appendix>
<linkTarget id="link-4" type="image">
<anchoringText id="Ancr6">Quantitative and qualitative seismic interpretation has been applied in Kerisi. It didn’t show clear channel feature in UG – 1A, UG – 1C, and LG. Meanwhile from seismic amplitude and seismic features extraction in UGM and UG – 1B formation, it showed several channel features which from logs and cuttings were identified as distributary channel and tidal channel as shown by Figure 3. This figure could also described that there possibly a series of erosion of old channels with new channels. Thus, there is a possibility that shale will be deposited by new channel that would become baffle of the flow in the direction of SE – NW (Fig. 4). However, the elongation of this shale is uncertain.</anchoringText>
<image-wrap id="102118176328MS-Img_SPi-4">
<label>Figure 4 </label>
<imageLink type="mediaResource" href="102118176328MS_i_4.tif" id="ImgLink-4" />
<caption>Cross Section of Shale Deposition during New Channel Erosion The edge of the channel has bad reservoir quality to shale. During erotional process of old channel by new channel, this shale will exist in between sands. This shale deposition is considered to be the flow baffle that makes one well is not communicating to other well during gas injection and production.</caption>
<formatted-caption>
<caption-label>Figure</caption-label>
<caption-order>4</caption-order>
<caption-text>Cross Section of Shale Deposition during New Channel Erosion The edge of the channel has bad reservoir quality to shale. During erotional process of old channel by new channel, this shale will exist in between sands. This shale deposition is considered to be the flow baffle that makes one well is not communicating to other well during gas injection and production.</caption-text>
</formatted-caption>
</image-wrap>
</linkTarget>
</appendix>
</docFigure>
<docFigure pdf-page="6" figure-order="5" data-type-order="6">
<link href="link-5" type="image" />
<appendix>
<linkTarget id="link-5" type="image">
<anchoringText id="Ancr7">At the top of Upper Gabus formation, Barat shale acts as the cap rock. Whereas, between UG1AC and UGM formation there is also shale layer which thickness is ranging from 40 – 70 ft that separate these two formations (Fig. 5). Production data confirm that no interference between these two formations, which means that this in between shale layer is a perfect seal. Figure 7 shows top structure of UGMW.</anchoringText>
<image-wrap id="102118176328MS-Img_SPi-5">
<label>Figure 5 </label>
<imageLink type="mediaResource" href="102118176328MS_i_5.tif" id="ImgLink-5" />
<caption>Cross Section of Upper Gabus zone in Kerisi Field Kerisi is separated by a sealing fault that divided the structure into western and eastern block. The presence of shale, which thickness is ranging from 40-100 ft, separate and seal each Gabus formations.</caption>
<formatted-caption>
<caption-label>Figure</caption-label>
<caption-order>5</caption-order>
<caption-text>Cross Section of Upper Gabus zone in Kerisi Field Kerisi is separated by a sealing fault that divided the structure into western and eastern block. The presence of shale, which thickness is ranging from 40-100 ft, separate and seal each Gabus formations.</caption-text>
</formatted-caption>
</image-wrap>
</linkTarget>
</appendix>
</docFigure>
<docFigure pdf-page="6" figure-order="6" data-type-order="7">
<link href="link-6" type="image" />
<appendix>
<linkTarget id="link-6" type="image">
<anchoringText id="Ancr8">The WOC in west and east Kerisi and GOC in west Kerisi structure are defined by RFT, whereas GOC in the east is by KRS-2 log (Fig. 6)</anchoringText>
<image-wrap id="102118176328MS-Img_SPi-6">
<label>Figure 6 </label>
<imageLink type="mediaResource" href="102118176328MS_i_6.tif" id="ImgLink-6" />
<caption>UGM West Top Structure Upper Gabus Massive West fluid in place is the biggest among all other Kerisi structures. This formation has a gas cap overlying an oil rim. The production comes from 3(three) horizontal producers with 1 (one) gas injector to mitigate pressure drop during production.</caption>
<formatted-caption>
<caption-label>Figure</caption-label>
<caption-order>6</caption-order>
<caption-text>UGM West Top Structure Upper Gabus Massive West fluid in place is the biggest among all other Kerisi structures. This formation has a gas cap overlying an oil rim. The production comes from 3(three) horizontal producers with 1 (one) gas injector to mitigate pressure drop during production.</caption-text>
</formatted-caption>
</image-wrap>
</linkTarget>
</appendix>
</docFigure>
<docFigure pdf-page="7" figure-order="7" data-type-order="8">
<link href="link-7" type="image" />
<appendix>
<linkTarget id="link-7" type="image">
<anchoringText id="Ancr9">At the top of Upper Gabus formation, Barat shale acts as the cap rock. Whereas, between UG1AC and UGM formation there is also shale layer which thickness is ranging from 40 – 70 ft that separate these two formations (Fig. 5). Production data confirm that no interference between these two formations, which means that this in between shale layer is a perfect seal. Figure 7 shows top structure of UGMW.</anchoringText>
<image-wrap id="102118176328MS-Img_SPi-7">
<label>Figure 7 </label>
<imageLink type="mediaResource" href="102118176328MS_i_7.tif" id="ImgLink-7" />
<caption>Kerisi - Hiu Integrated Fluid Flow Stream Oil and gas production from Kerisi-Hiu is separated in CPP, where gas is stripped and all liquid sent to Belanak FPSO. The remaining gas is to be injected and/or exported.</caption>
<formatted-caption>
<caption-label>Figure</caption-label>
<caption-order>7</caption-order>
<caption-text>Kerisi - Hiu Integrated Fluid Flow Stream Oil and gas production from Kerisi-Hiu is separated in CPP, where gas is stripped and all liquid sent to Belanak FPSO. The remaining gas is to be injected and/or exported.</caption-text>
</formatted-caption>
</image-wrap>
</linkTarget>
</appendix>
</docFigure>
<docFigure pdf-page="8" figure-order="8" data-type-order="9">
<link href="link-8" type="image" />
<appendix>
<linkTarget id="link-8" type="image">
<anchoringText id="Ancr10">At the dew pointing system, condensate will be dropped out of the produced gas. The leaner gas is then entering glycol system to dehydrate it from water. Partially stabilized and dewatered oil received from Kerisi CPP will be flowed through a heater to the HP Separator for further processing to meet export Reid Vapor Pressure (RVP) and Basic Sediment and Water (BS&amp;W) specifications. These liquids are pumped to Belanak FPSO, as a sales point, 23 km from KCPP through 16 inch pipeline. Part of the remaining lean gas is diverted for fuel, before compression, for plant and the compressors itself. Compressed gas is separated into three lines, an injection line to KRS-5, gas lift, and a sales line to Belanak FPSO through 16 inch gas pipeline (Fig. 8).</anchoringText>
<image-wrap id="102118176328MS-Img_SPi-8">
<label>Figure 8 </label>
<imageLink type="mediaResource" href="102118176328MS_i_8.tif" id="ImgLink-8" />
<caption>Kerisi - Hiu Facility and Export Point</caption>
<formatted-caption>
<caption-label>Figure</caption-label>
<caption-order>8</caption-order>
<caption-text>Kerisi - Hiu Facility and Export Point</caption-text>
</formatted-caption>
</image-wrap>
</linkTarget>
</appendix>
</docFigure>
<docFigure pdf-page="10" figure-order="9" data-type-order="10">
<link href="link-9" type="image" />
<appendix>
<linkTarget id="link-9" type="image">
<anchoringText id="Ancr11">Figure 9 shows a production performance of UGMW with time. Gas injection process can be best evaluated by plotting cumulative voidage against time, as shown at the top of the plot. Cumulative Voidage is the the volume of produced fluid (oil, gas, condensate, and water) minus the volume of gas injected at reservoir condition. When production is higher than injection the slope will be big, indicating high voidage is occurring in the reservoir.</anchoringText>
<image-wrap id="102118176328MS-Img_SPi-9">
<label>Figure 9 </label>
<imageLink type="mediaResource" href="102118176328MS_i_9.tif" id="ImgLink-9" />
<caption>UGMW Production Performance with Time There are 3 distinguishable periods over 7 years production of UGMW formation. Period 2 is the most preferred one, since it has the smallest cumulative voidage slope and decline rate.</caption>
<formatted-caption>
<caption-label>Figure</caption-label>
<caption-order>9</caption-order>
<caption-text>UGMW Production Performance with Time There are 3 distinguishable periods over 7 years production of UGMW formation. Period 2 is the most preferred one, since it has the smallest cumulative voidage slope and decline rate.</caption-text>
</formatted-caption>
</image-wrap>
</linkTarget>
</appendix>
</docFigure>
<docFigure pdf-page="12" figure-order="10" data-type-order="11">
<link href="link-10" type="image" />
<appendix>
<linkTarget id="link-10" type="image">
<anchoringText id="Ancr12">The graphical method plot (Fig. 10) shows a typical classic material balance straight line to estimate oil initially in place (OOIP). The OOIP was estimated within 9% of static models. The reservoir drive plot clearly shows that gas expansion/injection and pore volume expansion are the key production drivers with negligible effects the water influx. At initial condition pore volume expansion is the main force to production, but with time as the fluid is more produced gas injection start to dominate the drive mechanism. Material balance was also used to give an estimate of the current GOC, which is at 3,886 ft or 83 ft below the initial depth.</anchoringText>
<image-wrap id="102118176328MS-Img_SPi-10">
<label>Figure 10 </label>
<imageLink type="mediaResource" href="102118176328MS_i_10.tif" id="ImgLink-10" />
<caption>Material Balance History Match of UGMW The analysis clearly shows that gas cap expansion/gas injection is the main drive mechanism.</caption>
<formatted-caption>
<caption-label>Figure</caption-label>
<caption-order>10</caption-order>
<caption-text>Material Balance History Match of UGMW The analysis clearly shows that gas cap expansion/gas injection is the main drive mechanism.</caption-text>
</formatted-caption>
</image-wrap>
</linkTarget>
</appendix>
</docFigure>
<docFigure pdf-page="13" figure-order="11" data-type-order="12">
<link href="link-11" type="image" />
<appendix>
<linkTarget id="link-11" type="image">
<anchoringText id="Ancr13">A water saturation distribution model generated from petrophysics instead of using single water saturation for the whole grid. End point scaling was therefore applied together with the relative permeability model from the Kerisi– 4 core (Figure 11). With high permeability and relatively thin reservoir supported by no sustained water production and no noticeable free water saturation, the capillary pressures were considered to be negligible. Key uncertainties in the updated model were identified as sand extension from seismic, sand-shale ratio and shale elongation from newer channel erosion.</anchoringText>
<image-wrap id="102118176328MS-Img_SPi-11">
<label>Figure 11 </label>
<imageLink type="mediaResource" href="102118176328MS_i_11.tif" id="ImgLink-11" />
<caption>UGMW Relative Permeability Curve</caption>
<formatted-caption>
<caption-label>Figure</caption-label>
<caption-order>11</caption-order>
<caption-text>UGMW Relative Permeability Curve</caption-text>
</formatted-caption>
</image-wrap>
</linkTarget>
</appendix>
</docFigure>
<docFigure pdf-page="14" figure-order="12" data-type-order="13">
<link href="link-12" type="image" />
<appendix>
<linkTarget id="link-12" type="image">
<anchoringText id="Ancr14">Figure 12 shows the history match at the field level for gas and oil production. The figure shows a reasonable match of oil and gas rate. Thus, we can conclude that this model is fit for the purpose of modelling the UGMW reservoir behavior and predicting reservoir performance.</anchoringText>
<image-wrap id="102118176328MS-Img_SPi-12">
<label>Figure 12 </label>
<imageLink type="mediaResource" href="102118176328MS_i_12.tif" id="ImgLink-12" />
<caption>History Match Result of UGMW at Field Level</caption>
<formatted-caption>
<caption-label>Figure</caption-label>
<caption-order>12</caption-order>
<caption-text>History Match Result of UGMW at Field Level</caption-text>
</formatted-caption>
</image-wrap>
</linkTarget>
</appendix>
</docFigure>
<docFigure pdf-page="15" figure-order="13" data-type-order="15">
<link href="link-13" type="image" />
<appendix>
<linkTarget id="link-13" type="image">
<anchoringText id="Ancr15">Figure 13 and 14 shows the simulation results of the "recycling" and "no–recycling" scenarios, respectively. Both scenarios show the benefit of increasing injection rate for increasing reservoir pressure, which leads to higher cumulative oil production.</anchoringText>
<image-wrap id="102118176328MS-Img_SPi-13">
<imageLink type="mediaResource" href="102118176328MS_i_13.tif" id="ImgLink-13" />
<caption />
<formatted-caption>
<caption-text />
</formatted-caption>
</image-wrap>
</linkTarget>
</appendix>
</docFigure>
<docFigure pdf-page="16" figure-order="14" data-type-order="16">
<link href="link-14" type="image" />
<appendix>
<linkTarget id="link-14" type="image">
<anchoringText id="Ancr16">Figure 13 and 14 shows the simulation results of the "recycling" and "no–recycling" scenarios, respectively. Both scenarios show the benefit of increasing injection rate for increasing reservoir pressure, which leads to higher cumulative oil production.</anchoringText>
<image-wrap id="102118176328MS-Img_SPi-14">
<label>Figure 14 </label>
<imageLink type="mediaResource" href="102118176328MS_i_14.tif" id="ImgLink-14" />
<caption>Scenario 2: No-recycling Production Forecast by Varying Injection Rate Increasing volume of injected gas gives benefit in cumulative oil produced of both cases above. However in no-recycling case, increasing injected gas will also increase reservoir pressure, higher produced oil and volume of gas during blowdown.</caption>
<formatted-caption>
<caption-label>Figure</caption-label>
<caption-order>14</caption-order>
<caption-text>Scenario 2: No-recycling Production Forecast by Varying Injection Rate Increasing volume of injected gas gives benefit in cumulative oil produced of both cases above. However in no-recycling case, increasing injected gas will also increase reservoir pressure, higher produced oil and volume of gas during blowdown.</caption-text>
</formatted-caption>
</image-wrap>
</linkTarget>
</appendix>
</docFigure>
<docFigure pdf-page="16" figure-order="15" data-type-order="17">
<link href="link-15" type="image" />
<appendix>
<linkTarget id="link-15" type="image">
<anchoringText id="Ancr17">Figure 15 compares the difference of recycling and no–recycling with gas injection of 50 MMSCFD. After injecting constantly at 50 MMSCFD for about 4 years the injection rate will start to drop, which means that the combined Kerisi – Hiu gas source can no longer provide enough volume to be injected. At this time produced gas is solely dedicated to fuel consumption and injection at reduced rates. Therefore, reservoir pressure is starts to decline.</anchoringText>
<image-wrap id="102118176328MS-Img_SPi-15">
<label>Figure 15 </label>
<imageLink type="mediaResource" href="102118176328MS_i_15.tif" id="ImgLink-15" />
<caption>Forecast Comparison of Recycling and No-recyling with 50 MMSCFD Injection</caption>
<formatted-caption>
<caption-label>Figure</caption-label>
<caption-order>15</caption-order>
<caption-text>Forecast Comparison of Recycling and No-recyling with 50 MMSCFD Injection</caption-text>
</formatted-caption>
</image-wrap>
</linkTarget>
</appendix>
</docFigure>
<docFigure pdf-page="17" figure-order="16" data-type-order="18">
<link href="link-16" type="image" />
<appendix>
<linkTarget id="link-16" type="image">
<anchoringText id="Ancr18">Figure 16 shows produced fluid sales for both scenarios. The upper plot shows gas sales and lower plot shows liquid hydrocarbons, including oil, condensate, and LPG.</anchoringText>
<image-wrap id="102118176328MS-Img_SPi-16">
<label>Figure 16 </label>
<imageLink type="mediaResource" href="102118176328MS_i_16.tif" id="ImgLink-16" />
<caption>Varying Injection Rate to Kerisi - Hiu Gas and Liquid Sales Rate In both case, injecting more gas impacts to less sales gas. However, when LPG is no longer included, in no-recycling case the liquid sales is keep high due to lesser oil decline rate and more stripped condensate from richer produced gas.</caption>
<formatted-caption>
<caption-label>Figure</caption-label>
<caption-order>16</caption-order>
<caption-text>Varying Injection Rate to Kerisi - Hiu Gas and Liquid Sales Rate In both case, injecting more gas impacts to less sales gas. However, when LPG is no longer included, in no-recycling case the liquid sales is keep high due to lesser oil decline rate and more stripped condensate from richer produced gas.</caption-text>
</formatted-caption>
</image-wrap>
</linkTarget>
</appendix>
</docFigure>
<docFigure pdf-page="18" figure-order="17" data-type-order="19">
<link href="link-17" type="image" />
<appendix>
<linkTarget id="link-17" type="image">
<anchoringText id="Ancr19">As mentioned above, the impact of higher injection rates is to increase reservoir pressure. Higher reservoir pressures enable the economic decision to drill an infill well to increase ultimate recovery, in a structure that has unswept oil (Fig. 17). This well, KRS-12, is being evaluated for drilling on year 9th. This is a horizontal well with horizontal section of 2,830 ft at the depth of 4,016 ftTVDSS, or 19 ft above WOC. The well will be completed with sand exclusion liner to prevent sand production like three other producers.</anchoringText>
<image-wrap id="102118176328MS-Img_SPi-17">
<label>Figure 17 </label>
<imageLink type="mediaResource" href="102118176328MS_i_17.tif" id="ImgLink-17" />
<caption>KRS-12 Infill Drilling Plan Location KRS-12 is targeting the remaining oil from the area deeper to the flank and not yet swept by KRS-7</caption>
<formatted-caption>
<caption-label>Figure</caption-label>
<caption-order>17</caption-order>
<caption-text>KRS-12 Infill Drilling Plan Location KRS-12 is targeting the remaining oil from the area deeper to the flank and not yet swept by KRS-7</caption-text>
</formatted-caption>
</image-wrap>
</linkTarget>
</appendix>
</docFigure>
<docFigure pdf-page="19" figure-order="18" data-type-order="20">
<link href="link-18" type="image" />
<appendix>
<linkTarget id="link-18" type="image">
<anchoringText id="Ancr20">Figure 18 shows impact of varying the injection rate from 25 to 60 MMSCFD on the production profile of KRS-12. Higher injection rates, (e.g. 60 MMSCFD), result in a higher initial production rate. KRS-12 gas production will add to the to the other gas sources for injection. With fixed gas injection rates, additional offtake from KRS-12 causes the reservoir pressure to drop earlier, which leads to a rapid decrease in production rate. The addition of KRS-12 negatively impacts KRS-6 and KRS-10 production performance. However, there is still an overall incremental production benefit from drilling this well, as shown by Figure 19.</anchoringText>
<image-wrap id="102118176328MS-Img_SPi-18">
<label>Figure 18 </label>
<imageLink type="mediaResource" href="102118176328MS_i_18.tif" id="ImgLink-18" />
<caption>KRS-12 Production Profile with Time The bigger the injection rate, the higher initial rate and cumulative oil production from KRS-12</caption>
<formatted-caption>
<caption-label>Figure</caption-label>
<caption-order>18</caption-order>
<caption-text>KRS-12 Production Profile with Time The bigger the injection rate, the higher initial rate and cumulative oil production from KRS-12</caption-text>
</formatted-caption>
</image-wrap>
</linkTarget>
</appendix>
</docFigure>
<docFigure pdf-page="19" figure-order="19" data-type-order="21">
<link href="link-19" type="image" />
<appendix>
<linkTarget id="link-19" type="image">
<anchoringText id="Ancr21">Figure 18 shows impact of varying the injection rate from 25 to 60 MMSCFD on the production profile of KRS-12. Higher injection rates, (e.g. 60 MMSCFD), result in a higher initial production rate. KRS-12 gas production will add to the to the other gas sources for injection. With fixed gas injection rates, additional offtake from KRS-12 causes the reservoir pressure to drop earlier, which leads to a rapid decrease in production rate. The addition of KRS-12 negatively impacts KRS-6 and KRS-10 production performance. However, there is still an overall incremental production benefit from drilling this well, as shown by Figure 19.</anchoringText>
<image-wrap id="102118176328MS-Img_SPi-19">
<label>Figure 19 </label>
<imageLink type="mediaResource" href="102118176328MS_i_19.tif" id="ImgLink-19" />
<caption>Cumulative oil production with and without KRS-12 with Time KRS-12 will accelerate production from KRS-6 and KRS-10, but ultimately there still positive production that is contributed from this well.</caption>
<formatted-caption>
<caption-label>Figure</caption-label>
<caption-order>19</caption-order>
<caption-text>Cumulative oil production with and without KRS-12 with Time KRS-12 will accelerate production from KRS-6 and KRS-10, but ultimately there still positive production that is contributed from this well.</caption-text>
</formatted-caption>
</image-wrap>
</linkTarget>
</appendix>
</docFigure>
<docFigure pdf-page="20" figure-order="20" data-type-order="22">
<link href="link-20" type="image" />
<appendix>
<linkTarget id="link-20" type="image">
<anchoringText id="Ancr22">Figure 20 show that non-recycling has a consistently higher NPV compared to the "recycling case". Higher injection rates result in marginally higher NPVs. The NPV is also higher with the additional of the KRS-12 in the "no–recycling" case, showing that there is a benefit in the drilling of this well. Further analysis is required to calculate the incremental benefit of drilling KRS-12 by subtracting these two curves. Figure 21 shows that NPV is eroded with injection rates higher than 50 MMSCFD.</anchoringText>
<image-wrap id="102118176328MS-Img_SPi-20">
<label>Figure 20 </label>
<imageLink type="mediaResource" href="102118176328MS_i_20.tif" id="ImgLink-20" />
<caption>Project NPV of Different Scenarios Injecting bigger volume will increase project NPV for any case. The NPV for no-recycle is higher than recycle case. With the drilling of KRS-12 the NPV is even more positive</caption>
<formatted-caption>
<caption-label>Figure</caption-label>
<caption-order>20</caption-order>
<caption-text>Project NPV of Different Scenarios Injecting bigger volume will increase project NPV for any case. The NPV for no-recycle is higher than recycle case. With the drilling of KRS-12 the NPV is even more positive</caption-text>
</formatted-caption>
</image-wrap>
</linkTarget>
</appendix>
</docFigure>
<docFigure pdf-page="21" figure-order="21" data-type-order="23">
<link href="link-21" type="image" />
<appendix>
<linkTarget id="link-21" type="image">
<anchoringText id="Ancr23">Figure 20 show that non-recycling has a consistently higher NPV compared to the "recycling case". Higher injection rates result in marginally higher NPVs. The NPV is also higher with the additional of the KRS-12 in the "no–recycling" case, showing that there is a benefit in the drilling of this well. Further analysis is required to calculate the incremental benefit of drilling KRS-12 by subtracting these two curves. Figure 21 shows that NPV is eroded with injection rates higher than 50 MMSCFD.</anchoringText>
<image-wrap id="102118176328MS-Img_SPi-21">
<label>Figure 21 </label>
<imageLink type="mediaResource" href="102118176328MS_i_21.tif" id="ImgLink-21" />
<caption>NPV Benefit of Drilling KRS-12 The picture above is the difference between the project NPV of drilling and no drilling of KRS-12 in no-recycle case. It shows that the NPV will be eroded when the injection is bigger than 50 MMSCFD, which means that the most beneficial injection volume thru KRS-5, if KRS-12 is drilled, is 50 MMSCFD.</caption>
<formatted-caption>
<caption-label>Figure</caption-label>
<caption-order>21</caption-order>
<caption-text>NPV Benefit of Drilling KRS-12 The picture above is the difference between the project NPV of drilling and no drilling of KRS-12 in no-recycle case. It shows that the NPV will be eroded when the injection is bigger than 50 MMSCFD, which means that the most beneficial injection volume thru KRS-5, if KRS-12 is drilled, is 50 MMSCFD.</caption-text>
</formatted-caption>
</image-wrap>
</linkTarget>
</appendix>
</docFigure>
</docFigureList>
</docTables>