<?xml version="1.0" encoding="utf-8"?>
<docTables>
<docMetaData inputFile="102118177099MS.txt" extractionDate="2021-03-22T19:07:12Z">
<doi>10.2118/177099-MS</doi>
<pii>10.2118/177099-MS</pii>
<publisher>SPE_Society_of_Petroleum_Engineers</publisher>
</docMetaData>
<docFigureList>
<docFigure pdf-page="3" figure-order="1" data-type-order="1">
<link href="link-1" type="image" />
<appendix>
<linkTarget id="link-1" type="image">
<anchoringText id="Ancr8">Besides only a nearby well has recovered cores partially in the member. From these cores 11 samples were selected for X - Ray diffraction (XRD) analysis and calculate the total organic carbon (TOC). The area of interest has 5 2D seismic surveys disposed in different orientations, covering a total of 53 seismic lines and 4 wells with checkshot data (fig. 1).</anchoringText>
<image-wrap id="102118177099MS-Img_SPi-1">
<label>Figure 1 </label>
<imageLink type="mediaResource" href="102118177099MS_i_1.tif" id="ImgLink-1" />
<caption>Base map of data</caption>
<formatted-caption>
<caption-label>Figure</caption-label>
<caption-order>1</caption-order>
<caption-text>Base map of data</caption-text>
</formatted-caption>
</image-wrap>
</linkTarget>
</appendix>
</docFigure>
<docFigure composite="true" composite-count="2" pdf-page="5" figure-order="2" data-type-order="3">
<link href="link-2" type="image" />
<appendix>
<linkTarget id="link-2" type="image">
<anchoringText id="Ancr9"> </anchoringText>
<image-wrap id="102118177099MS-Img_SPi-2">
<label>Figure 2 </label>
<imageLink type="mediaResource" href="102118177099MS_i_2.tif" id="ImgLink-2" />
<caption>Calibration of dynamic and static rock mechanical properties</caption>
<formatted-caption>
<caption-label>Figure</caption-label>
<caption-order>2</caption-order>
<caption-text>Calibration of dynamic and static rock mechanical properties</caption-text>
</formatted-caption>
</image-wrap>
<image-wrap id="102118177099MS-Img_SPi-2a">
<imageLink type="mediaResource" href="102118177099MS_i_2a.tif" id="ImgLink-2a" />
</image-wrap>
<image-wrap id="102118177099MS-Img_SPi-2b">
<imageLink type="mediaResource" href="102118177099MS_i_2b.tif" id="ImgLink-2b" />
</image-wrap>
</linkTarget>
</appendix>
</docFigure>
<docFigure pdf-page="6" figure-order="3" data-type-order="5">
<link href="link-3" type="image" />
<appendix>
<linkTarget id="link-3" type="image">
<anchoringText id="Ancr10">The lower La Grita Member of Early Cretaceous Capacho Formation was deposited on western Venezuela which span from uppermost Albian to Cenomanian. Its statigraphic limits are established at top with Seboruco Member of Cenomanian and at base with Aguardiente Formation of Aptian - Albian (fig. 3). It has a wide distribution in some states such as Zulia, T´chira and Mérida. Also, this member has an average thickness above 80 feet (24.38 m), increasing progressively at south.</anchoringText>
<image-wrap id="102118177099MS-Img_SPi-3">
<label>Figure 3 </label>
<imageLink type="mediaResource" href="102118177099MS_i_3.tif" id="ImgLink-3" />
<caption>Stratigraphic analysis proposed for La Grita Member</caption>
<formatted-caption>
<caption-label>Figure</caption-label>
<caption-order>3</caption-order>
<caption-text>Stratigraphic analysis proposed for La Grita Member</caption-text>
</formatted-caption>
</image-wrap>
</linkTarget>
</appendix>
</docFigure>
<docFigure pdf-page="8" figure-order="4" data-type-order="6">
<link href="link-4" type="image" />
<appendix>
<linkTarget id="link-4" type="image">
<anchoringText id="Ancr11">In the Cretaceous sequences are denoted some thrust (oriented west - east) that truncate with the main faults. The figure 4 shows the structural map of La Grita Member established in the deep range proposed by Kuuskraa et al. (2013), between 3500 – 16500 feet, where can be observed that major tectonic complexity is in the south and center section of the area. However, at western the tectonic affectation is relatively low according to seismic interpretation generated (fig. 5) where La Grita Member reflector has a condition horizontal or sub horizontal (viewing zones flat).</anchoringText>
<image-wrap id="102118177099MS-Img_SPi-4">
<label>Figure 4 </label>
<imageLink type="mediaResource" href="102118177099MS_i_4.tif" id="ImgLink-4" />
<caption>Structural map of La Grita Member proposed in the research area</caption>
<formatted-caption>
<caption-label>Figure</caption-label>
<caption-order>4</caption-order>
<caption-text>Structural map of La Grita Member proposed in the research area</caption-text>
</formatted-caption>
</image-wrap>
</linkTarget>
</appendix>
</docFigure>
<docFigure composite="true" composite-count="2" pdf-page="9" figure-order="5" data-type-order="7">
<link href="link-5" type="image" />
<appendix>
<linkTarget id="link-5" type="image">
<anchoringText id="Ancr12">In the Cretaceous sequences are denoted some thrust (oriented west - east) that truncate with the main faults. The figure 4 shows the structural map of La Grita Member established in the deep range proposed by Kuuskraa et al. (2013), between 3500 – 16500 feet, where can be observed that major tectonic complexity is in the south and center section of the area. However, at western the tectonic affectation is relatively low according to seismic interpretation generated (fig. 5) where La Grita Member reflector has a condition horizontal or sub horizontal (viewing zones flat).</anchoringText>
<image-wrap id="102118177099MS-Img_SPi-5">
<label>Figure 5 </label>
<imageLink type="mediaResource" href="102118177099MS_i_5.tif" id="ImgLink-5" />
<caption>Seismic interpretation of La Grita Member made in the research area. Both seismic lines exhibit interesting flat zones and little deep to development of unconventional reservoirs play Seismic section A Seismic section B</caption>
<formatted-caption>
<caption-label>Figure</caption-label>
<caption-order>5</caption-order>
<caption-text>Seismic interpretation of La Grita Member made in the research area. Both seismic lines exhibit interesting flat zones and little deep to development of unconventional reservoirs play Seismic section A Seismic section B</caption-text>
</formatted-caption>
</image-wrap>
<image-wrap id="102118177099MS-Img_SPi-5a">
<imageLink type="mediaResource" href="102118177099MS_i_5a.tif" id="ImgLink-5a" />
<figure-specific-caption>
<caption-order>a</caption-order>
<caption-text>Seismic section A</caption-text>
</figure-specific-caption>
</image-wrap>
<image-wrap id="102118177099MS-Img_SPi-5b">
<imageLink type="mediaResource" href="102118177099MS_i_5b.tif" id="ImgLink-5b" />
<figure-specific-caption>
<caption-order>b</caption-order>
<caption-text>Seismic section B</caption-text>
</figure-specific-caption>
</image-wrap>
</linkTarget>
</appendix>
</docFigure>
<docFigure pdf-page="10" figure-order="6" data-type-order="8">
<link href="link-6" type="image" />
<appendix>
<linkTarget id="link-6" type="image">
<anchoringText id="Ancr13">Figure 6 shows a stratigraphic section in direction of the sedimentation, SW – NE. In this section can be noticed as La Grita Member gradually thins at northeast, while that at southwest the stratigraphic unit increases or thickens specifically in the deposits of calcareous shale. Also, the figure exhibits the continuity of level of bioclastic limestones at base of unit representing an important marker in the area.</anchoringText>
<image-wrap id="102118177099MS-Img_SPi-6">
<label>Figure 6 </label>
<imageLink type="mediaResource" href="102118177099MS_i_6.tif" id="ImgLink-6" />
<caption>Stratigraphic section of La Grita Member generated in the research area. Also, it shows as the thick increses at southwest</caption>
<formatted-caption>
<caption-label>Figure</caption-label>
<caption-order>6</caption-order>
<caption-text>Stratigraphic section of La Grita Member generated in the research area. Also, it shows as the thick increses at southwest</caption-text>
</formatted-caption>
</image-wrap>
</linkTarget>
</appendix>
</docFigure>
<docFigure pdf-page="11" figure-order="7" data-type-order="9">
<link href="link-7" type="image" />
<appendix>
<linkTarget id="link-7" type="image">
<anchoringText id="Ancr14">Also, TOC was derivated from resistivity logs, transit time, formation density and neutron according to methodology of Passey et al. (1990). The level of maturity (LOM) was estimated at 10.2 corresponding to a state of full maturity of kerogen in the interval. As a result, it generated a curve of TOC using the logs of well P_B1, which oscillate between values of 4 to 8% into La Grita Member (fig. 7). This curve created fits with the values of geochemical data obtained of core samples, confirming the organic richness of the stratigraphic unit of interest.</anchoringText>
<image-wrap id="102118177099MS-Img_SPi-7">
<label>Figure 7 </label>
<imageLink type="mediaResource" href="102118177099MS_i_7.tif" id="ImgLink-7" />
<caption>Log – derived TOC using the Metholody of Passey et al. (1990)</caption>
<formatted-caption>
<caption-label>Figure</caption-label>
<caption-order>7</caption-order>
<caption-text>Log – derived TOC using the Metholody of <link href="BIB1">Passey et al. (1990)</link>
</caption-text>
</formatted-caption>
</image-wrap>
</linkTarget>
<linkTarget id="link-12" type="bib">
<bib id="BIB1">
<label>Passey et al., 1990</label>
<author>
<first-name>Q. R.</first-name>
<last-name>Passey</last-name>
</author>, <author>
<first-name>S.</first-name>
<last-name>Creany</last-name>
</author>, <author>
<first-name>J. B.</first-name>
<last-name>Kulla</last-name>
</author>, <author>
<first-name>F. J.</first-name>
<last-name>Moretti</last-name>
</author> and <author>
<first-name>J. D.</first-name>
<last-name>Stroud</last-name>
</author>
<pubDate>1990</pubDate>. <article-title>A Practical Model for Organich Richness from Porosity and Resistivity Logs</article-title>. <journal-title>
<i>American Association of Petroleum Geologists Bulletin</i>
</journal-title>
<volume>74</volume>, no. <issue>12</issue>: <pages>
<first-page>1777</first-page>
<last-page>1794</last-page>
</pages>.</bib>
</linkTarget>
</appendix>
</docFigure>
<docFigure pdf-page="12" figure-order="8" data-type-order="10">
<link href="link-8" type="image" />
<appendix>
<linkTarget id="link-8" type="image">
<anchoringText id="Ancr15"> </anchoringText>
<image-wrap id="102118177099MS-Img_SPi-8">
<label>Figure 8 </label>
<imageLink type="mediaResource" href="102118177099MS_i_8.tif" id="ImgLink-8" />
<caption>Mineralogical composition of La Grita Member obtained of X - Ray Diffraction (XRD) of core samples</caption>
<formatted-caption>
<caption-label>Figure</caption-label>
<caption-order>8</caption-order>
<caption-text>Mineralogical composition of La Grita Member obtained of X - Ray Diffraction (XRD) of core samples</caption-text>
</formatted-caption>
</image-wrap>
</linkTarget>
</appendix>
</docFigure>
<docFigure pdf-page="12" figure-order="9" data-type-order="11">
<link href="link-9" type="image" />
<appendix>
<linkTarget id="link-9" type="image">
<anchoringText id="Ancr16">The mineralogical proportion of La Grita Member obtained from core samples is displayed in the ternary diagram proposed by Jarvie et al. (2007) in figure 9. The mineralogical distribution viewing in the diagram ternary shows a mixture between quartz/feldspars and calcite, indicating a kind of rock with low content of clay and good conditions for fracturing.</anchoringText>
<image-wrap id="102118177099MS-Img_SPi-9">
<label>Figure 9 </label>
<imageLink type="mediaResource" href="102118177099MS_i_9.tif" id="ImgLink-9" />
<caption>Diagram ternary applied to cores samples of La Grita Member. It shows a mixture between quartz/feldspars and calcite content</caption>
<formatted-caption>
<caption-label>Figure</caption-label>
<caption-order>9</caption-order>
<caption-text>Diagram ternary applied to cores samples of La Grita Member. It shows a mixture between quartz/feldspars and calcite content</caption-text>
</formatted-caption>
</image-wrap>
</linkTarget>
</appendix>
</docFigure>
<docFigure pdf-page="13" figure-order="10" data-type-order="13">
<link href="link-10" type="image" />
<appendix>
<linkTarget id="link-10" type="image">
<anchoringText id="Ancr17">Moreover, the brittleness analysis was developed using the methodology of Grieser and Bray (2007) and Kuuskraa et al. (2013), both indicated that the stratigraphic unit of interest can be classified as brittle. Figure 10 shows that the values of Poisson’s ratio and Young’s modulus of La Grita Member have been located in the brittle region. This result made match with the brittleness index determined by mineralogical analysis, wich has an average fraction of 0.77.</anchoringText>
<image-wrap id="102118177099MS-Img_SPi-10">
<label>Figure 10 </label>
<imageLink type="mediaResource" href="102118177099MS_i_10.tif" id="ImgLink-10" />
<caption>Results of Brittleness analysis. Modified from Grieser 2007)</caption>
<formatted-caption>
<caption-label>Figure</caption-label>
<caption-order>10</caption-order>
<caption-text>Results of Brittleness analysis. Modified from <link href="BIB2">Grieser 2007</link>)</caption-text>
</formatted-caption>
</image-wrap>
</linkTarget>
<linkTarget id="link-13" type="bib">
<bib id="BIB2">
<label>Grieser and Bray, 2007</label>
<author>
<first-name>W.</first-name>
<last-name>Grieser</last-name>
</author> and <author>
<first-name>J.</first-name>
<last-name>Bray</last-name>
</author>
<pubDate>2007</pubDate>. <article-title>Identification of Production Potential in Unconventional Reservoirs. Society of Petroleum Engineers Conference</article-title>. SPE-106623-MS.</bib>
</linkTarget>
</appendix>
</docFigure>
</docFigureList>
</docTables>