<?xml version="1.0" encoding="utf-8"?>
<docTables>
<docMetaData inputFile="102118179092MS.txt" extractionDate="2021-03-20T16:18:43Z">
<doi>10.2118/179092-MS</doi>
<pii>10.2118/179092-MS</pii>
<publisher>SPE_Society_of_Petroleum_Engineers</publisher>
</docMetaData>
<docFigureList>
<docFigure pdf-page="3" figure-order="1" data-type-order="1">
<link href="link-1" type="image" />
<appendix>
<linkTarget id="link-1" type="image">
<anchoringText id="Ancr5">The Azeri-Chirag-Deepwater Guneshli (ACG) field is the largest oil field in Azerbaijan, located approx-imately 120 km east of Baku, in water depths of between 60 and 280 meters (Wethington et al, 2002). Fig. 1 illustrates its location. It is a folded layered reservoir made up of soft permeable sand and shale layers. The Pereriv Formation forms the main ACG reservoir and is subdivided into five units, A to E, with the B and D sands being the most significant producing intervals. The field started production in 1997 with most of the wells completed with OHGP completions.</anchoringText>
<image-wrap id="102118179092MS-Img_SPi-1">
<label>Figure 1 </label>
<imageLink type="mediaResource" href="102118179092MS_i_1.tif" id="ImgLink-1" />
<caption>Location of the ACG field in offshore Azerbaijan. (<link href="BIB1">Wethington et al 2002</link>)</caption>
<formatted-caption>
<caption-label>Figure</caption-label>
<caption-order>1</caption-order>
<caption-text>Location of the ACG field in offshore Azerbaijan. <link href="BIB1">(Wethington et al 2002)</link>
</caption-text>
</formatted-caption>
</image-wrap>
</linkTarget>
<linkTarget id="link-9" type="bib">
<bib id="BIB1">
<label>Wethington et al., 2002</label>
<author>
<first-name>W. B.</first-name>
<last-name>Wethington</last-name>
</author>, <author>
<first-name>C.</first-name>
<last-name>Reddick</last-name>
</author>, and <author>
<first-name>B.</first-name>
<last-name>Husseynov</last-name>
</author>
<pubDate>2002</pubDate>. <article-title> Development of a Super Giant, ACG Field, Offshore</article-title>
</bib>
</linkTarget>
</appendix>
</docFigure>
<docFigure pdf-page="4" figure-order="2" data-type-order="2">
<link href="link-2" type="image" />
<appendix>
<linkTarget id="link-2" type="image">
<anchoringText id="Ancr6">Fig. 2 shows the schematic of the well. It was completed across only the Pereriv B sands, with an OHGP completion and a DTS system. The DTS data is used as a well and reservoir monitoring tool and was used in this GSO job to enables accurate monitoring of the pre and post intervention gas producing zones. Before the intervention, the well was flowing with approximately 300 psi drawdown to control the gas production. Higher drawdown resulted in an increase in GOR of up to 9500 SCF/STBO when the choke was fully open.</anchoringText>
<image-wrap id="102118179092MS-Img_SPi-2">
<label>Figure 2 </label>
<imageLink type="mediaResource" href="102118179092MS_i_2.tif" id="ImgLink-2" />
<caption>Well schematic. Courtesy of BP.</caption>
<formatted-caption>
<caption-label>Figure</caption-label>
<caption-order>2</caption-order>
<caption-text>Well schematic. Courtesy of BP.</caption-text>
</formatted-caption>
</image-wrap>
</linkTarget>
</appendix>
</docFigure>
<docFigure pdf-page="5" figure-order="3" data-type-order="4">
<link href="link-3" type="image" />
<appendix>
<linkTarget id="link-3" type="image">
<anchoringText id="Ancr7">Fig. 3 is the DTS time lapse log before and up to the gas shutoff. It shows very low production from the lower Pereriv B and gas coming from the upper zone. When the well was choked back, the gas production reduced and some sub layers even stopped producing.</anchoringText>
<image-wrap id="102118179092MS-Img_SPi-3">
<label>Figure 3 </label>
<imageLink type="mediaResource" href="102118179092MS_i_3.tif" id="ImgLink-3" />
<caption>DTS plot before and up to gas shutoff. Courtesy of BP.</caption>
<formatted-caption>
<caption-label>Figure</caption-label>
<caption-order>3</caption-order>
<caption-text>DTS plot before and up to gas shutoff. Courtesy of BP.</caption-text>
</formatted-caption>
</image-wrap>
</linkTarget>
</appendix>
</docFigure>
<docFigure pdf-page="8" figure-order="4" data-type-order="6">
<link href="link-4" type="image" />
<appendix>
<linkTarget id="link-4" type="image">
<anchoringText id="Ancr8">A multi-run straddle system capable of being run on electric line was used as the gas shutoff solution. Fig. 4 shows a schematic of the straddle system installed in the well.</anchoringText>
<image-wrap id="102118179092MS-Img_SPi-4">
<label>Figure 4 </label>
<imageLink type="mediaResource" href="102118179092MS_i_4.tif" id="ImgLink-4" />
<caption>Schematic of straddle system installed in the well. Courtesy of BP.</caption>
<formatted-caption>
<caption-label>Figure</caption-label>
<caption-order>4</caption-order>
<caption-text>Schematic of straddle system installed in the well. Courtesy of BP.</caption-text>
</formatted-caption>
</image-wrap>
</linkTarget>
</appendix>
</docFigure>
<docFigure pdf-page="9" figure-order="5" data-type-order="7">
<link href="link-5" type="image" />
<appendix>
<linkTarget id="link-5" type="image">
<anchoringText id="Ancr9">Straddle system components were connected downhole by latching the anchor seal stinger, connected to the bottom of the component, into the seal bore of the other component, as illustrated in Fig. 5. Owing to the high deviation of the well, the latching for this job was done by tractoring down to latch the stinger into the seal sub and then activating the stroker to complete the latch.</anchoringText>
<image-wrap id="102118179092MS-Img_SPi-5">
<label>Figure 5 </label>
<imageLink type="mediaResource" href="102118179092MS_i_5.tif" id="ImgLink-5" />
<caption>Schematic of latching mechanism. Courtesy of BP.</caption>
<formatted-caption>
<caption-label>Figure</caption-label>
<caption-order>5</caption-order>
<caption-text>Schematic of latching mechanism. Courtesy of BP.</caption-text>
</formatted-caption>
</image-wrap>
</linkTarget>
</appendix>
</docFigure>
<docFigure pdf-page="10" figure-order="6" data-type-order="9">
<link href="link-6" type="image" />
<appendix>
<linkTarget id="link-6" type="image">
<anchoringText id="Ancr10">The deployment was performed in seven runs. Table 3 outlines the functions of the main components of the tool string for these runs. Fig. 6 and Fig. 7 show a schematic of the deployment string, which includes the locations of the main components.</anchoringText>
<image-wrap id="102118179092MS-Img_SPi-6">
<label>Figure 6 </label>
<imageLink type="mediaResource" href="102118179092MS_i_6.tif" id="ImgLink-6" />
<caption>Schematic of deployment string for upper/lower straddle. Courtesy of Qinterra Technologies.</caption>
<formatted-caption>
<caption-label>Figure</caption-label>
<caption-order>6</caption-order>
<caption-text>Schematic of deployment string for upper/lower straddle. Courtesy of Qinterra Technologies.</caption-text>
</formatted-caption>
</image-wrap>
</linkTarget>
</appendix>
</docFigure>
<docFigure pdf-page="10" figure-order="7" data-type-order="10">
<link href="link-7" type="image" />
<appendix>
<linkTarget id="link-7" type="image">
<anchoringText id="Ancr11">The deployment was performed in seven runs. Table 3 outlines the functions of the main components of the tool string for these runs. Fig. 6 and Fig. 7 show a schematic of the deployment string, which includes the locations of the main components.</anchoringText>
<image-wrap id="102118179092MS-Img_SPi-7">
<label>Figure 7 </label>
<imageLink type="mediaResource" href="102118179092MS_i_7.tif" id="ImgLink-7" />
<caption>Schematic of deployment string with stroker and blank pipe. Courtesy of Qinterra Technologies.</caption>
<formatted-caption>
<caption-label>Figure</caption-label>
<caption-order>7</caption-order>
<caption-text>Schematic of deployment string with stroker and blank pipe. Courtesy of Qinterra Technologies.</caption-text>
</formatted-caption>
</image-wrap>
</linkTarget>
</appendix>
</docFigure>
<docFigure pdf-page="12" figure-order="8" data-type-order="11">
<link href="link-8" type="image" />
<appendix>
<linkTarget id="link-8" type="image">
<anchoringText id="Ancr12">The DTS profile in Fig. 8 shows that the cooling effect, which was most likely caused by gas entry in the upper Pereriv B interval, had disappeared after the intervention. The interval down to approximately 5750 meters appeared not to be contributing to the production.</anchoringText>
<image-wrap id="102118179092MS-Img_SPi-8">
<label>Figure 8 </label>
<imageLink type="mediaResource" href="102118179092MS_i_8.tif" id="ImgLink-8" />
<caption>DTS profile after intervention for gas shutoff. Courtesy of BP.</caption>
<formatted-caption>
<caption-label>Figure</caption-label>
<caption-order>8</caption-order>
<caption-text>DTS profile after intervention for gas shutoff. Courtesy of BP.</caption-text>
</formatted-caption>
</image-wrap>
</linkTarget>
</appendix>
</docFigure>
</docFigureList>
</docTables>