<?xml version="1.0" encoding="utf-8"?>
<docTables>
<docMetaData inputFile="102118180193MS.txt" extractionDate="2021-03-18T19:26:06Z">
<doi>10.2118/180193-MS</doi>
<pii>10.2118/180193-MS</pii>
<publisher>SPE_Society_of_Petroleum_Engineers</publisher>
</docMetaData>
<docFigureList>
<docFigure pdf-page="2" figure-order="1" data-type-order="1">
<link href="link-1" type="image" />
<appendix>
<linkTarget id="link-1" type="image">
<anchoringText id="Ancr1">The Komsomolskoye oil field is located in a remote location of Western Kazakhstan (Figure 1) onshore on the Buzachi Peninsula, some 350 km from the regional city of Aktau and 110 km from the nearest village Kyzan (Figure 2).</anchoringText>
<image-wrap id="102118180193MS-Img_SPi-1">
<label>Figure 1 </label>
<imageLink type="mediaResource" href="102118180193MS_i_1.tif" id="ImgLink-1" />
<caption>Map of the Republic of Kazakhstan. Location of the Komsomolskoye field</caption>
<formatted-caption>
<caption-label>Figure</caption-label>
<caption-order>1</caption-order>
<caption-text>Map of the Republic of Kazakhstan. Location of the Komsomolskoye field</caption-text>
</formatted-caption>
</image-wrap>
</linkTarget>
</appendix>
</docFigure>
<docFigure pdf-page="3" figure-order="2" data-type-order="2">
<link href="link-2" type="image" />
<appendix>
<linkTarget id="link-2" type="image">
<anchoringText id="Ancr2">The Komsomolskoye oil field is located in a remote location of Western Kazakhstan (Figure 1) onshore on the Buzachi Peninsula, some 350 km from the regional city of Aktau and 110 km from the nearest village Kyzan (Figure 2).</anchoringText>
<image-wrap id="102118180193MS-Img_SPi-2">
<label>Figure 2 </label>
<imageLink type="mediaResource" href="102118180193MS_i_2.tif" id="ImgLink-2" />
<caption>Mangystau region of the Western part of Kazakhstan. The Komsomolskoye field location</caption>
<formatted-caption>
<caption-label>Figure</caption-label>
<caption-order>2</caption-order>
<caption-text>Mangystau region of the Western part of Kazakhstan. The Komsomolskoye field location</caption-text>
</formatted-caption>
</image-wrap>
</linkTarget>
</appendix>
</docFigure>
<docFigure pdf-page="4" figure-order="3" data-type-order="3">
<link href="link-3" type="image" />
<appendix>
<linkTarget id="link-3" type="image">
<anchoringText id="Ancr3">Furthermore, the field’s remote location required significant additional investments to connect it to the export pipeline and road system. Therefore, in 1987 the seven dry wells were abandoned and the remaining 10 wells were suspended, or ʺconservedʺ. The conservation period lasted from 1987-2003 and ended with re-entry and re-activation of these wells as part of the existing Komsomolskoye development. See Figures 3 and 4.</anchoringText>
<image-wrap id="102118180193MS-Img_SPi-3">
<label>Figure 3 </label>
<imageLink type="mediaResource" href="102118180193MS_i_3.tif" id="ImgLink-3" />
<caption>Field development activities 1978-2003</caption>
<formatted-caption>
<caption-label>Figure</caption-label>
<caption-order>3</caption-order>
<caption-text>Field development activities 1978-2003</caption-text>
</formatted-caption>
</image-wrap>
</linkTarget>
</appendix>
</docFigure>
<docFigure pdf-page="5" figure-order="4" data-type-order="4">
<link href="link-4" type="image" />
<appendix>
<linkTarget id="link-4" type="image">
<anchoringText id="Ancr4">Furthermore, the field’s remote location required significant additional investments to connect it to the export pipeline and road system. Therefore, in 1987 the seven dry wells were abandoned and the remaining 10 wells were suspended, or ʺconservedʺ. The conservation period lasted from 1987-2003 and ended with re-entry and re-activation of these wells as part of the existing Komsomolskoye development. See Figures 3 and 4.</anchoringText>
<image-wrap id="102118180193MS-Img_SPi-4">
<label>Figure 4 </label>
<imageLink type="mediaResource" href="102118180193MS_i_4.tif" id="ImgLink-4" />
<caption>Field development activities 2004-2015</caption>
<formatted-caption>
<caption-label>Figure</caption-label>
<caption-order>4</caption-order>
<caption-text>Field development activities 2004-2015</caption-text>
</formatted-caption>
</image-wrap>
</linkTarget>
</appendix>
</docFigure>
<docFigure pdf-page="6" figure-order="5" data-type-order="5">
<link href="link-5" type="image" />
<appendix>
<linkTarget id="link-5" type="image">
<anchoringText id="Ancr5">See also Figure 5. This hybrid well pattern has been proven as a robust concept for a number of reasons.</anchoringText>
<image-wrap id="102118180193MS-Img_SPi-5">
<label>Figure 5 </label>
<imageLink type="mediaResource" href="102118180193MS_i_5.tif" id="ImgLink-5" />
<caption>Well layout as of 2015</caption>
<formatted-caption>
<caption-label>Figure</caption-label>
<caption-order>5</caption-order>
<caption-text>Well layout as of 2015</caption-text>
</formatted-caption>
</image-wrap>
</linkTarget>
</appendix>
</docFigure>
<docFigure pdf-page="6" figure-order="6" data-type-order="6">
<link href="link-6" type="image" />
<appendix>
<linkTarget id="link-6" type="image">
<anchoringText id="Ancr6"> </anchoringText>
<image-wrap id="102118180193MS-Img_SPi-6">
<label>Figure 6 </label>
<imageLink type="mediaResource" href="102118180193MS_i_6.tif" id="ImgLink-6" />
<caption>Main surface facilities layout: Roads, electrical lines, water injection lines. Only selected wells shown on map.</caption>
<formatted-caption>
<caption-label>Figure</caption-label>
<caption-order>6</caption-order>
<caption-text>Main surface facilities layout: Roads, electrical lines, water injection lines. Only selected wells shown on map.</caption-text>
</formatted-caption>
</image-wrap>
</linkTarget>
</appendix>
</docFigure>
<docFigure pdf-page="7" figure-order="7" data-type-order="7">
<link href="link-7" type="image" />
<appendix>
<linkTarget id="link-7" type="image">
<anchoringText id="Ancr7"> </anchoringText>
<image-wrap id="102118180193MS-Img_SPi-7">
<label>Figure 7 </label>
<imageLink type="mediaResource" href="102118180193MS_i_7.tif" id="ImgLink-7" />
<caption>Komsomolskoye oil production in m3/d and relevant events</caption>
<formatted-caption>
<caption-label>Figure</caption-label>
<caption-order>7</caption-order>
<caption-text>Komsomolskoye oil production in m3/d and relevant events</caption-text>
</formatted-caption>
</image-wrap>
</linkTarget>
</appendix>
</docFigure>
<docFigure pdf-page="7" figure-order="8" data-type-order="8">
<link href="link-8" type="image" />
<appendix>
<linkTarget id="link-8" type="image">
<anchoringText id="Ancr8"> </anchoringText>
<image-wrap id="102118180193MS-Img_SPi-8">
<label>Figure 8 </label>
<imageLink type="mediaResource" href="102118180193MS_i_8.tif" id="ImgLink-8" />
<caption>Production split, horizontal vs vertical producers</caption>
<formatted-caption>
<caption-label>Figure</caption-label>
<caption-order>8</caption-order>
<caption-text>Production split, horizontal vs vertical producers</caption-text>
</formatted-caption>
</image-wrap>
</linkTarget>
</appendix>
</docFigure>
<docFigure pdf-page="8" figure-order="9" data-type-order="9">
<link href="link-9" type="image" />
<appendix>
<linkTarget id="link-9" type="image">
<anchoringText id="Ancr9"> </anchoringText>
<image-wrap id="102118180193MS-Img_SPi-9">
<label>Figure 9 </label>
<imageLink type="mediaResource" href="102118180193MS_i_9.tif" id="ImgLink-9" />
<caption>Declining trend in reservoir pressure has been arrested above bubble point (for now), due to water injection, gas injection and natural aquifer.</caption>
<formatted-caption>
<caption-label>Figure</caption-label>
<caption-order>9</caption-order>
<caption-text>Declining trend in reservoir pressure has been arrested above bubble point (for now), due to water injection, gas injection and natural aquifer.</caption-text>
</formatted-caption>
</image-wrap>
</linkTarget>
</appendix>
</docFigure>
<docFigure pdf-page="10" figure-order="10" data-type-order="10">
<link href="link-10" type="image" />
<appendix>
<linkTarget id="link-10" type="image">
<anchoringText id="Ancr10">The main area to the South from the principal faults also allows picking of up to three additional well locations (Figure 10). Before committing to additional wells, every effort should be undertaken to increase water injection up to or above voidage replacement ratio.</anchoringText>
<image-wrap id="102118180193MS-Img_SPi-10">
<label>Figure 10 </label>
<imageLink type="mediaResource" href="102118180193MS_i_10.tif" id="ImgLink-10" />
<caption>Potential infilldrilling locations for optimization of areal sweep efficiency</caption>
<formatted-caption>
<caption-label>Figure</caption-label>
<caption-order>10</caption-order>
<caption-text>Potential infilldrilling locations for optimization of areal sweep efficiency</caption-text>
</formatted-caption>
</image-wrap>
</linkTarget>
</appendix>
</docFigure>
</docFigureList>
</docTables>