<?xml version="1.0" encoding="utf-8"?>
<docTables>
<docMetaData inputFile="102118177387MS.txt" extractionDate="2021-03-16T18:27:01Z">
<doi>10.2118/177387-MS</doi>
<pii>10.2118/177387-MS</pii>
<publisher>SPE_Society_of_Petroleum_Engineers</publisher>
</docMetaData>
<docFigureList>
<docFigure pdf-page="2" figure-order="1" data-type-order="1">
<link href="link-1" type="image" />
<appendix>
<linkTarget id="link-1" type="image">
<anchoringText id="Ancr2">The Karachaganak Field was discovered in 1979 as a world class super-critical condensate reservoir under initial conditions located in the northwestern part of Kazakhstan (Fig. 1). Limited production and exportation from the Karachaganak field in the former Soviet Union (FSU) under the operatorship of KarachaganakGazprom, a subsidiary of Russia’s Gazprom, was begun in the year 1984.</anchoringText>
<image-wrap id="102118177387MS-Img_SPi-1">
<label>Figure 1 </label>
<imageLink type="mediaResource" href="102118177387MS_i_1.tif" id="ImgLink-1" />
<caption>Karachaganak Field Location Map</caption>
<formatted-caption>
<caption-label>Figure</caption-label>
<caption-order>1</caption-order>
<caption-text>Karachaganak Field Location Map</caption-text>
</formatted-caption>
</image-wrap>
</linkTarget>
</appendix>
</docFigure>
<docFigure pdf-page="4" figure-order="2" data-type-order="3">
<link href="link-2" type="image" />
<appendix>
<linkTarget id="link-2" type="image">
<anchoringText id="Ancr3"> </anchoringText>
<image-wrap id="102118177387MS-Img_SPi-2">
<label>Figure 2 </label>
<imageLink type="mediaResource" href="102118177387MS_i_2.tif" id="ImgLink-2" />
<caption>Optical Cable (2SM × 1MM)</caption>
<formatted-caption>
<caption-label>Figure</caption-label>
<caption-order>2</caption-order>
<caption-text>Optical Cable (2SM × 1MM)</caption-text>
</formatted-caption>
</image-wrap>
</linkTarget>
</appendix>
</docFigure>
<docFigure pdf-page="5" figure-order="3" data-type-order="4">
<link href="link-3" type="image" />
<appendix>
<linkTarget id="link-3" type="image">
<anchoringText id="Ancr4"> </anchoringText>
<image-wrap id="102118177387MS-Img_SPi-3">
<label>Figure 3 </label>
<imageLink type="mediaResource" href="102118177387MS_i_3.tif" id="ImgLink-3" />
<caption>Optical Wellhead Outlet</caption>
<formatted-caption>
<caption-label>Figure</caption-label>
<caption-order>3</caption-order>
<caption-text>Optical Wellhead Outlet</caption-text>
</formatted-caption>
</image-wrap>
</linkTarget>
</appendix>
</docFigure>
<docFigure pdf-page="5" figure-order="4" data-type-order="5">
<link href="link-4" type="image" />
<appendix>
<linkTarget id="link-4" type="image">
<anchoringText id="Ancr5"> </anchoringText>
<image-wrap id="102118177387MS-Img_SPi-4">
<label>Figure 4 </label>
<imageLink type="mediaResource" href="102118177387MS_i_4.tif" id="ImgLink-4" />
<caption>Fibre Bragg Gratings</caption>
<formatted-caption>
<caption-label>Figure</caption-label>
<caption-order>4</caption-order>
<caption-text>Fibre Bragg Gratings</caption-text>
</formatted-caption>
</image-wrap>
</linkTarget>
</appendix>
</docFigure>
<docFigure pdf-page="6" figure-order="5" data-type-order="6">
<link href="link-5" type="image" />
<appendix>
<linkTarget id="link-5" type="image">
<anchoringText id="Ancr6"> </anchoringText>
<image-wrap id="102118177387MS-Img_SPi-5">
<label>Figure 5 </label>
<imageLink type="mediaResource" href="102118177387MS_i_5.tif" id="ImgLink-5" />
<caption>Upper Gauge Mandrel with Gauge/Splitter Assembly</caption>
<formatted-caption>
<caption-label>Figure</caption-label>
<caption-order>5</caption-order>
<caption-text>Upper Gauge Mandrel with Gauge/Splitter Assembly</caption-text>
</formatted-caption>
</image-wrap>
</linkTarget>
</appendix>
</docFigure>
<docFigure pdf-page="7" figure-order="6" data-type-order="7">
<link href="link-6" type="image" />
<appendix>
<linkTarget id="link-6" type="image">
<anchoringText id="Ancr7"> </anchoringText>
<image-wrap id="102118177387MS-Img_SPi-6">
<label>Figure 6 </label>
<imageLink type="mediaResource" href="102118177387MS_i_6.tif" id="ImgLink-6" />
<caption>Optical Cable</caption>
<formatted-caption>
<caption-label>Figure</caption-label>
<caption-order>6</caption-order>
<caption-text>Optical Cable</caption-text>
</formatted-caption>
</image-wrap>
</linkTarget>
</appendix>
</docFigure>
<docFigure composite="true" composite-count="2" pdf-page="8" figure-order="7" data-type-order="8">
<link href="link-7" type="image" />
<appendix>
<linkTarget id="link-7" type="image">
<anchoringText id="Ancr8"> </anchoringText>
<image-wrap id="102118177387MS-Img_SPi-7">
<label>Figure 7 </label>
<imageLink type="mediaResource" href="102118177387MS_i_7.tif" id="ImgLink-7" />
<caption>Fibre Optic Installation</caption>
<formatted-caption>
<caption-label>Figure</caption-label>
<caption-order>7</caption-order>
<caption-text>Fibre Optic Installation</caption-text>
</formatted-caption>
</image-wrap>
<image-wrap id="102118177387MS-Img_SPi-7a">
<imageLink type="mediaResource" href="102118177387MS_i_7a.tif" id="ImgLink-7a" />
</image-wrap>
<image-wrap id="102118177387MS-Img_SPi-7b">
<imageLink type="mediaResource" href="102118177387MS_i_7b.tif" id="ImgLink-7b" />
</image-wrap>
</linkTarget>
</appendix>
</docFigure>
<docFigure pdf-page="9" figure-order="8" data-type-order="9">
<link href="link-8" type="image" />
<appendix>
<linkTarget id="link-8" type="image">
<anchoringText id="Ancr9"> </anchoringText>
<image-wrap id="102118177387MS-Img_SPi-8">
<label>Figure 8 </label>
<imageLink type="mediaResource" href="102118177387MS_i_8.tif" id="ImgLink-8" />
<caption>Installation of Optical Wellhead Outlet</caption>
<formatted-caption>
<caption-label>Figure</caption-label>
<caption-order>8</caption-order>
<caption-text>Installation of Optical Wellhead Outlet</caption-text>
</formatted-caption>
</image-wrap>
</linkTarget>
</appendix>
</docFigure>
<docFigure pdf-page="10" figure-order="9" data-type-order="10">
<link href="link-9" type="image" />
<appendix>
<linkTarget id="link-9" type="image">
<anchoringText id="Ancr10">Within the initial completion design dual pressure and temperature (P/T) gauges were deployed. These gauges were positioned above the production packer and were separated by approx. 50m TVD (Appendix 1 Fig. 9 – Wellbore Schematic and Fibre Optic Layout). The gauges provided accurate measurements to monitor reservoir pressure and temperature and also density measurement. The wells were equipped with electronic gauges with a quartz based sensing element. These gauges are widely used in the industry and have an extensive track record.</anchoringText>
<image-wrap id="102118177387MS-Img_SPi-9">
<label>Figure 9 </label>
<imageLink type="mediaResource" href="102118177387MS_i_9.tif" id="ImgLink-9" />
<caption>Wellbore Schematic and Fibre Optic Layout</caption>
<formatted-caption>
<caption-label>Figure</caption-label>
<caption-order>9</caption-order>
<caption-text>Wellbore Schematic and Fibre Optic Layout</caption-text>
</formatted-caption>
</image-wrap>
</linkTarget>
</appendix>
</docFigure>
</docFigureList>
</docTables>