<?xml version="1.0" encoding="utf-8"?>
<docTables>
<docMetaData inputFile="102118177261MS.txt" extractionDate="2021-03-19T10:11:24Z">
<doi>10.2118/177261-MS</doi>
<pii>10.2118/177261-MS</pii>
<publisher>SPE_Society_of_Petroleum_Engineers</publisher>
</docMetaData>
<docFigureList>
<docFigure pdf-page="2" figure-order="1" data-type-order="1">
<link href="link-1" type="image" />
<appendix>
<linkTarget id="link-1" type="image">
<anchoringText id="Ancr4">The primary stress orientations and methods of determination in North America are presented in Figure 1. The study area is inside the black square in the figure. The stress orientation that dominates the area is NE-SW.</anchoringText>
<image-wrap id="102118177261MS-Img_SPi-1">
<label>Figure 1 </label>
<imageLink type="mediaResource" href="102118177261MS_i_1.tif" id="ImgLink-1" />
<caption>North America Stress Map; the Willesden Green Field is shown inside the black square the Western Canada Sedimentary Basin (WCSB) ( World Stress Map, 2006  ).</caption>
<formatted-caption>
<caption-label>Figure</caption-label>
<caption-order>1</caption-order>
<caption-text>North America Stress Map; the Willesden Green Field is shown inside the black square the Western Canada Sedimentary Basin (WCSB) (<link href="BIB1"> World Stress Map, 2006</link>  ).</caption-text>
</formatted-caption>
</image-wrap>
</linkTarget>
<linkTarget id="link-13" type="bib">
<bib id="BIB1">
<article-title>World Stress Map. 2006. Stress Map - North America</article-title>, http://dc-app3-14.gfz potsdam.de/pub/stressmaps/america.html (accessed 5 June 2015).</bib>
</linkTarget>
</appendix>
</docFigure>
<docFigure pdf-page="3" figure-order="2" data-type-order="2">
<link href="link-2" type="image" />
<appendix>
<linkTarget id="link-2" type="image">
<anchoringText id="Ancr5"> </anchoringText>
<image-wrap id="102118177261MS-Img_SPi-2">
<label>Figure 2 </label>
<imageLink type="mediaResource" href="102118177261MS_i_2.tif" id="ImgLink-2" />
<caption>Reciprocal Compressional Velocity vs Reciprocal Shear Velocity for "pure" sandstones. Best fit line developed in this paper (data points after Pickett, 1963 ).</caption>
<formatted-caption>
<caption-label>Figure</caption-label>
<caption-order>2</caption-order>
<caption-text>Reciprocal Compressional Velocity vs Reciprocal Shear Velocity for "pure" sandstones. Best fit line developed in this paper (data points after <link href="BIB2">Pickett, 1963</link> ).</caption-text>
</formatted-caption>
</image-wrap>
</linkTarget>
<linkTarget id="link-14" type="bib">
<bib id="BIB2">
<label>Picket and Picket, 1963</label>
<last-name>Picket</last-name>
<author>
<first-name>G. R.</first-name>
<last-name>Picket</last-name>
</author>
<pubDate>1963</pubDate>. <article-title>Acoustic character logs and their applications in formation evaluation</article-title>:<journal-title>
<i>Journal of Petroleum Technology</i>
</journal-title>,pp . <pages>
<first-page>659</first-page>
<last-page>667</last-page>
</pages>.</bib>
</linkTarget>
</appendix>
</docFigure>
<docFigure pdf-page="4" figure-order="3" data-type-order="3">
<link href="link-3" type="image" />
<appendix>
<linkTarget id="link-3" type="image">
<anchoringText id="Ancr6">The estimations of shear transit time (Δts) and shear velocity (Vs) are based on compressional logs data sonic logs and the correlation obtained by Pickett (1963) from laboratory measurements (Figure 3).</anchoringText>
<image-wrap id="102118177261MS-Img_SPi-3">
<label>Figure 3 </label>
<imageLink type="mediaResource" href="102118177261MS_i_3.tif" id="ImgLink-3" />
<caption>Calculated Pore Pressure and Minimum Horizontal Stress, interval 2108 to 2110 m. The pore pressure exceeds the minimum horizontal stress, suggesting a possible fractured zone.</caption>
<formatted-caption>
<caption-label>Figure</caption-label>
<caption-order>3</caption-order>
<caption-text>Calculated Pore Pressure and Minimum Horizontal Stress, interval 2108 to 2110 m. The pore pressure exceeds the minimum horizontal stress, suggesting a possible fractured zone.</caption-text>
</formatted-caption>
</image-wrap>
</linkTarget>
</appendix>
</docFigure>
<docFigure pdf-page="8" figure-order="4" data-type-order="6">
<link href="link-4" type="image" />
<appendix>
<linkTarget id="link-4" type="image">
<anchoringText id="Ancr7">Borba et al. (2014), developed a correlation with the additional consideration of shale content in the rock. Figure 4 shows the differences between four correlations used this study for the Glauconite Formation.</anchoringText>
<image-wrap id="102118177261MS-Img_SPi-4">
<label>Figure 4 </label>
<imageLink type="mediaResource" href="102118177261MS_i_4.tif" id="ImgLink-4" />
<caption>Unconfined rock strength (UCS) calculated from correlations developed by Borba et al. (2014) ,Onyia (1988) ,Vernik et al. (1993), and unpublished from Chang et al. (2006), sandstone interval 2105-2135 m, Willesden Green Field.</caption>
<formatted-caption>
<caption-label>Figure</caption-label>
<caption-order>4</caption-order>
<caption-text>Unconfined rock strength (UCS) calculated from correlations developed by <link href="BIB9">Borba et al. (2014)</link> , <link href="BIB5">Onyia (1988)</link> , <link href="BIB4">Vernik et al. (1993)</link>, and unpublished from <link href="BIB8">Chang et al. (2006)</link>, sandstone interval 2105-2135 m, Willesden Green Field.</caption-text>
</formatted-caption>
</image-wrap>
</linkTarget>
<linkTarget id="link-23" type="bib">
<bib id="BIB4">
<label>Borba et al., 2014</label>
<last-name>Borba</last-name>
<author>
<first-name>A. M.</first-name>
<last-name>Borba</last-name>
</author>, <last-name>Ferreira</last-name>, <author>
<first-name>F. H.</first-name>
<last-name>Ferreira</last-name>
</author>, <last-name>Santos</last-name>, <author>
<first-name>E. S. R.</first-name>
<last-name>Santos</last-name>
</author>, <last-name>Menezes</last-name>, <author>
<first-name>V. M. D.</first-name>
<last-name>Menezes</last-name>
</author>, and Strugale, M. <pubDate>2014</pubDate>. <article-title>UCS Estimation through Uniaxial Compressive Test, Scratch Test and Based Log Empirical Correlation</article-title>. <journal-title>International Society for Rock Mechanics</journal-title>.</bib>
</linkTarget>
<linkTarget id="link-18" type="bib">
<bib id="BIB6">
<label>Onyia and Onyia, 1988</label>
<last-name>Onyia</last-name>
<author>
<first-name>E. C.</first-name>
<last-name>Onyia</last-name>
</author>
<pubDate>1988</pubDate>. <article-title>Relationship Between Formation Strength, Drilling Strength, and Electric Log Properties. SPE 63rd Annual Technical Conference and Exhibition </article-title>. <journal-title>Houston: SPE 18166-MS </journal-title>, pp. <pages>
<first-page>1</first-page>
<last-page>14</last-page>
</pages>.</bib>
</linkTarget>
<linkTarget id="link-22" type="bib">
<bib id="BIB7">
<label>Vernik and Vernik, 1993</label>
<last-name>Vernik</last-name>
<author>
<first-name>L. Bruno</first-name>
<last-name>Vernik</last-name>
</author>, <article-title>M. and Bovberg, C </article-title>. <pubDate>1993</pubDate>. <journal-title>Empirical relations between compressive strength and porosity of siliciclastic rocks. <i>Int. J. Rock Mech. Min. Sci. Geomech. Abstr.</i>
</journal-title>
<i>
</i>
<b>
<volume>30</volume>
</b>
<b>, </b>pp. <pages>
<first-page>677</first-page>
<last-page>680</last-page>
</pages>.</bib>
</linkTarget>
<linkTarget id="link-15" type="bib">
<bib id="BIB9">
<label>Chang et al., 2006</label>
<last-name>Chang</last-name>
<author>
<first-name>C.</first-name>
<last-name>Chang</last-name>
</author>, <last-name>Zoback</last-name>, <author>
<first-name>M. D.</first-name>
<last-name>Zoback</last-name>
</author>, and <last-name>Khaksar</last-name>, <author>
<first-name>A.</first-name>
<last-name>Khaksar</last-name>
</author>
<pubDate>2006</pubDate>. <article-title>Empirical relations between rock strength and physical properties of sedimentary rocks </article-title>, <i>
<journal-title>Journal of Petroleum Science and Engineering </journal-title>
</i>
<i>
</i>
<b>
<volume>51</volume>
</b>
<b>, </b>pp <pages>
<first-page>223</first-page>
<last-page>237</last-page>
</pages>.</bib>
</linkTarget>
</appendix>
</docFigure>
<docFigure pdf-page="9" figure-order="5" data-type-order="7">
<link href="link-5" type="image" />
<appendix>
<linkTarget id="link-5" type="image">
<anchoringText id="Ancr8">The range of values obtained from these correlations is large, from a minimum of 31 MPa to a maximum 213 MPa. The dispersion and the values obtained are normally distributed (Figure 5).</anchoringText>
<image-wrap id="102118177261MS-Img_SPi-5">
<label>Figure 5 </label>
<imageLink type="mediaResource" href="102118177261MS_i_5.tif" id="ImgLink-5" />
<caption>Histogram of predicted rock strength (UCS, in MPa) using 4 empirical correlations, Glauconite Formation (Table 2), Willesden Green Field. The variation is normal for depending parameters.</caption>
<formatted-caption>
<caption-label>Figure</caption-label>
<caption-order>5</caption-order>
<caption-text>Histogram of predicted rock strength (UCS, in MPa) using 4 empirical correlations, Glauconite Formation <link href="102118177261MS-tblwrp-2">(Table 2)</link>, Willesden Green Field. The variation is normal for depending parameters.</caption-text>
</formatted-caption>
</image-wrap>
</linkTarget>
</appendix>
</docFigure>
<docFigure pdf-page="9" figure-order="6" data-type-order="8">
<link href="link-6" type="image" />
<appendix>
<linkTarget id="link-6" type="image">
<anchoringText id="Ancr9">They found the static Young’s modulus to be proportional to the UCS, but with significant scatter, and elsewhere, give a proportionality ratio between 100 and 400 (Fjær, 2008). Figure 6 shows a correlation between predicted UCS (Borba et al. 2014) and Young Modulus for study interval 2105 - 2135 m in Glauconite Formation of Willesden Green Field.</anchoringText>
<image-wrap id="102118177261MS-Img_SPi-6">
<label>Figure 6 </label>
<imageLink type="mediaResource" href="102118177261MS_i_6.tif" id="ImgLink-6" />
<caption>Correlation between predicted UCS (Borba et al. 2014) and Young Modulus for study interval 2105 - 2135 m, Glauconite Formation, Willesden Green Field.</caption>
<formatted-caption>
<caption-label>Figure</caption-label>
<caption-order>6</caption-order>
<caption-text>Correlation between predicted UCS (<link href="BIB10">Borba et al. 2014</link> ) and Young Modulus for study interval 2105 - 2135 m, Glauconite Formation, Willesden Green Field.</caption-text>
</formatted-caption>
</image-wrap>
</linkTarget>
<linkTarget id="link-23" type="bib">
<bib id="BIB11">
<label>Borba et al., 2014</label>
<last-name>Borba</last-name>
<author>
<first-name>A. M.</first-name>
<last-name>Borba</last-name>
</author>, <last-name>Ferreira</last-name>, <author>
<first-name>F. H.</first-name>
<last-name>Ferreira</last-name>
</author>, <last-name>Santos</last-name>, <author>
<first-name>E. S. R.</first-name>
<last-name>Santos</last-name>
</author>, <last-name>Menezes</last-name>, <author>
<first-name>V. M. D.</first-name>
<last-name>Menezes</last-name>
</author>, and Strugale, M. <pubDate>2014</pubDate>. <article-title>UCS Estimation through Uniaxial Compressive Test, Scratch Test and Based Log Empirical Correlation</article-title>. <journal-title>International Society for Rock Mechanics</journal-title>.</bib>
</linkTarget>
</appendix>
</docFigure>
<docFigure pdf-page="11" figure-order="7" data-type-order="9">
<link href="link-7" type="image" />
<appendix>
<linkTarget id="link-7" type="image">
<anchoringText id="Ancr10">In Figure 7, we can observe the reduction of stress in the hydraulically fracture zone. The gap between the maximum shear stress before failure and the rock strength was reduce considerably, meanwhile, the pore pressure and the minimum horizontal stress increase.</anchoringText>
<image-wrap id="102118177261MS-Img_SPi-7">
<label>Figure 7 </label>
<imageLink type="mediaResource" href="102118177261MS_i_7.tif" id="ImgLink-7" />
<caption>Shear stress for failure variation and UCS as a function of depth. The stress window is considerably reduced in the hydraulically fractured interval, and the reopening stress required for reopening decreases.</caption>
<formatted-caption>
<caption-label>Figure</caption-label>
<caption-order>7</caption-order>
<caption-text>Shear stress for failure variation and UCS as a function of depth. The stress window is considerably reduced in the hydraulically fractured interval, and the reopening stress required for reopening decreases.</caption-text>
</formatted-caption>
</image-wrap>
</linkTarget>
</appendix>
</docFigure>
<docFigure pdf-page="13" figure-order="8" data-type-order="10">
<link href="link-8" type="image" />
<appendix>
<linkTarget id="link-8" type="image">
<anchoringText id="Ancr11">In Figure 8, the Mohr-Coulomb Diagram is estimated with the predicted values of UCS and the limits of minimum horizontal stress. The failure envelopes are traced with a top at the maximum angle of friction before failure at 1.0 (black dash line).</anchoringText>
<image-wrap id="102118177261MS-Img_SPi-8">
<label>Figure 8 </label>
<imageLink type="mediaResource" href="102118177261MS_i_8.tif" id="ImgLink-8" />
<caption>Mohr-Coulomb envelopes calculated with the predicted UCS. Blue open dots correspond to shear stress and net stress estimated for the Glauconite Formation. The different circles are determined using the mean of the UCS at the study interval. In order to determinate possible failure scenarios at several stress magnitudes, with higher internal coefficients angles, the fracturing pressure required is lower.</caption>
<formatted-caption>
<caption-label>Figure</caption-label>
<caption-order>8</caption-order>
<caption-text>Mohr-Coulomb envelopes calculated with the predicted UCS. Blue open dots correspond to shear stress and net stress estimated for the Glauconite Formation. The different circles are determined using the mean of the UCS at the study interval. In order to determinate possible failure scenarios at several stress magnitudes, with higher internal coefficients angles, the fracturing pressure required is lower.</caption-text>
</formatted-caption>
</image-wrap>
</linkTarget>
</appendix>
</docFigure>
<docFigure pdf-page="14" figure-order="9" data-type-order="11">
<link href="link-9" type="image" />
<appendix>
<linkTarget id="link-9" type="image">
<anchoringText id="Ancr12">In Figure 9a, the critically stress fractures are presented in a Mohr-Coulomb Diagram, therefore, theses fractures are considered mechanically or hydraulically active, and conductive with high permeabilities.</anchoringText>
<image-wrap id="102118177261MS-Img_SPi-9">
<label>Figure 9 </label>
<imageLink type="mediaResource" href="102118177261MS_i_9.tif" id="ImgLink-9" />
<caption>A) The left hand side of the figure shows active and open fractures calculated with the UCS. Blue open dots correspond to shear stress and net stress in relationship of overburden stress, all estimated for the Glauconite Formation. Dash lines delimitates the area of stressed fractures for coefficient of angle of friction between 0.6 and 1.0. The different circles are determined by the unconfined stress variations. B) The right hand side of the figure shows the angle of friction (orange line) is lower in the hydraulically fractured interval also with coefficients of angle friction between 0.6 and 1.0.</caption>
<formatted-caption>
<caption-label>Figure</caption-label>
<caption-order>9</caption-order>
<caption-text>A) The left hand side of the figure shows active and open fractures calculated with the UCS. Blue open dots correspond to shear stress and net stress in relationship of overburden stress, all estimated for the Glauconite Formation. Dash lines delimitates the area of stressed fractures for coefficient of angle of friction between 0.6 and 1.0. The different circles are determined by the unconfined stress variations. B) The right hand side of the figure shows the angle of friction (orange line) is lower in the hydraulically fractured interval also with coefficients of angle friction between 0.6 and 1.0.</caption-text>
</formatted-caption>
</image-wrap>
</linkTarget>
</appendix>
</docFigure>
<docFigure pdf-page="15" figure-order="10" data-type-order="12">
<link href="link-10" type="image" />
<appendix>
<linkTarget id="link-10" type="image">
<anchoringText id="Ancr13">Figure 10 shows the limits of stress magnitudes defined by frictional faulting theory in strike-slip faulting regime, assuming hydrostatic and pore pressure.</anchoringText>
<image-wrap id="102118177261MS-Img_SPi-10">
<label>Figure 10 </label>
<imageLink type="mediaResource" href="102118177261MS_i_10.tif" id="ImgLink-10" />
<caption>Limits of stress magnitudes defined by frictional faulting theory in strike-slip faulting regime assuming hydrostatic and pore pressure. The green line represents the maximum horizontal stress (S<sub>hmax</sub>), in yellow is the minimum value of the least principal stress (S<sub>hmin</sub>), in blue the pore pressure.</caption>
<formatted-caption>
<caption-label>Figure</caption-label>
<caption-order>10</caption-order>
<caption-text>Limits of stress magnitudes defined by frictional faulting theory in strike-slip faulting regime assuming hydrostatic and pore pressure. The green line represents the maximum horizontal stress (S<sub>hmax</sub>), in yellow is the minimum value of the least principal stress (S<sub>hmin</sub>), in blue the pore pressure.</caption-text>
</formatted-caption>
</image-wrap>
</linkTarget>
</appendix>
</docFigure>
<docFigure pdf-page="17" figure-order="11" data-type-order="13">
<link href="link-11" type="image" />
<appendix>
<linkTarget id="link-11" type="image">
<anchoringText id="Ancr14">In order to analyze the results, a stress polygon for the Glauconite Formation at 2108 m is presented (Figure 11).</anchoringText>
<image-wrap id="102118177261MS-Img_SPi-11">
<label>Figure 11 </label>
<imageLink type="mediaResource" href="102118177261MS_i_11.tif" id="ImgLink-11" />
<caption>Limits on stress magnitudes defined by frictional faulting theory, the green line indicates the maximum value of S<sub>hmax</sub> for reverse faulting, the blue line the S<sub>hmax</sub> for a normal faulting environments, an in the red line the limit of S<sub>hmax</sub> for Strike-Slip faulting plane. The dash lines indicates the limits of tensile fractures induce by hydraulically fracturing, and high, low and mean values of UCS are plotted in order to visualize the possible variations due to a poor prediction of rock strength with a fixed wellbore breakout angle at 0 degrees.</caption>
<formatted-caption>
<caption-label>Figure</caption-label>
<caption-order>11</caption-order>
<caption-text>Limits on stress magnitudes defined by frictional faulting theory, the green line indicates the maximum value of S<sub>hmax</sub> for reverse faulting, the blue line the S<sub>hmax</sub> for a normal faulting environments, an in the red line the limit of S<sub>hmax</sub> for Strike-Slip faulting plane. The dash lines indicates the limits of tensile fractures induce by hydraulically fracturing, and high, low and mean values of UCS are plotted in order to visualize the possible variations due to a poor prediction of rock strength with a fixed wellbore breakout angle at 0 degrees.</caption-text>
</formatted-caption>
</image-wrap>
</linkTarget>
</appendix>
</docFigure>
<docFigure pdf-page="19" figure-order="12" data-type-order="15">
<link href="link-12" type="image" />
<appendix>
<linkTarget id="link-12" type="image">
<anchoringText id="Ancr15">Figure 12 shows variations of the wellbore angle (wBO). Results of this sensitivity analysis confirm the low-stress profile in the well at the moment in which it was hydraulically fractured. The change between the angles from 0 to 60 degrees is less than 10 MPa.</anchoringText>
<image-wrap id="102118177261MS-Img_SPi-12">
<label>Figure 12 </label>
<imageLink type="mediaResource" href="102118177261MS_i_12.tif" id="ImgLink-12" />
<caption>Polygon which defines possible stress magnitudes at 2108 m with the limits of magnitude for the principal faulting regimes, tensile fractures and the different angles of wellbore breakouts are plotted in order to visualize the possible angle induced with the fracturing operations.</caption>
<formatted-caption>
<caption-label>Figure</caption-label>
<caption-order>12</caption-order>
<caption-text>Polygon which defines possible stress magnitudes at 2108 m with the limits of magnitude for the principal faulting regimes, tensile fractures and the different angles of wellbore breakouts are plotted in order to visualize the possible angle induced with the fracturing operations.</caption-text>
</formatted-caption>
</image-wrap>
</linkTarget>
</appendix>
</docFigure>
</docFigureList>
</docTables>