<?xml version="1.0" encoding="utf-8"?>
<docTables>
<docMetaData inputFile="102118178122MS.txt" extractionDate="2021-03-19T19:13:05Z">
<doi>10.2118/178122-MS</doi>
<pii>10.2118/178122-MS</pii>
<publisher>SPE_Society_of_Petroleum_Engineers</publisher>
</docMetaData>
<docFigureList>
<docFigure pdf-page="2" figure-order="1" data-type-order="1">
<link href="link-1" type="image" />
<appendix>
<linkTarget id="link-1" type="image">
<anchoringText id="Ancr1">The XYZ field (Fig. 1) under study was discovered in September 1977. It is the second largest field in western offshore India. The oil production is mainly from the Bassein, Mukta, and Panna formations. Generalized stratigraphy of the Mumbai offshore basin is depicted in Fig. 2. Major part of the in-place oil exists in the Bassein formation, and the reservoir has been a prolific producer. Chronic decline in reservoir pressure and oil production led to implementation of water injection in late 1990s to provide layer-wise pressure support. Increase in water injection resulted in sustained oil production for a few years but at a cost of increased water cut.</anchoringText>
<image-wrap id="102118178122MS-Img_SPi-1">
<label>Figure 1 </label>
<imageLink type="mediaResource" href="102118178122MS_i_1.tif" id="ImgLink-1" />
<caption>Map of western offshore India and XYZ field</caption>
<formatted-caption>
<caption-label>Figure</caption-label>
<caption-order>1</caption-order>
<caption-text>Map of western offshore India and XYZ field</caption-text>
</formatted-caption>
</image-wrap>
</linkTarget>
</appendix>
</docFigure>
<docFigure pdf-page="3" figure-order="2" data-type-order="2">
<link href="link-2" type="image" />
<appendix>
<linkTarget id="link-2" type="image">
<anchoringText id="Ancr2">The XYZ field (Fig. 1) under study was discovered in September 1977. It is the second largest field in western offshore India. The oil production is mainly from the Bassein, Mukta, and Panna formations. Generalized stratigraphy of the Mumbai offshore basin is depicted in Fig. 2. Major part of the in-place oil exists in the Bassein formation, and the reservoir has been a prolific producer. Chronic decline in reservoir pressure and oil production led to implementation of water injection in late 1990s to provide layer-wise pressure support. Increase in water injection resulted in sustained oil production for a few years but at a cost of increased water cut.</anchoringText>
<image-wrap id="102118178122MS-Img_SPi-2">
<label>Figure 2 </label>
<imageLink type="mediaResource" href="102118178122MS_i_2.tif" id="ImgLink-2" />
<caption>Layer description in XYZ field</caption>
<formatted-caption>
<caption-label>Figure</caption-label>
<caption-order>2</caption-order>
<caption-text>Layer description in XYZ field</caption-text>
</formatted-caption>
</image-wrap>
</linkTarget>
</appendix>
</docFigure>
<docFigure pdf-page="3" figure-order="3" data-type-order="3">
<link href="link-3" type="image" />
<appendix>
<linkTarget id="link-3" type="image">
<anchoringText id="Ancr3">Major part of the in-place oil exists in the Bassein formation, and the reservoir has been a prolific producer. Chronic decline in reservoir pressure and oil production led to implementation of water injection in late 1990s to provide layer-wise pressure support. Increase in water injection resulted in sustained oil production for a few years but at a cost of increased water cut. Later, infill wells were drilled to see the improvement in oil production. Currently, the field is producing at average oil rate of 41,000 barrels per day (BPD), with average water cut of 65% and GOR 149 v/v. Average water injection is 145,000 BPD. (Fig.3)</anchoringText>
<image-wrap id="102118178122MS-Img_SPi-3">
<label>Figure 3 </label>
<imageLink type="mediaResource" href="102118178122MS_i_3.tif" id="ImgLink-3" />
<caption>XYZ field production history</caption>
<formatted-caption>
<caption-label>Figure</caption-label>
<caption-order>3</caption-order>
<caption-text>XYZ field production history</caption-text>
</formatted-caption>
</image-wrap>
</linkTarget>
</appendix>
</docFigure>
<docFigure pdf-page="4" figure-order="4" data-type-order="4">
<link href="link-4" type="image" />
<appendix>
<linkTarget id="link-4" type="image">
<anchoringText id="Ancr4">In the study reported by Rao et al. (2004), they presented a flow pattern for the WAG injection process to account for the fact that the accumulated experience from several WAG field projects contradicted the high expectation from the process. The flow pattern is depicted in Fig. 4. It considered the natural tendency of the injected gas to override and of the water to underride. Based upon the same consideration, a flow pattern for SWAG injection has been depicted in Fig. 5. It shows the advantage of injecting water and gas simultaneously over sequential injection</anchoringText>
<image-wrap id="102118178122MS-Img_SPi-4">
<label>Figure 4 </label>
<imageLink type="mediaResource" href="102118178122MS_i_4.tif" id="ImgLink-4" />
<caption>Probable breakdown of WAG cycle</caption>
<formatted-caption>
<caption-label>Figure</caption-label>
<caption-order>4</caption-order>
<caption-text>Probable breakdown of WAG cycle</caption-text>
</formatted-caption>
</image-wrap>
</linkTarget>
</appendix>
</docFigure>
<docFigure pdf-page="4" figure-order="5" data-type-order="5">
<link href="link-5" type="image" />
<appendix>
<linkTarget id="link-5" type="image">
<anchoringText id="Ancr5">In the study reported by Rao et al. (2004), they presented a flow pattern for the WAG injection process to account for the fact that the accumulated experience from several WAG field projects contradicted the high expectation from the process. The flow pattern is depicted in Fig. 4. It considered the natural tendency of the injected gas to override and of the water to underride. Based upon the same consideration, a flow pattern for SWAG injection has been depicted in Fig. 5. It shows the advantage of injecting water and gas simultaneously over sequential injection</anchoringText>
<image-wrap id="102118178122MS-Img_SPi-5">
<label>Figure 5 </label>
<imageLink type="mediaResource" href="102118178122MS_i_5.tif" id="ImgLink-5" />
<caption>Probable breakdown of SWAG cycle</caption>
<formatted-caption>
<caption-label>Figure</caption-label>
<caption-order>5</caption-order>
<caption-text>Probable breakdown of SWAG cycle</caption-text>
</formatted-caption>
</image-wrap>
</linkTarget>
</appendix>
</docFigure>
<docFigure pdf-page="5" figure-order="6" data-type-order="6">
<link href="link-6" type="image" />
<appendix>
<linkTarget id="link-6" type="image">
<anchoringText id="Ancr6">To evaluate the effectiveness of the SWAG method, a pilot project was introduced in the field. The pilot design of SWAG injection consisted of five wells of the AA platform. AA is the platform with the most oil production of the XYZ field, comprising nine producer wells and four injector wells (Fig. 6). Of the five wells chosen for the pilot study, four injector wells and one producer well are placed in the five-spot injection pattern. During the water injection process, there is more influx of injection water in the wells lying on the rising flank of the basin.</anchoringText>
<image-wrap id="102118178122MS-Img_SPi-6">
<label>Figure 6 </label>
<imageLink type="mediaResource" href="102118178122MS_i_6.tif" id="ImgLink-6" />
<caption>SWAG pilot wells</caption>
<formatted-caption>
<caption-label>Figure</caption-label>
<caption-order>6</caption-order>
<caption-text>SWAG pilot wells</caption-text>
</formatted-caption>
</image-wrap>
</linkTarget>
</appendix>
</docFigure>
<docFigure composite="true" composite-count="3" pdf-page="6" figure-order="7" data-type-order="7">
<link href="link-7" type="image" />
<appendix>
<linkTarget id="link-7" type="image">
<anchoringText id="Ancr7">Spinner response indicated a consistent flow of gas-water mixture inside the smaller-size casing and a clear injection profile was obtained. The injection profile indicated gas was being injected preferentially in the top part of the perforation relative to the bottom part (Fig. 7).</anchoringText>
<image-wrap id="102118178122MS-Img_SPi-7">
<label>Figure 7 </label>
<imageLink type="mediaResource" href="102118178122MS_i_7.tif" id="ImgLink-7" />
<caption>Production logging results of Well A, Well B, and Well C</caption>
<formatted-caption>
<caption-label>Figure</caption-label>
<caption-order>7</caption-order>
<caption-text>Production logging results of Well A, Well B, and Well C</caption-text>
</formatted-caption>
</image-wrap>
<image-wrap id="102118178122MS-Img_SPi-7a">
<imageLink type="mediaResource" href="102118178122MS_i_7a.tif" id="ImgLink-7a" />
<figure-specific-caption>
<caption-order></caption-order>
<caption-text>Well A</caption-text>
</figure-specific-caption>
</image-wrap>
<image-wrap id="102118178122MS-Img_SPi-7b">
<imageLink type="mediaResource" href="102118178122MS_i_7b.tif" id="ImgLink-7b" />
<figure-specific-caption>
<caption-order></caption-order>
<caption-text>Well B</caption-text>
</figure-specific-caption>
</image-wrap>
<image-wrap id="102118178122MS-Img_SPi-7c">
<imageLink type="mediaResource" href="102118178122MS_i_7c.tif" id="ImgLink-7c" />
<figure-specific-caption>
<caption-order></caption-order>
<caption-text>Well C</caption-text>
</figure-specific-caption>
</image-wrap>
</linkTarget>
</appendix>
</docFigure>
<docFigure composite="true" composite-count="3" pdf-page="8" figure-order="8" data-type-order="8">
<link href="link-8" type="image" />
<appendix>
<linkTarget id="link-8" type="image">
<anchoringText id="Ancr8">The amount of variation of the flow regime from that of the expected fine bubble flow behavior helped to identify the most suitable completion strategy among the three wells. Wells with small distance (about 2 m) between the perforations and the tubing shoe had the preferred injection regime, with minimal segregation in the casing section compared to the well with a large (about 6 m) distance between the perforation and tubing shoe (Fig. 8). The best completion strategy would be the one that allows the injected mixture of gas and water to enter the reservoir in the form of fine bubbles. Results of the production logging survey indicate that the following points should be considered during candidate selection of SWAG injection wells:</anchoringText>
<image-wrap id="102118178122MS-Img_SPi-8">
<label>Figure 8 </label>
<imageLink type="mediaResource" href="102118178122MS_i_8.tif" id="ImgLink-8" />
<caption>Comparison of flow regime in casing section in the three SWAG injection wells</caption>
<formatted-caption>
<caption-label>Figure</caption-label>
<caption-order>8</caption-order>
<caption-text>Comparison of flow regime in casing section in the three SWAG injection wells</caption-text>
</formatted-caption>
</image-wrap>
<image-wrap id="102118178122MS-Img_SPi-8a">
<imageLink type="mediaResource" href="102118178122MS_i_8a.tif" id="ImgLink-8a" />
<figure-specific-caption>
<caption-order></caption-order>
<caption-text>Small Casing &amp; Deviated Well</caption-text>
</figure-specific-caption>
</image-wrap>
<image-wrap id="102118178122MS-Img_SPi-8b">
<imageLink type="mediaResource" href="102118178122MS_i_8b.tif" id="ImgLink-8b" />
<figure-specific-caption>
<caption-order></caption-order>
<caption-text>Large Casing &amp; Vertical Well</caption-text>
</figure-specific-caption>
</image-wrap>
<image-wrap id="102118178122MS-Img_SPi-8c">
<imageLink type="mediaResource" href="102118178122MS_i_8c.tif" id="ImgLink-8c" />
<figure-specific-caption>
<caption-order></caption-order>
<caption-text>Large casing &amp; Deviated Well</caption-text>
</figure-specific-caption>
</image-wrap>
</linkTarget>
</appendix>
</docFigure>
</docFigureList>
</docTables>