<?xml version="1.0" encoding="utf-8"?>
<docTables>
<docMetaData inputFile="102118179150MS.txt" extractionDate="2021-03-18T14:45:17Z">
<doi>10.2118/179150-MS</doi>
<pii>10.2118/179150-MS</pii>
<publisher>SPE_Society_of_Petroleum_Engineers</publisher>
</docMetaData>
<docFigureList>
<docFigure composite="true" composite-count="2" pdf-page="4" figure-order="1" data-type-order="1">
<link href="link-1" type="image" />
<appendix>
<linkTarget id="link-1" type="image">
<anchoringText id="Ancr2">An experiment in the Piceance basin of Colorado was the site of a core-through of a hydraulic fracture that had been microseismically monitored a few years earlier (Warpinski et al. 1993). The microseismic data at that time were not particularly accurate because of technology limitations (e.g., single receiver systems), but the core fracture locations were approximately coincident with the microseismic distribu-tion, as shown in Fig. 1. In this case, there were two fracture intervals observed in a deviated-well core across the zone that was fractured, and these were spaced approximately 50 ft apart, so it is difficult to attach any uncertainty of the azimuth relative to the microseismic data.</anchoringText>
<image-wrap id="102118179150MS-Img_SPi-1">
<label>Figure 1 </label>
<imageLink type="mediaResource" href="102118179150MS_i_1.tif" id="ImgLink-1" />
<caption>Microseismic data and core-through results (after <link href="BIB1">Warpinski et al. 1993</link> ).</caption>
<formatted-caption>
<caption-label>Figure</caption-label>
<caption-order>1</caption-order>
<caption-text>Microseismic data and core-through results (after <link href="BIB1">Warpinski et al. 1993</link> ).</caption-text>
</formatted-caption>
</image-wrap>
<image-wrap id="102118179150MS-Img_SPi-1a">
<imageLink type="mediaResource" href="102118179150MS_i_1a.tif" id="ImgLink-1a" />
</image-wrap>
<image-wrap id="102118179150MS-Img_SPi-1b">
<imageLink type="mediaResource" href="102118179150MS_i_1b.tif" id="ImgLink-1b" />
</image-wrap>
</linkTarget>
<linkTarget id="link-23" type="bib">
<bib id="BIB1">
<label>Warpinski et al., 1993</label>
<last-name>Warpinski</last-name>
<author>
<first-name>N. R.</first-name>
<last-name>Warpinski</last-name>
</author>, <last-name>Lorenz</last-name>, <author>
<first-name>J. C.</first-name>
<last-name>Lorenz</last-name>
</author>, <last-name>Branagan</last-name>, <author>
<first-name>P. T.</first-name>
<last-name>Branagan</last-name>
</author> et al. <pubDate>1993</pubDate>. <article-title>Examination of a Cored Hydraulic Fracture in a Deep Gas Well </article-title>. <journal-title>SPE Prod &amp; Fac </journal-title>
<volume>8</volume>
<issue>(3)</issue>: <pages>
<first-page>150</first-page>
<last-page>164</last-page>
</pages>. http://dx.doi.org/10.2118/22876-PA.</bib>
</linkTarget>
</appendix>
</docFigure>
<docFigure composite="true" composite-count="2" pdf-page="5" figure-order="2" data-type-order="2">
<link href="link-2" type="image" />
<appendix>
<linkTarget id="link-2" type="image">
<anchoringText id="Ancr3">In this case, there were two fracture intervals observed in a deviated-well core across the zone that was fractured, and these were spaced approximately 50 ft apart, so it is difficult to attach any uncertainty of the azimuth relative to the microseismic data. In addition, each consisted of multiple strands (8 and 31), and each was in a different interval. Core photos are shown in Fig.2; the core-through wells were deviated approximately 55°, and the layout of the core is approximately as the fracture would be viewed from the side in the subsurface.</anchoringText>
<image-wrap id="102118179150MS-Img_SPi-2">
<label>Figure 2 </label>
<imageLink type="mediaResource" href="102118179150MS_i_2.tif" id="ImgLink-2" />
<caption>Cored hydraulic fracture from experiment (<link href="BIB2">Warpinski et al. 1993</link> )</caption>
<formatted-caption>
<caption-label>Figure</caption-label>
<caption-order>2</caption-order>
<caption-text>Cored hydraulic fracture from experiment (<link href="BIB2">Warpinski et al. 1993</link> )</caption-text>
</formatted-caption>
</image-wrap>
<image-wrap id="102118179150MS-Img_SPi-2a">
<imageLink type="mediaResource" href="102118179150MS_i_2a.tif" id="ImgLink-2a" />
</image-wrap>
<image-wrap id="102118179150MS-Img_SPi-2b">
<imageLink type="mediaResource" href="102118179150MS_i_2b.tif" id="ImgLink-2b" />
</image-wrap>
</linkTarget>
<linkTarget id="link-23" type="bib">
<bib id="BIB2">
<label>Warpinski et al., 1993</label>
<last-name>Warpinski</last-name>
<author>
<first-name>N. R.</first-name>
<last-name>Warpinski</last-name>
</author>, <last-name>Lorenz</last-name>, <author>
<first-name>J. C.</first-name>
<last-name>Lorenz</last-name>
</author>, <last-name>Branagan</last-name>, <author>
<first-name>P. T.</first-name>
<last-name>Branagan</last-name>
</author> et al. <pubDate>1993</pubDate>. <article-title>Examination of a Cored Hydraulic Fracture in a Deep Gas Well </article-title>. <journal-title>SPE Prod &amp; Fac </journal-title>
<volume>8</volume>
<issue>(3)</issue>: <pages>
<first-page>150</first-page>
<last-page>164</last-page>
</pages>. http://dx.doi.org/10.2118/22876-PA.</bib>
</linkTarget>
</appendix>
</docFigure>
<docFigure pdf-page="6" figure-order="3" data-type-order="3">
<link href="link-3" type="image" />
<appendix>
<linkTarget id="link-3" type="image">
<anchoringText id="Ancr4">At this site, 30 triaxial accelerometers were cemented into an observation well along with six biaxial tiltmeters, and these were used to image the fracture. In the deeper B-sand interval (Branagan et al. 1996b), the microseismic regression azimuth of 75° was confirmed by core-through data, showing 11 fracture strands over a 4-ft interval that had a straight-line azimuth (treatment well to intersection) of 72°. Fig. 3 shows a map view of the microseismic data (red diamonds), the cored intersection well (trajectory shown in blue), and the location (yellow cross) where the fracture was observed in the core. Fig. 4 shows a photo of the cored fractures and a projection of where image logs detected fractures.</anchoringText>
<image-wrap id="102118179150MS-Img_SPi-3">
<label>Figure 3 </label>
<imageLink type="mediaResource" href="102118179150MS_i_3.tif" id="ImgLink-3" />
<caption>Plan view of microseisms, cored intersection well, and cored fracture (after <link href="BIB5">Branagan et al. 1996b</link> and <link href="BIB6">Warpinski et al. 1999</link> ).</caption>
<formatted-caption>
<caption-label>Figure</caption-label>
<caption-order>3</caption-order>
<caption-text>Plan view of microseisms, cored intersection well, and cored fracture (after <link href="BIB5">Branagan et al. 1996b</link> and <link href="BIB6">Warpinski et al. 1999</link> ).</caption-text>
</formatted-caption>
</image-wrap>
</linkTarget>
<linkTarget id="link-25" type="bib">
<bib id="BIB4">
<label>Branagan et al., 1996b</label>
<author>
<first-name>P. T.</first-name>
<last-name>Branagan</last-name>
</author>, <author>
<first-name>R. E.</first-name>
<last-name>Peterson</last-name>
</author>, <author>
<first-name>N. R</first-name>
<last-name>Warpinski</last-name>
</author>. et al. <pubDate>1996b</pubDate>. <article-title>Characterization of a Remotely Intersected Set of Hydraulic Fractures: Results of Intersection Well No. 1-B, GRI/DOE Multi-Site Project.</article-title>
<journal-title> Presented at the SPE Annual Technical Conference and Exhibition, Denver, Colorado, USA, 6–9 October</journal-title>. SPE-36452-MS. http://dx.doi.org/10.2118/36452- MS.</bib>
</linkTarget>
<linkTarget id="link-26" type="bib">
<bib id="BIB5">
<label>Warpinski et al., 1999</label>
<last-name>Warpinski</last-name>
<author>
<first-name>N. R.</first-name>
<last-name>Warpinski</last-name>
</author>, <last-name>Wright</last-name>, <author>
<first-name>T. B.</first-name>
<last-name>Wright</last-name>
</author>, <last-name>Uhl</last-name>, <author>
<first-name>J. E.</first-name>
<last-name>Uhl</last-name>
</author> et al. <pubDate>1999</pubDate>. <article-title>Microseismic Monitoring of the B-Sand Hydraulic Fracture Experiment at the DOE/GRI Multi-Site Project </article-title>. <journal-title>SPE J </journal-title>
<volume>4</volume>
<issue>(3)</issue>: <pages>
<first-page>242</first-page>
<last-page>250</last-page>
</pages>. http://dx.doi.org/10.2118/57593-PA.</bib>
</linkTarget>
</appendix>
</docFigure>
<docFigure pdf-page="6" figure-order="4" data-type-order="4">
<link href="link-4" type="image" />
<appendix>
<linkTarget id="link-4" type="image">
<anchoringText id="Ancr5">At this site, 30 triaxial accelerometers were cemented into an observation well along with six biaxial tiltmeters, and these were used to image the fracture. In the deeper B-sand interval (Branagan et al. 1996b), the microseismic regression azimuth of 75° was confirmed by core-through data, showing 11 fracture strands over a 4-ft interval that had a straight-line azimuth (treatment well to intersection) of 72°. Fig. 3 shows a map view of the microseismic data (red diamonds), the cored intersection well (trajectory shown in blue), and the location (yellow cross) where the fracture was observed in the core. Fig. 4 shows a photo of the cored fractures and a projection of where image logs detected fractures.</anchoringText>
<image-wrap id="102118179150MS-Img_SPi-4">
<label>Figure 4 </label>
<imageLink type="mediaResource" href="102118179150MS_i_4.tif" id="ImgLink-4" />
<caption>Photo and image log projection of cored fractures at M-Site ( <link href="BIB7">Branagan et al. 1996b</link> ).</caption>
<formatted-caption>
<caption-label>Figure</caption-label>
<caption-order>4</caption-order>
<caption-text>Photo and image log projection of cored fractures at M-Site ( <link href="BIB6">Branagan et al. 1996b</link> ).</caption-text>
</formatted-caption>
</image-wrap>
</linkTarget>
<linkTarget id="link-25" type="bib">
<bib id="BIB7">
<label>Branagan et al., 1996b</label>
<author>
<first-name>P. T.</first-name>
<last-name>Branagan</last-name>
</author>, <author>
<first-name>R. E.</first-name>
<last-name>Peterson</last-name>
</author>, <author>
<first-name>N. R</first-name>
<last-name>Warpinski</last-name>
</author>. et al. <pubDate>1996b</pubDate>. <article-title>Characterization of a Remotely Intersected Set of Hydraulic Fractures: Results of Intersection Well No. 1-B, GRI/DOE Multi-Site Project.</article-title>
<journal-title> Presented at the SPE Annual Technical Conference and Exhibition, Denver, Colorado, USA, 6–9 October</journal-title>. SPE-36452-MS. http://dx.doi.org/10.2118/36452- MS.</bib>
</linkTarget>
</appendix>
</docFigure>
<docFigure composite="true" composite-count="2" pdf-page="7" figure-order="5" data-type-order="5">
<link href="link-5" type="image" />
<appendix>
<linkTarget id="link-5" type="image">
<anchoringText id="Ancr6">Fig. 5 shows a side view (top panel) of the microseismic event locations relative to the fracture locations in the deviated well. The microseismic data in the top panel are taken from a subset of microseisms that flank the deviated observation well, as indicated in the bottom panel. These microseis-mic locations should be relatively accurate because the observation well, which is located at the same surface location of the intersection well, is less than 300 ft offset. The logging results support the microseismic result, but there is some complexity to the microseismicity that obscures the overall results, possibly because there were multiple injections in this interval.</anchoringText>
<image-wrap id="102118179150MS-Img_SPi-5">
<label>Figure 5 </label>
<imageLink type="mediaResource" href="102118179150MS_i_5.tif" id="ImgLink-5" />
<caption>M-Site C-sand fracture intersection and microseismic data.</caption>
<formatted-caption>
<caption-label>Figure</caption-label>
<caption-order>5</caption-order>
<caption-text>M-Site C-sand fracture intersection and microseismic data.</caption-text>
</formatted-caption>
</image-wrap>
<image-wrap id="102118179150MS-Img_SPi-5a">
<imageLink type="mediaResource" href="102118179150MS_i_5a.tif" id="ImgLink-5a" />
<figure-specific-caption>
<caption-order></caption-order>
<caption-text>M-Site C-sand fracture intersection</caption-text>
</figure-specific-caption>
</image-wrap>
<image-wrap id="102118179150MS-Img_SPi-5b">
<imageLink type="mediaResource" href="102118179150MS_i_5b.tif" id="ImgLink-5b" />
<figure-specific-caption>
<caption-order></caption-order>
<caption-text>microseismic data</caption-text>
</figure-specific-caption>
</image-wrap>
</linkTarget>
</appendix>
</docFigure>
<docFigure pdf-page="8" figure-order="6" data-type-order="6">
<link href="link-6" type="image" />
<appendix>
<linkTarget id="link-6" type="image">
<anchoringText id="Ancr7">This test was different in that it consisted of numerous small volume injections of suspended, ground-up drill cuttings with the objective of testing the theory of a disposal domain, but there were microseismic, surface tiltmeter, and core-hole measurements to corroborate the results. Fig. 6 shows a comparison of the microseismic locations for 17 small-volume injections into the Wilcox sandstone with the multiple cored-fracture locations and the azimuths derived from surface tiltmeter measurements. The overall agreement is relatively good, but because it is difficult to relate specific cored fractures to any particular injection, it is not possible to be entirely definitive.</anchoringText>
<image-wrap id="102118179150MS-Img_SPi-6">
<label>Figure 6 </label>
<imageLink type="mediaResource" href="102118179150MS_i_6.tif" id="ImgLink-6" />
<caption>Mounds drill cuttings injection comparison of microseisms, tilt azimuths, and cored-fracture locations.</caption>
<formatted-caption>
<caption-label>Figure</caption-label>
<caption-order>6</caption-order>
<caption-text>Mounds drill cuttings injection comparison of microseisms, tilt azimuths, and cored-fracture locations.</caption-text>
</formatted-caption>
</image-wrap>
</linkTarget>
</appendix>
</docFigure>
<docFigure composite="true" composite-count="2" pdf-page="8" figure-order="7" data-type-order="7">
<link href="link-7" type="image" />
<appendix>
<linkTarget id="link-7" type="image">
<anchoringText id="Ancr8">The overall agreement is relatively good, but because it is difficult to relate specific cored fractures to any particular injection, it is not possible to be entirely definitive. In addition, there are many microseisms that lie outside of the range of the measured fracture azimuth, and these might be the result of the geomechanical changes in the reservoir or the uncertainty in locations. Fig. 7 shows two of the cores where drill cuttings were still found in the cored fractures.</anchoringText>
<image-wrap id="102118179150MS-Img_SPi-7">
<label>Figure 7 </label>
<imageLink type="mediaResource" href="102118179150MS_i_7.tif" id="ImgLink-7" />
<caption>Cored fractures with drill cuttings from Mounds experiment ( <link href="BIB9">Moschovidis et al. 2000</link> ).</caption>
<formatted-caption>
<caption-label>Figure</caption-label>
<caption-order>7</caption-order>
<caption-text>Cored fractures with drill cuttings from Mounds experiment ( <link href="BIB8">Moschovidis et al. 2000</link> ).</caption-text>
</formatted-caption>
</image-wrap>
<image-wrap id="102118179150MS-Img_SPi-7a">
<imageLink type="mediaResource" href="102118179150MS_i_7a.tif" id="ImgLink-7a" />
</image-wrap>
<image-wrap id="102118179150MS-Img_SPi-7b">
<imageLink type="mediaResource" href="102118179150MS_i_7b.tif" id="ImgLink-7b" />
</image-wrap>
</linkTarget>
<linkTarget id="link-28" type="bib">
<bib id="BIB9">
<label>Moschovidis et al., 2000</label>
<last-name>Moschovidis</last-name>
<author>
<first-name>Z.</first-name>
<last-name>Moschovidis</last-name>
</author>, <last-name>Steiger</last-name>, <author>
<first-name>R.</first-name>
<last-name>Steiger</last-name>
</author>, <last-name>Peterson</last-name>, <author>
<first-name>R.</first-name>
<last-name>Peterson</last-name>
</author> et al. <pubDate>2000</pubDate>. <article-title>The Mounds Drill Cuttings Injection Field Experiment: Final Results and Conclusions. Presented at the IADC/SPE Drilling Conference, New Orleans, Louisiana, USA, 23–25 February </article-title>. SPE-59115-MS. http://dx.doi.org/10.2118/59115-MS.</bib>
</linkTarget>
</appendix>
</docFigure>
<docFigure composite="true" composite-count="2" pdf-page="9" figure-order="8" data-type-order="8">
<link href="link-8" type="image" />
<appendix>
<linkTarget id="link-8" type="image">
<anchoringText id="Ancr9">The use of surface tiltmeters to determine fracture azimuth is well known (Wright 1998a). A combined microseismic and surface tiltmeter project in the San Juan basin of New Mexico (Estrada et al. 2009) provided a detailed comparison of microseismic monitoring of four fracture stages in each of two wells, with tiltmeter monitoring on those two wells and four others. Fig. 8 shows a comparison of the results for the two sets of data. For these planar fractures in sandstone reservoirs, the azimuths from both the tiltmeters and the microseismic data are consistent, with agreement within a few degrees, which is well within any expected uncertainty bounds for measurements at depth.</anchoringText>
<image-wrap id="102118179150MS-Img_SPi-8">
<label>Figure 8 </label>
<imageLink type="mediaResource" href="102118179150MS_i_8.tif" id="ImgLink-8" />
<caption>Comparison of microseismic and surface tiltmeter fracture azimuths in the San Juan basin (after <link href="BIB11">Estrada et al. 2009</link> ).</caption>
<formatted-caption>
<caption-label>Figure</caption-label>
<caption-order>8</caption-order>
<caption-text>Comparison of microseismic and surface tiltmeter fracture azimuths in the San Juan basin (after <link href="BIB10">Estrada et al. 2009</link> ).</caption-text>
</formatted-caption>
</image-wrap>
<image-wrap id="102118179150MS-Img_SPi-8a">
<imageLink type="mediaResource" href="102118179150MS_i_8a.tif" id="ImgLink-8a" />
<figure-specific-caption>
<caption-order></caption-order>
<caption-text>Comparison of microseismic</caption-text>
</figure-specific-caption>
</image-wrap>
<image-wrap id="102118179150MS-Img_SPi-8b">
<imageLink type="mediaResource" href="102118179150MS_i_8b.tif" id="ImgLink-8b" />
<figure-specific-caption>
<caption-order></caption-order>
<caption-text>surface tiltmeter fracture</caption-text>
</figure-specific-caption>
</image-wrap>
</linkTarget>
<linkTarget id="link-29" type="bib">
<bib id="BIB11">
<label>Estrada et al., 2009</label>
<last-name>Estrada</last-name>
<author>
<first-name>E.</first-name>
<last-name>Estrada</last-name>
</author>, <last-name>Roberts</last-name>, <author>
<first-name>N.</first-name>
<last-name>Roberts</last-name>
</author>, <last-name>Weijers</last-name>, <author>
<first-name>L.</first-name>
<last-name>Weijers</last-name>
</author> et al. <pubDate>2009</pubDate>. <article-title>Fracture Mapping in the San Juan Basin, New Mexico. Presented at the SPE Annual Technical Conference and Exhibition, New Orleans, Louisiana, USA, 4–7 October </article-title>. SPE-124673-MS. http://dx.doi.org/10.2118/124673-MS.</bib>
</linkTarget>
</appendix>
</docFigure>
<docFigure composite="true" composite-count="2" pdf-page="9" figure-order="9" data-type-order="9">
<link href="link-9" type="image" />
<appendix>
<linkTarget id="link-9" type="image">
<anchoringText id="Ancr10">Figs. 9 and 10 show two different sets of wells in which both microseismic data and tiltmeter data were obtained. The left sides of Figs. 9 and 10 show the tiltmeter results for the multiple stages in each well, whereas the right sides shows all of the microseismic data. There is variability in the tiltmeter results, which generally trend in the NW-SE direction, with several outliers orthogonal to this trend. The variability might reflect some complexity in the treatment but also could be caused by a combination of monitoring-related factors, such as the depth (10,000 ft), the medium-size volumes, and relatively low rates, all of which affect surface tiltmeter results.</anchoringText>
<label>Figure 9 </label>
<image-wrap id="102118179150MS-Img_SPi-9">
<imageLink type="mediaResource" href="102118179150MS_i_9.tif" id="ImgLink-9" />
<caption>Comparison of (left) surface tiltmeter and (right) microseismic fracture azimuths in the Jonah field (after <link href="BIB13">Wolhart et al. 2006</link> ).</caption>
<formatted-caption>
<caption-label>Figure</caption-label>
<caption-order>9</caption-order>
<caption-text>Comparison of (left) surface tiltmeter and (right) microseismic fracture azimuths in the Jonah field (after <link href="BIB12">Wolhart et al. 2006</link> ).</caption-text>
</formatted-caption>
</image-wrap>
<image-wrap id="102118179150MS-Img_SPi-9a">
<imageLink type="mediaResource" href="102118179150MS_i_9a.tif" id="ImgLink-9a" />
<figure-specific-caption>
<caption-order></caption-order>
<caption-text>surface tiltmeter</caption-text>
</figure-specific-caption>
</image-wrap>
<image-wrap id="102118179150MS-Img_SPi-9b">
<imageLink type="mediaResource" href="102118179150MS_i_9b.tif" id="ImgLink-9b" />
<figure-specific-caption>
<caption-order></caption-order>
<caption-text>microseismic fracture</caption-text>
</figure-specific-caption>
</image-wrap>
</linkTarget>
<linkTarget id="link-30" type="bib">
<bib id="BIB13">
<label>Wolhart et al., 2006</label>
<last-name>Wolhart</last-name>
<author>
<first-name>S. L.</first-name>
<last-name>Wolhart</last-name>
</author>, <last-name>Harting</last-name>, <author>
<first-name>T. A.</first-name>
<last-name>Harting</last-name>
</author>, <last-name>Dahlem</last-name>, <author>
<first-name>J. E.</first-name>
<last-name>Dahlem</last-name>
</author> et al. <pubDate>2006</pubDate>. <article-title>Hydraulic Fracture Diagnostics Used To Optimize Development in the Jonah Field. Presented at the SPE Annual Technical Conference and Exhibition, San Antonio, Texas, USA, 24–27 September </article-title>. SPE-102528-MS. http://dx.doi.org/10.2118/102528-MS</bib>
</linkTarget>
</appendix>
</docFigure>
<docFigure composite="true" composite-count="2" pdf-page="10" figure-order="10" data-type-order="10">
<link href="link-10" type="image" />
<appendix>
<linkTarget id="link-10" type="image">
<anchoringText id="Ancr11">Figs. 9 and 10 show two different sets of wells in which both microseismic data and tiltmeter data were obtained. The left sides of Figs. 9 and 10 show the tiltmeter results for the multiple stages in each well, whereas the right sides shows all of the microseismic data. There is variability in the tiltmeter results, which generally trend in the NW-SE direction, with several outliers orthogonal to this trend. The variability might reflect some complexity in the treatment but also could be caused by a combination of monitoring-related factors, such as the depth (10,000 ft), the medium-size volumes, and relatively low rates, all of which affect surface tiltmeter results. </anchoringText>
<label>Figure 10 </label>
<image-wrap id="102118179150MS-Img_SPi-10">
<imageLink type="mediaResource" href="102118179150MS_i_10.tif" id="ImgLink-10" />
<caption>Comparison of (left) surface tiltmeter and (right) microseismic fracture azimuths in the Jonah field (after <link href="BIB15">Wolhart et al. 2006</link> ).</caption>
<formatted-caption>
<caption-label>Figure</caption-label>
<caption-order>10</caption-order>
<caption-text>Comparison of (left) surface tiltmeter and (right) microseismic fracture azimuths in the Jonah field (after <link href="BIB14">Wolhart et al. 2006</link> ).</caption-text>
</formatted-caption>
</image-wrap>
<image-wrap id="102118179150MS-Img_SPi-10a">
<imageLink type="mediaResource" href="102118179150MS_i_10a.tif" id="ImgLink-10a" />
<figure-specific-caption>
<caption-order></caption-order>
<caption-text>surface tiltmeter</caption-text>
</figure-specific-caption>
</image-wrap>
<image-wrap id="102118179150MS-Img_SPi-10b">
<imageLink type="mediaResource" href="102118179150MS_i_10b.tif" id="ImgLink-10b" />
<figure-specific-caption>
<caption-order></caption-order>
<caption-text>microseismic fracture</caption-text>
</figure-specific-caption>
</image-wrap>
</linkTarget>
<linkTarget id="link-30" type="bib">
<bib id="BIB15">
<label>Wolhart et al., 2006</label>
<last-name>Wolhart</last-name>
<author>
<first-name>S. L.</first-name>
<last-name>Wolhart</last-name>
</author>, <last-name>Harting</last-name>, <author>
<first-name>T. A.</first-name>
<last-name>Harting</last-name>
</author>, <last-name>Dahlem</last-name>, <author>
<first-name>J. E.</first-name>
<last-name>Dahlem</last-name>
</author> et al. <pubDate>2006</pubDate>. <article-title>Hydraulic Fracture Diagnostics Used To Optimize Development in the Jonah Field. Presented at the SPE Annual Technical Conference and Exhibition, San Antonio, Texas, USA, 24–27 September </article-title>. SPE-102528-MS. http://dx.doi.org/10.2118/102528-MS</bib>
</linkTarget>
</appendix>
</docFigure>
<docFigure composite="true" composite-count="2" pdf-page="10" figure-order="11" data-type-order="11">
<link href="link-11" type="image" />
<appendix>
<linkTarget id="link-11" type="image">
<anchoringText id="Ancr12">Figs. 11 and 12 show the tiltmeter and microseismic data for two different sections of the field. With multiple stages in each well, there were multiple azimuths observed using the surface tiltmeters and considerable width and asymmetry to the microseismic data, which was presumably caused by the faults and natural fractures prevalent in this part of the field. Complexity is somewhat supported in this case by the appearance of a fissure opening pressure (approximately 250 psi above closure pressure) in several minifracs within the study area (Malone et al. 2009). Both Jonah studies reported fault interaction, which might also add to the complexity. Fault identification is discussed later in the paper.</anchoringText>
<image-wrap id="102118179150MS-Img_SPi-11">
<label>Figure 11 </label>
<imageLink type="mediaResource" href="102118179150MS_i_11.tif" id="ImgLink-11" />
<caption>Jonah field comparison of surface tiltmeters and microseismic data indicating more complexity (after <link href="BIB17">Malone et al. 2009</link> ).</caption>
<formatted-caption>
<caption-label>Figure</caption-label>
<caption-order>11</caption-order>
<caption-text>Jonah field comparison of surface tiltmeters and microseismic data indicating more complexity (after <link href="BIB16">Malone et al. 2009</link> ).</caption-text>
</formatted-caption>
</image-wrap>
<image-wrap id="102118179150MS-Img_SPi-11a">
<imageLink type="mediaResource" href="102118179150MS_i_11a.tif" id="ImgLink-11a" />
<figure-specific-caption>
<caption-order></caption-order>
<caption-text>surface tiltmeters</caption-text>
</figure-specific-caption>
</image-wrap>
<image-wrap id="102118179150MS-Img_SPi-11b">
<imageLink type="mediaResource" href="102118179150MS_i_11b.tif" id="ImgLink-11b" />
<figure-specific-caption>
<caption-order></caption-order>
<caption-text>microseismic data</caption-text>
</figure-specific-caption>
</image-wrap>
</linkTarget>
<linkTarget id="link-32" type="bib">
<bib id="BIB17">
<label>Malone et al., 2009</label>
<last-name>Malone</last-name>
<author>
<first-name>S.</first-name>
<last-name>Malone</last-name>
</author>, <last-name>Turner</last-name>, <author>
<first-name>M</first-name>
<last-name>Turner</last-name>
</author>, <last-name>Mayerhofer</last-name>, <author>
<first-name>M.</first-name>
<last-name>Mayerhofer</last-name>
</author> et al. <pubDate>2009</pubDate>. <article-title>Development of a Calibrated Fracture-Growth Model and Automated Staging Routine for the Jonah Field. Presented at the SPE Rocky Mountain Petroleum Technology Conference, Denver, Colorado, USA, 14–16 April </article-title>. SPE 116304-MS. http://dx.doi.org/10.2118/116304-MS.</bib>
</linkTarget>
</appendix>
</docFigure>
<docFigure composite="true" composite-count="2" pdf-page="11" figure-order="12" data-type-order="12">
<link href="link-12" type="image" />
<appendix>
<linkTarget id="link-12" type="image">
<anchoringText id="Ancr13">Figs. 11 and 12 show the tiltmeter and microseismic data for two different sections of the field. With multiple stages in each well, there were multiple azimuths observed using the surface tiltmeters and considerable width and asymmetry to the microseismic data, which was presumably caused by the faults and natural fractures prevalent in this part of the field. Complexity is somewhat supported in this case by the appearance of a fissure opening pressure (approximately 250 psi above closure pressure) in several minifracs within the study area (Malone et al. 2009). Both Jonah studies reported fault interaction, which might also add to the complexity. Fault identification is discussed later in the paper.</anchoringText>
<image-wrap id="102118179150MS-Img_SPi-12">
<label>Figure 12 </label>
<imageLink type="mediaResource" href="102118179150MS_i_12.tif" id="ImgLink-12" />
<caption>Jonah field comparison of surface tiltmeters and microseismic data indicating more complexity (after <link href="BIB19">Malone et al. 2009</link> ).</caption>
<formatted-caption>
<caption-label>Figure</caption-label>
<caption-order>12</caption-order>
<caption-text>Jonah field comparison of surface tiltmeters and microseismic data indicating more complexity (after <link href="BIB18">Malone et al. 2009</link> ).</caption-text>
</formatted-caption>
</image-wrap>
<image-wrap id="102118179150MS-Img_SPi-12a">
<imageLink type="mediaResource" href="102118179150MS_i_12a.tif" id="ImgLink-12a" />
<figure-specific-caption>
<caption-order></caption-order>
<caption-text>surface tiltmeters</caption-text>
</figure-specific-caption>
</image-wrap>
<image-wrap id="102118179150MS-Img_SPi-12b">
<imageLink type="mediaResource" href="102118179150MS_i_12b.tif" id="ImgLink-12b" />
<figure-specific-caption>
<caption-order></caption-order>
<caption-text>microseismic data</caption-text>
</figure-specific-caption>
</image-wrap>
</linkTarget>
<linkTarget id="link-32" type="bib">
<bib id="BIB19">
<label>Malone et al., 2009</label>
<last-name>Malone</last-name>
<author>
<first-name>S.</first-name>
<last-name>Malone</last-name>
</author>, <last-name>Turner</last-name>, <author>
<first-name>M</first-name>
<last-name>Turner</last-name>
</author>, <last-name>Mayerhofer</last-name>, <author>
<first-name>M.</first-name>
<last-name>Mayerhofer</last-name>
</author> et al. <pubDate>2009</pubDate>. <article-title>Development of a Calibrated Fracture-Growth Model and Automated Staging Routine for the Jonah Field. Presented at the SPE Rocky Mountain Petroleum Technology Conference, Denver, Colorado, USA, 14–16 April </article-title>. SPE 116304-MS. http://dx.doi.org/10.2118/116304-MS.</bib>
</linkTarget>
</appendix>
</docFigure>
<docFigure pdf-page="12" figure-order="13" data-type-order="14">
<link href="link-13" type="image" />
<appendix>
<linkTarget id="link-13" type="image">
<anchoringText id="Ancr14">The deviated well was isolated with a packer and a downhole pressure gage so that the time of the fracture intersection could be determined by a sudden pressure increase. The fracture treatment was pumped using a linear gel at 20 bbl/min, with a total volume of 130 bbl pumped at the time intersection was observed. The microseismicity up to the time of intersection, as monitored from two observation wells, compared well with the known fracture wing length (the location of the intersection well) at that time, as shown in Fig. 13. The pressure data in the treatment well and the intersection well are shown in Fig. 14.</anchoringText>
<image-wrap id="102118179150MS-Img_SPi-13">
<label>Figure 13 </label>
<imageLink type="mediaResource" href="102118179150MS_i_13.tif" id="ImgLink-13" />
<caption>Comparison of microseismic length at time of intersection with offset well, M-Site (<link href="BIB21">Warpinski et al. 1997</link> ).</caption>
<formatted-caption>
<caption-label>Figure</caption-label>
<caption-order>13</caption-order>
<caption-text>Comparison of microseismic length at time of intersection with offset well, M-Site (<link href="BIB20">Warpinski et al. 1997</link> ).</caption-text>
</formatted-caption>
</image-wrap>
</linkTarget>
<linkTarget id="link-35" type="bib">
<bib id="BIB21">
<label>Warpinski et al., 1997</label>
<author>
<first-name> N. R</first-name>
<last-name>Warpinski</last-name>
</author>., <author>
<first-name>P. T</first-name>
<last-name>Branagan</last-name>
</author>.,<author>
<first-name> R. E</first-name>
<last-name>Peterson</last-name>
</author>. et al. <pubDate>1997</pubDate>.<article-title> Microseismic and Deformation Imaging of Hydraulic Fracture Growth and Geometry in the C Sand Interval, GRI/DOE M-Site Project</article-title>.<journal-title> Presented at the SPE Annual Technical Conference and Exhibition, San Antonio, Texas, USA</journal-title>, 5–8 October. SPE-38573-MS. http://dx.doi.org/ 10.2118/114173-MS.</bib>
</linkTarget>
</appendix>
</docFigure>
<docFigure pdf-page="12" figure-order="14" data-type-order="15">
<link href="link-14" type="image" />
<appendix>
<linkTarget id="link-14" type="image">
<anchoringText id="Ancr15">The deviated well was isolated with a packer and a downhole pressure gage so that the time of the fracture intersection could be determined by a sudden pressure increase. The fracture treatment was pumped using a linear gel at 20 bbl/min, with a total volume of 130 bbl pumped at the time intersection was observed. The microseismicity up to the time of intersection, as monitored from two observation wells, compared well with the known fracture wing length (the location of the intersection well) at that time, as shown in Fig. 13. The pressure data in the treatment well and the intersection well are shown in Fig. 14.</anchoringText>
<image-wrap id="102118179150MS-Img_SPi-14">
<label>Figure 14 </label>
<imageLink type="mediaResource" href="102118179150MS_i_14.tif" id="ImgLink-14" />
<caption>Treatment pressure and pressure in observation well during intersection injection (after <link href="BIB23">Branagan et al. 1997</link> ).</caption>
<formatted-caption>
<caption-label>Figure</caption-label>
<caption-order>14</caption-order>
<caption-text>Treatment pressure and pressure in observation well during intersection injection (after <link href="BIB22">Branagan et al. 1997</link> ).</caption-text>
</formatted-caption>
</image-wrap>
</linkTarget>
<linkTarget id="link-36" type="bib">
<bib id="BIB23">
<label>Branagan et al., 1997</label>
<author>
<first-name>P. T</first-name>
<last-name>Branagan</last-name>
</author>., <author>
<first-name>R. E.</first-name>
<last-name>Peterson</last-name>
</author>,<author>
<first-name> N. R.</first-name>
<last-name> Warpinski</last-name>
</author> et al. <pubDate>1997</pubDate>.<article-title> Propagation of a Hydraulic Fracture into a Remote Observation Wellbore: Results of C-Sand Experimentation at the GRI/DOE M-Site Project</article-title>.<journal-title> Presented at the SPE Annual Technical Conference and Exhibition, San Antonio, Texas, USA</journal-title>, 5–8 October. SPE-38574-MS. http:// dx.doi.org/10.2118/38574-MS.</bib>
</linkTarget>
</appendix>
</docFigure>
<docFigure pdf-page="15" figure-order="15" data-type-order="16">
<link href="link-15" type="image" />
<appendix>
<linkTarget id="link-15" type="image">
<anchoringText id="Ancr16">Fig. 15 shows a composite set of data for two small water-calibration treatments that were conducted to evaluate stress conditions and general fracture behavior. These injections were 100 and 210 bbl, respectively, and both were pumped at 10 bbl/min. Shown clockwise in the figure, from the top left are a side view of the microseismic data from the two injections (red and blue symbols), a plan view of the microseismic data, also showing the location of monitor wells, a microseismic depth histogram, the tiltmeter data, and the finite element model match of the data.</anchoringText>
<image-wrap id="102118179150MS-Img_SPi-15">
<label>Figure 15 </label>
<imageLink type="mediaResource" href="102118179150MS_i_15.tif" id="ImgLink-15" />
<caption>Composite calibration-fracture data for tiltmeter and microseismic height comparison from M-Site.</caption>
<formatted-caption>
<caption-label>Figure</caption-label>
<caption-order>15</caption-order>
<caption-text>Composite calibration-fracture data for tiltmeter and microseismic height comparison from M-Site.</caption-text>
</formatted-caption>
</image-wrap>
</linkTarget>
</appendix>
</docFigure>
<docFigure pdf-page="15" figure-order="16" data-type-order="17">
<link href="link-16" type="image" />
<appendix>
<linkTarget id="link-16" type="image">
<anchoringText id="Ancr17">A similar data set is shown in Fig. 16 for two identical minifracs that were conducted in the same interval several months later. The minifracs used 400 bbl of a 40-lbm linear gel pumped at 20 bbl/min. Again, the interpreted tiltmeter height agrees well with the microseismic data. It should be noted that there are a few microseismic outliers, but this is not unexpected because there (a) might be uncertainty in the microseismic locations, (b) might be stress effects above and below the actual fracture, or (c) might be isolated places where the fracture actually does have greater height but the tiltmeters only monitor the average height.</anchoringText>
<image-wrap id="102118179150MS-Img_SPi-16">
<label>Figure 16 </label>
<imageLink type="mediaResource" href="102118179150MS_i_16.tif" id="ImgLink-16" />
<caption>Composite minifrac data for tiltmeter and microseismic height comparison from M-Site.</caption>
<formatted-caption>
<caption-label>Figure</caption-label>
<caption-order>16</caption-order>
<caption-text>Composite minifrac data for tiltmeter and microseismic height comparison from M-Site.</caption-text>
</formatted-caption>
</image-wrap>
</linkTarget>
</appendix>
</docFigure>
<docFigure pdf-page="16" figure-order="17" data-type-order="18">
<link href="link-17" type="image" />
<appendix>
<linkTarget id="link-17" type="image">
<anchoringText id="Ancr18">The Mounds drill cuttings injection experiment, discussed previously, was an interesting validation test of microseismic fracture height. It consisted of the microseismic data, downhole tiltmeter data, RA tracers, and, most importantly, cored wells to detect the fractures. Fig. 17 shows a composite side view of the various data (Moschovidis et al. 2000).</anchoringText>
<image-wrap id="102118179150MS-Img_SPi-17">
<label>Figure 17 </label>
<imageLink type="mediaResource" href="102118179150MS_i_17.tif" id="ImgLink-17" />
<caption>Side view of the Mounds drill cuttings injection test composite data set showing fracture height data.</caption>
<formatted-caption>
<caption-label>Figure</caption-label>
<caption-order>17</caption-order>
<caption-text>Side view of the Mounds drill cuttings injection test composite data set showing fracture height data.</caption-text>
</formatted-caption>
</image-wrap>
</linkTarget>
</appendix>
</docFigure>
<docFigure pdf-page="17" figure-order="18" data-type-order="19">
<link href="link-18" type="image" />
<appendix>
<linkTarget id="link-18" type="image">
<anchoringText id="Ancr19">Fracture complexity here refers to fracture planes at multiple orientations that are dilating and accepting fluid, as opposed to the planar complexity observed in cored fractures (Figs. 2 and 4). Fig. 18 shows an illustration of various forms of complexity (Warpinski et al. 2009); the lower two cases would be considered complex if the orthogonal fractures dilate. Complexity is a difficult trait to assess because of the potential to be artificially created or obscured by uncertainty in the microseismic measurements. Such complexity was already discussed relative to azimuth (Table 1) measurements in Australia (Johnson et al. 2010) and at Jonah field (Wolhart et al. 2006; Malone et al. 2009).</anchoringText>
<image-wrap id="102118179150MS-Img_SPi-18">
<label>Figure 18 </label>
<imageLink type="mediaResource" href="102118179150MS_i_18.tif" id="ImgLink-18" />
<caption>Envisioned levels of complexity (after <link href="BIB25">Warpinski et al. 2009</link> ).</caption>
<formatted-caption>
<caption-label>Figure</caption-label>
<caption-order>18</caption-order>
<caption-text>Envisioned levels of complexity (after <link href="BIB24">Warpinski et al. 2009</link> ).</caption-text>
</formatted-caption>
</image-wrap>
</linkTarget>
<linkTarget id="link-37" type="bib">
<bib id="BIB25">
<label>Warpinski et al., 2009</label>
<last-name>Warpinski</last-name>
<author>
<first-name>N. R.</first-name>
<last-name>Warpinski</last-name>
</author>, <last-name>Mayerhofer</last-name>, <author>
<first-name>M. J.</first-name>
<last-name>Mayerhofer</last-name>
</author>, <last-name>Vincent</last-name>, <author>
<first-name>M. C.</first-name>
<last-name>Vincent</last-name>
</author> et al. <pubDate>2009</pubDate>. <article-title>Simulating Unconventional Reservoirs: Maximizing Network Growth While Optimizing Fracture Conductivity. Journal of Canadian Petroleum Technology. 48 (10): 39–51 </article-title>. SPE-114173-PA. http://dx.doi.org/10.2118/14173-PA.</bib>
</linkTarget>
</appendix>
</docFigure>
<docFigure pdf-page="18" figure-order="19" data-type-order="20">
<link href="link-19" type="image" />
<appendix>
<linkTarget id="link-19" type="image">
<anchoringText id="Ancr20">As shown in the summary overview of the data from one well in Fig. 19, the microseismic results had a width distribution of approximately 1,000 ft, suggesting the interaction and possible opening of multiple planes. The tiltmeter data (box at lower right and shown schematically by the green rectangle) confirmed that at least as much volume was in the azimuth orthogonal (NW) to the principal fracture plane (NE) as was in that plane, thus validating that orthogonal fractures were opening and not just reflecting some shear process caused by stresses.</anchoringText>
<image-wrap id="102118179150MS-Img_SPi-19">
<label>Figure 19 </label>
<imageLink type="mediaResource" href="102118179150MS_i_19.tif" id="ImgLink-19" />
<caption>Summary slide of Barnett slickwater fracturing results for microseismic, tilt, and offset wells (after <link href="BIB27">Fisher et al. 2002</link> ).</caption>
<formatted-caption>
<caption-label>Figure</caption-label>
<caption-order>19</caption-order>
<caption-text>Summary slide of Barnett slickwater fracturing results for microseismic, tilt, and offset wells (after <link href="BIB26">Fisher et al. 2002</link> ).</caption-text>
</formatted-caption>
</image-wrap>
</linkTarget>
<linkTarget id="link-38" type="bib">
<bib id="BIB27">
<label>Fisher et al., 2002</label>
<last-name>Fisher</last-name>
<author>
<first-name>M. K.</first-name>
<last-name>Fisher</last-name>
</author>, <last-name>Davidson</last-name>, <author>
<first-name>B. M.</first-name>
<last-name>Davidson</last-name>
</author>, <last-name>Goodwin</last-name>, <author>
<first-name>A. K.</first-name>
<last-name>Goodwin</last-name>
</author> et al. <pubDate>2002</pubDate>. <article-title>Integrating Fracture Mapping Technologies to Optimize Stimulations in the Barnett Shale. Presented at the SPE Annual Technical Conference and Exhibition, San Antonio, Texas, USA, 29 September-2 October </article-title>. SPE-77441-MS. http://dx.doi.org/10.2118/77441-MS.</bib>
</linkTarget>
</appendix>
</docFigure>
<docFigure pdf-page="19" figure-order="20" data-type-order="21">
<link href="link-20" type="image" />
<appendix>
<linkTarget id="link-20" type="image">
<anchoringText id="Ancr21">Fig. 20 shows a comparison of the data, with the microseisms shown as diamonds and the surface tiltmeter results shown as grid- block features. The analysis (Astakhov et al. 2012) breaks the reservoir layer into grid blocks and inverts the surface tilt response to determine the best fit of the fracturing behavior in all of the reservoir blocks. In this example, the magenta-colored grid blocks show horizontal fractures, the cyan grid blocks show vertical fractures (with the azimuth indicated by the darker lines), and the mixed color blocks have both horizontal and vertical components.</anchoringText>
<image-wrap id="102118179150MS-Img_SPi-20">
<label>Figure 20 </label>
<imageLink type="mediaResource" href="102118179150MS_i_20.tif" id="ImgLink-20" />
<caption>Comparison of microseismic data and inverted tiltmeter response in the Eagle Ford (after <link href="BIB29">Walser and Rodarmel 2012</link> ).</caption>
<formatted-caption>
<caption-label>Figure</caption-label>
<caption-order>20</caption-order>
<caption-text>Comparison of microseismic data and inverted tiltmeter response in the Eagle Ford (after <link href="BIB28">Walser and Rodarmel 2012</link> ).</caption-text>
</formatted-caption>
</image-wrap>
</linkTarget>
<linkTarget id="link-39" type="bib">
<bib id="BIB29">
<label>Walser et al., 2012</label>
<last-name>Walser</last-name>
<author>
<first-name>D. W.</first-name>
<last-name>Walser</last-name>
</author> and <last-name>Roadarmel</last-name>, <author>
<first-name>W. H.</first-name>
<last-name>Roadarmel</last-name>
</author>
<pubDate>2012</pubDate>. <article-title>Integrating Microseismic with Surface Microdeformation Monitoring to Characterize Induced Fractures in the Immature Eagle Ford Shale. Presented at the 46th U. S. Rock Mechanics/ Geomechanics Symposium, Chicago, Illinois, USA, 24–27 June </article-title>. <journal-title>ARMA </journal-title>
<pages>
<first-page>12</first-page>
<last-page>594</last-page>
</pages>.</bib>
</linkTarget>
</appendix>
</docFigure>
<docFigure pdf-page="24" figure-order="21" data-type-order="22">
<link href="link-21" type="image" />
<appendix>
<linkTarget id="link-21" type="image">
<anchoringText id="Ancr22">Several published cases either present or note that other measurements, such as seismic, well control, or wellbore data, have shown that faults were present in the reservoir and coincided with the microseis-micity (Maxwell et al. 2008, 2011; Walser and Roadarmel 2012). Probably the best validation is provided by Maxwell et al. (2008), where the seismic data presented as ant tracks and a section view are well-correlated with large magnitude microseismic events, as shown in Fig. 21.</anchoringText>
<image-wrap id="102118179150MS-Img_SPi-21">
<label>Figure 21 </label>
<imageLink type="mediaResource" href="102118179150MS_i_21.tif" id="ImgLink-21" />
<caption>Ant tracks and a seismic section with ant tracks of microseismicity associated with faults (after <link href="BIB31">Maxwell et al. 2008</link> ).</caption>
<formatted-caption>
<caption-label>Figure</caption-label>
<caption-order>21</caption-order>
<caption-text>Ant tracks and a seismic section with ant tracks of microseismicity associated with faults (after <link href="BIB30">Maxwell et al. 2008</link> ).</caption-text>
</formatted-caption>
</image-wrap>
</linkTarget>
<linkTarget id="link-40" type="bib">
<bib id="BIB31">
<label>Maxwell et al., 2008</label>
<author>
<first-name> S. C.</first-name>
<last-name>Maxwell</last-name>
</author>,<author>
<first-name> J</first-name>
<last-name> Shemeta</last-name>,.</author>,<author>
<first-name> E</first-name>
<last-name> Campbell</last-name>
</author>. et al. <pubDate>2008</pubDate>. <article-title>Microseismic Deformation Rate Monitoring.</article-title>
<journal-title> Presented at the SPE Annual Technical Conference and Exhibition, Denver, Colorado, USA</journal-title>, 21–24 September. SPE-116596-MS. http:// dx.doi.org/10.2118/116596-MS.</bib>
</linkTarget>
</appendix>
</docFigure>
<docFigure pdf-page="25" figure-order="22" data-type-order="23">
<link href="link-22" type="image" />
<appendix>
<linkTarget id="link-22" type="image">
<anchoringText id="Ancr23">Kratz et al. (2015) provide an example using surface microseismic, where a fault was identified by an extended linear feature having a different source mechanism from the bulk of the fracturing microseis- micity, as shown in Fig. 22. Using a MTI approach, they found strike-slip motion on the linear feature, as opposed to dip-slip motion throughout most of the stages.</anchoringText>
<image-wrap id="102118179150MS-Img_SPi-22">
<label>Figure 22 </label>
<imageLink type="mediaResource" href="102118179150MS_i_22.tif" id="ImgLink-22" />
<caption>Fault identified by mechanism and direction/distance (after <link href="BIB33">Kratz et al. 2015</link> ).</caption>
<formatted-caption>
<caption-label>Figure</caption-label>
<caption-order>22</caption-order>
<caption-text>Fault identified by mechanism and direction/distance (after <link href="BIB32">Kratz et al. 2015</link> ).</caption-text>
</formatted-caption>
</image-wrap>
</linkTarget>
<linkTarget id="link-41" type="bib">
<bib id="BIB33">
<label>Kratz et al., 2015</label>
<last-name>Kratz</last-name>
<author>
<first-name>M.</first-name>
<last-name>Kratz</last-name>
</author>, <last-name>Teran</last-name>, <author>
<first-name>O.</first-name>
<last-name>Teran</last-name>
</author>, and <last-name>Thornton</last-name>, <author>
<first-name>M.</first-name>
<last-name>Thornton</last-name>
</author>
<pubDate>2015</pubDate>. <article-title>Use of Automatic Moment Tensor Inversion in Real Time Microseismic Imaging. Presented at the Unconventional Resources Technology Conference, San Antonio, Texas, USA, 20–22 July </article-title>. <journal-title>URTeC </journal-title>
<volume>2149949</volume>.</bib>
</linkTarget>
</appendix>
</docFigure>
</docFigureList>
</docTables>