<?xml version="1.0" encoding="utf-8"?>
<docTables>
<docMetaData inputFile="102118176701MS.txt" extractionDate="2021-03-20T17:52:13Z">
<doi>10.2118/176701-MS</doi>
<pii>10.2118/176701-MS</pii>
<publisher>SPE_Society_of_Petroleum_Engineers</publisher>
</docMetaData>
<docFigureList>
<docFigure composite="true" composite-count="2" pdf-page="2" figure-order="1" data-type-order="1">
<link href="link-1" type="image" />
<appendix>
<linkTarget id="link-1" type="image">
<anchoringText id="Ancr3">There exist maximum and minimal stresses, which are oriented perpendicular to each other. With maximum stress vectors far exceeding minimum stress vectors hydraulic fractures are formed along the maximum stress vectors (angle α up to 5°) and, accordingly, perpendicular to the least principal stress (Fig. 1a). If stress values are approximately the same, hydraulic fractures will extend at α angle of 45 degrees (Fig. 1b) (Abass et al., 1996; Daneshy, 2013; El Rabaa, 1998, Fritz et al., 1991; Soliman et al., 1990).</anchoringText>
<image-wrap id="102118176701MS-Img_SPi-1">
<label>Figure 1 </label>
<imageLink type="mediaResource" href="102118176701MS_i_1.tif" id="ImgLink-1" />
<caption>Hydraulic fracture orientation: a) at <i>σ</i>
<sub>max</sub> &#x003E;&#x003E; <i>σ</i>
<sub>min</sub>, b) at <i>σ</i>
<sub>max</sub> ≈ <i>σ</i>
<sub>min</sub>
</caption>
<formatted-caption>
<caption-label>Figure</caption-label>
<caption-order>1</caption-order>
<caption-text>Hydraulic fracture orientation: a) at σ<sub>max</sub> &#x003E;&#x003E; σ<sub>min</sub>, b) at σ<sub>max</sub> ≈ σ<sub>min</sub></caption-text>
</formatted-caption>
</image-wrap>
<image-wrap id="102118176701MS-Img_SPi-1a">
<imageLink type="mediaResource" href="102118176701MS_i_1a.tif" id="ImgLink-1a" />
<figure-specific-caption>
<caption-order>a</caption-order>
<caption-text>at σ<sub>max</sub> &#x003E;&#x003E; σ<sub>min</sub></caption-text>
</figure-specific-caption>
</image-wrap>
<image-wrap id="102118176701MS-Img_SPi-1b">
<imageLink type="mediaResource" href="102118176701MS_i_1b.tif" id="ImgLink-1b" />
<figure-specific-caption>
<caption-order>b</caption-order>
<caption-text>at σ<sub>max</sub> ≈ σ<sub>min</sub></caption-text>
</figure-specific-caption>
</image-wrap>
</linkTarget>
</appendix>
</docFigure>
<docFigure composite="true" composite-count="2" pdf-page="3" figure-order="2" data-type-order="3">
<link href="link-2" type="image" />
<appendix>
<linkTarget id="link-2" type="image">
<anchoringText id="Ancr4">Wellbore orientation relative to maximum in-situ stress vector was such that multiple hydraulically induced fractures initiated at β angle between 0° and 90° for both simulation cases (Fig. 2). Moreover, in presence of natural fractures the displacement front propagates along the fractures; consequently, orientation of induced fractures with respect to natural fracture direction which may not coincide with maximum in-situ stress vector becomes more important (Fig. 2b).</anchoringText>
<image-wrap id="102118176701MS-Img_SPi-2">
<label>Figure 2 </label>
<imageLink type="mediaResource" href="102118176701MS_i_2.tif" id="ImgLink-2" />
<caption>Orientation of multiple hydraulic fractures with respect to displacement front: a) porous reservoir, b) naturally fractured reservoir</caption>
<formatted-caption>
<caption-label>Figure</caption-label>
<caption-order>2</caption-order>
<caption-text>Orientation of multiple hydraulic fractures with respect to displacement front: a) porous reservoir, b) naturally fractured reservoir</caption-text>
</formatted-caption>
</image-wrap>
<image-wrap id="102118176701MS-Img_SPi-2a">
<imageLink type="mediaResource" href="102118176701MS_i_2a.tif" id="ImgLink-2a" />
<figure-specific-caption>
<caption-order>a</caption-order>
<caption-text>porous reservoir</caption-text>
</figure-specific-caption>
</image-wrap>
<image-wrap id="102118176701MS-Img_SPi-2b">
<imageLink type="mediaResource" href="102118176701MS_i_2b.tif" id="ImgLink-2b" />
<figure-specific-caption>
<caption-order>b</caption-order>
<caption-text>naturally fractured reservoir</caption-text>
</figure-specific-caption>
</image-wrap>
</linkTarget>
</appendix>
</docFigure>
<docFigure pdf-page="4" figure-order="3" data-type-order="4">
<link href="link-3" type="image" />
<appendix>
<linkTarget id="link-3" type="image">
<anchoringText id="Ancr5">According to simulation studies, in absence of natural fractures the displacement front moves uniformly along each layer of a porous reservoir upon achieving hydraulic fractures. If these fractures propagate along the horizontal wellbore (β = 0°); i.e., maximum in-situ stress vector is parallel to the horizontal wellbore, oil and water production, oil recovery and the rate of water cut increase are the lowest (Fig. 3), which is attributable to unfavorable reservoir sweep efficiency and longer displacement front propagation path.</anchoringText>
<image-wrap id="102118176701MS-Img_SPi-3">
<label>Figure 3 </label>
<imageLink type="mediaResource" href="102118176701MS_i_3.tif" id="ImgLink-3" />
<caption>Comparison of oil, water production and initial oil production rates for different <i>β</i> angles in a porous reservoir</caption>
<formatted-caption>
<caption-label>Figure</caption-label>
<caption-order>3</caption-order>
<caption-text>Comparison of oil, water production and initial oil production rates for different β angles in a porous reservoir</caption-text>
</formatted-caption>
</image-wrap>
</linkTarget>
</appendix>
</docFigure>
<docFigure pdf-page="5" figure-order="4" data-type-order="5">
<link href="link-4" type="image" />
<appendix>
<linkTarget id="link-4" type="image">
<anchoringText id="Ancr6">In presence of natural fractures the displacement front moves along the fractures, in which case the matrix exhibits good imbibition capacity only in case of water-wet reservoir. Similar simulation studies were performed for a fractured reservoir. If multiple hydraulic fractures are initiated at β = 0°, which means that maximum in-situ stress vector is parallel to the predominant natural fracture direction; oil and water production, oil recovery and water cut increase rates are the lowest (Fig. 4), and they are the highest at β = 90°.</anchoringText>
<image-wrap id="102118176701MS-Img_SPi-4">
<label>Figure 4 </label>
<imageLink type="mediaResource" href="102118176701MS_i_4.tif" id="ImgLink-4" />
<caption>Comparison of oil, water production and initial oil production rate for different <i>β</i> angles in a fractured reservoir</caption>
<formatted-caption>
<caption-label>Figure</caption-label>
<caption-order>4</caption-order>
<caption-text>Comparison of oil, water production and initial oil production rate for different β angles in a fractured reservoir</caption-text>
</formatted-caption>
</image-wrap>
</linkTarget>
</appendix>
</docFigure>
<docFigure pdf-page="6" figure-order="5" data-type-order="6">
<link href="link-5" type="image" />
<appendix>
<linkTarget id="link-5" type="image">
<anchoringText id="Ancr7">At the end of March 2015, Well 2917G was drilled into the Domanic pool of the Bavlinskoye field composed of a layered low-permeability reservoir. This horizontal well intersected the thickest part of the target reservoir in the purely oil-saturated zone (Fig. 5). Once the drilling was completed, four-stage hydraulic fracturing was performed. As seen in Fig. 6, hydraulic fractures propagated at 30–60 degree angles relative to horizontal wellbore. The treatment was a success and it enabled to involve into development significant volume of reserves.</anchoringText>
<image-wrap id="102118176701MS-Img_SPi-5">
<label>Figure 5 </label>
<imageLink type="mediaResource" href="102118176701MS_i_5.tif" id="ImgLink-5" />
<caption>Chart extract from structural map of the Domanic pool in the Bavlinskoye field</caption>
<formatted-caption>
<caption-label>Figure</caption-label>
<caption-order>5</caption-order>
<caption-text>Chart extract from structural map of the Domanic pool in the Bavlinskoye field</caption-text>
</formatted-caption>
</image-wrap>
</linkTarget>
</appendix>
</docFigure>
<docFigure pdf-page="6" figure-order="6" data-type-order="7">
<link href="link-6" type="image" />
<appendix>
<linkTarget id="link-6" type="image">
<anchoringText id="Ancr8">At the end of March 2015, Well 2917G was drilled into the Domanic pool of the Bavlinskoye field composed of a layered low-permeability reservoir. This horizontal well intersected the thickest part of the target reservoir in the purely oil-saturated zone (Fig. 5). Once the drilling was completed, four-stage hydraulic fracturing was performed. As seen in Fig. 6, hydraulic fractures propagated at 30–60 degree angles relative to horizontal wellbore. The treatment was a success and it enabled to involve into development significant volume of reserves.</anchoringText>
<image-wrap id="102118176701MS-Img_SPi-6">
<label>Figure 6 </label>
<imageLink type="mediaResource" href="102118176701MS_i_6.tif" id="ImgLink-6" />
<caption>Summary of microseismic events showing multiple hydraulic fractures distribution in-situ (Well 2917G)</caption>
<formatted-caption>
<caption-label>Figure</caption-label>
<caption-order>6</caption-order>
<caption-text>Summary of microseismic events showing multiple hydraulic fractures distribution in-situ (Well 2917G)</caption-text>
</formatted-caption>
</image-wrap>
</linkTarget>
</appendix>
</docFigure>
<docFigure pdf-page="7" figure-order="7" data-type-order="9">
<link href="link-7" type="image" />
<appendix>
<linkTarget id="link-7" type="image">
<anchoringText id="Ancr9">Hydraulic fracturing is performed in the main wellbore, and the fracture created by such treatment is in the vertical plane. Then a horizontal sidetrack is drilled in the direction of the thickest oil-saturated reservoir portion, and production string is run in hole until the distance C from the main fracture plane is within the range 100–300 m (Fig. 7). According to simulation studies, the C distance of less than 100 m causes rapid water cut increase, while C distance of more than 300 m impedes adequate reservoir pressure maintenance. Oil recovery decreases in both cases.</anchoringText>
<image-wrap id="102118176701MS-Img_SPi-7">
<label>Figure 7 </label>
<imageLink type="mediaResource" href="102118176701MS_i_7.tif" id="ImgLink-7" />
<caption>Layout of horizontal sidetrack with multistage fractures</caption>
<formatted-caption>
<caption-label>Figure</caption-label>
<caption-order>7</caption-order>
<caption-text>Layout of horizontal sidetrack with multistage fractures</caption-text>
</formatted-caption>
</image-wrap>
</linkTarget>
</appendix>
</docFigure>
<docFigure pdf-page="8" figure-order="8" data-type-order="10">
<link href="link-8" type="image" />
<appendix>
<linkTarget id="link-8" type="image">
<anchoringText id="Ancr10">Unlike existing technologies the proposed method provides for drilling of at least one well in reservoirs with permeabilities up to 2 mD. The first horizontal well is drilled such that angle</anchoringText>
<image-wrap id="102118176701MS-Img_SPi-8">
<label>Figure 8 </label>
<imageLink type="mediaResource" href="102118176701MS_i_8.tif" id="ImgLink-8" />
<caption>Layout of horizontal production and injection wells with multiple fractures</caption>
<formatted-caption>
<caption-label>Figure</caption-label>
<caption-order>8</caption-order>
<caption-text>Layout of horizontal production and injection wells with multiple fractures</caption-text>
</formatted-caption>
</image-wrap>
</linkTarget>
</appendix>
</docFigure>
<docFigure pdf-page="10" figure-order="9" data-type-order="11">
<link href="link-9" type="image" />
<appendix>
<linkTarget id="link-9" type="image">
<anchoringText id="Ancr11">Unlike the existing technologies, the proposed method provides for drilling of a horizontal well with a horizontal length of at least 200 m in the direction coinciding with a bisector of a smaller angle between natural fractures direction and maximum principal stress direction (Fig. 9). Simulations of multistage fracturing showed that for various geological and physical reservoir characteristics horizontal wellbore placement within the smaller angle between natural and hydraulically induced fractures increases well operation time to 100% water cut due to the longest water flow pathway through fractures.</anchoringText>
<image-wrap id="102118176701MS-Img_SPi-9">
<label>Figure 9 </label>
<imageLink type="mediaResource" href="102118176701MS_i_9.tif" id="ImgLink-9" />
<caption>Orientation of the horizontal well with multiple hydraulic fractures relative to natural fractures</caption>
<formatted-caption>
<caption-label>Figure</caption-label>
<caption-order>9</caption-order>
<caption-text>Orientation of the horizontal well with multiple hydraulic fractures relative to natural fractures</caption-text>
</formatted-caption>
</image-wrap>
</linkTarget>
</appendix>
</docFigure>
<docFigure pdf-page="11" figure-order="10" data-type-order="12">
<link href="link-10" type="image" />
<appendix>
<linkTarget id="link-10" type="image">
<anchoringText id="Ancr12">Based on these data a liner 8 with slots 9 positioned in oil-saturated intervals 3, 4, 5, 6 of formation 1 is designed and run into the openhole horizontal section (Fig. 10). The liner 8 is equipped with water-swellable packers 10 (for example, TAM packers), which are positioned in non-reservoir section 7 and also in intervals exhibiting permeability changes (increase or decrease). During multistage fracturing in one of the intervals it is also shut off using water-swellable packers.</anchoringText>
<image-wrap id="102118176701MS-Img_SPi-10">
<label>Figure 10 </label>
<imageLink type="mediaResource" href="102118176701MS_i_10.tif" id="ImgLink-10" />
<caption>Reservoir section with horizontal well and multiple hydraulic fractures</caption>
<formatted-caption>
<caption-label>Figure</caption-label>
<caption-order>10</caption-order>
<caption-text>Reservoir section with horizontal well and multiple hydraulic fractures</caption-text>
</formatted-caption>
</image-wrap>
</linkTarget>
</appendix>
</docFigure>
</docFigureList>
</docTables>