<?xml version="1.0" encoding="utf-8"?>
<docTables>
<docMetaData inputFile="102118178083MS.txt" extractionDate="2021-03-20T10:51:04Z">
<doi>10.2118/178083-MS</doi>
<pii>10.2118/178083-MS</pii>
<publisher>SPE_Society_of_Petroleum_Engineers</publisher>
</docMetaData>
<docTableList>
<docTable pdf-page="2" table-order="1" data-type-order="1">
<table-wrap id="102118178083MS-tblwrp-1" content-type="structured">
<anchoringText id="Ancr1">The brief details of the reservoir and fluid properties are given in Table-1. The initial reservoir pressure of 241 kg/cm2 has declined to 100 –114 kg/cm2. Average thickness of the K-XII pay is around 4.6 meters. Average porosity is 16 –20 % and permeability varies from 20 mD to 700 mD.The gravity of the oil is 41°API with a viscosity variation ranging from 0.38 –1.87 cP at reservoir conditions. The nature of the crude is acidic with an acid number 0.10 mg of KOH/gm of crude oil.</anchoringText>
<label>Table 1</label>
<caption>Reservoir and Fluid Properties</caption>
<formatted-caption>
<caption-label>Table</caption-label>
<caption-order>1</caption-order>
<caption-text>Reservoir and Fluid Properties</caption-text>
</formatted-caption>
<table id="102118178083MS-Tbl_SPi-1" frame="hsides">
<thead>
<tr>
<th colspan="2" valign="top" align="center">RESERVOIR</th>
</tr>
</thead>
<tbody>
<tr>
<td valign="top" align="left">Lithology</td>
<td valign="top" align="center">Sandstone</td>
</tr>
<tr>
<td valign="top" align="left">Avg. Depth, m</td>
<td valign="top" align="center">1470 (MSL)</td>
</tr>
<tr>
<td valign="top" align="left">Avg. Pay thickness, m</td>
<td valign="top" align="center">4.6</td>
</tr>
<tr>
<td valign="top" align="left">Temperature, °C</td>
<td valign="top" align="center">82</td>
</tr>
<tr>
<td valign="top" align="left">Porosity, %</td>
<td valign="top" align="center">16-20</td>
</tr>
<tr>
<td valign="top" align="left">Permeability Range, Darcy</td>
<td valign="top" align="center">20-700</td>
</tr>
<tr>
<td valign="top" align="left">Initial Reservoir Pressure, Kg/cm<sup>2</sup>
</td>
<td valign="top" align="center">241</td>
</tr>
<tr>
<td valign="top" align="left">Current Reservoir Pressure, Kg/cm<sup>2</sup>
</td>
<td valign="top" align="center">100-114</td>
</tr>
<tr>
<td valign="top" align="left">Drive Mechanism</td>
<td valign="top" align="center">Depletion drive</td>
</tr>
<tr>
<td valign="top" align="left">
</td>
<td valign="top" align="center">OIL</td>
</tr>
<tr>
<td colspan="2" valign="top" align="center">
<b>OIL</b>
</td>
</tr>
<tr>
<td valign="top" align="left"> Oil viscosity at reservoir temperature, cP</td>
<td valign="top" align="center"> 0.38 – 1.87</td>
</tr>
<tr>
<td valign="top" align="left">Oil Gravity, °API</td>
<td valign="top" align="center">41</td>
</tr>
<tr>
<td valign="top" align="left">Acid Number, mg KOH/gm of oil</td>
<td valign="top" align="center">0.1</td>
</tr>
<tr>
<td valign="top" align="left">Ashphaltene, %</td>
<td valign="top" align="center">0.05</td>
</tr>
<tr>
<td valign="top" align="left">Wax, %</td>
<td valign="top" align="center">11.5</td>
</tr>
<tr>
<td colspan="2" valign="top" align="center">
<b>TUBEWELL WATER</b>
</td>
</tr>
<tr>
<td valign="top" align="left">pH</td>
<td valign="top" align="center">7.97</td>
</tr>
<tr>
<td valign="top" align="left">Bicarbonate, mg/L</td>
<td valign="top" align="center">549</td>
</tr>
<tr>
<td valign="top" align="left">Chloride, mg/L</td>
<td valign="top" align="center">568</td>
</tr>
<tr>
<td valign="top" align="left">Sulphate, mg/L</td>
<td valign="top" align="center">50</td>
</tr>
<tr>
<td valign="top" align="left">Calcium, mg/L</td>
<td valign="top" align="center">100</td>
</tr>
<tr>
<td valign="top" align="left">Magnesium, mg/L</td>
<td valign="top" align="center">41</td>
</tr>
<tr>
<td valign="top" align="left">Sodium, mg/L</td>
<td valign="top" align="center">407</td>
</tr>
<tr>
<td valign="top" align="left">Salinity as NaCl, mg/L</td>
<td valign="top" align="center">936</td>
</tr>
</tbody>
</table>
</table-wrap>
<appendix />
</docTable>
<docTable pdf-page="4" table-order="2" data-type-order="3">
<table-wrap id="102118178083MS-tblwrp-2" content-type="structured">
<anchoringText id="Ancr2">For the ASP pilot test, the fluid injection sequence was: 1. ASP Slug, 2. Mobility Buffer, 3. Chase water. The injection schedule prepared is given in Table-2. This schedule is subject to review based on the pilot response.The details of the fluid injection schedule is discussed below:</anchoringText>
<label>Table 2</label>
<caption>Injection Schedule</caption>
<formatted-caption>
<caption-label>Table</caption-label>
<caption-order>2</caption-order>
<caption-text>Injection Schedule</caption-text>
</formatted-caption>
<table id="102118178083MS-Tbl_SPi-3" frame="hsides">
<thead>
<tr>
<th valign="top" align="center">
<a id="bookmark1">
</a>
<a>
</a>
<a>
</a>
<a>
</a>
<a>
</a>
<a>
</a>INJECTION FLUID</th>
<th valign="top" align="center">INJECTION (PV)</th>
<th valign="top" align="center">TIME (DAYS)</th>
<th valign="top" align="center">INJ RATE (M3/D)</th>
<th valign="top" align="center">INJECTION VOLUME(M<sup>
<sup>3</sup>
</sup>)</th>
</tr>
</thead>
<tbody>
<tr>
<td valign="top" align="left">ASP Slug</td>
<td valign="top" align="center">0.30</td>
<td valign="top" align="center">411</td>
<td valign="top" align="center">100</td>
<td valign="top" align="center">41142</td>
</tr>
<tr>
<td valign="top" align="left">Mobility Buffer (Polymer-300 ppm)</td>
<td valign="top" align="center">0.20</td>
<td valign="top" align="center">274</td>
<td valign="top" align="center">100</td>
<td valign="top" align="center">27428</td>
</tr>
<tr>
<td valign="top" align="left">Chase Water</td>
<td valign="top" align="center">0.50</td>
<td valign="top" align="center">685</td>
<td valign="top" align="center">100</td>
<td valign="top" align="center">68570</td>
</tr>
<tr>
<td valign="top" align="left">Total</td>
<td valign="top" align="center">1.0</td>
<td valign="top" align="center">1371</td>
<td valign="top" align="center">100</td>
<td valign="top" align="center">137140</td>
</tr>
</tbody>
</table>
</table-wrap>
<appendix />
</docTable>
<docTable pdf-page="4" table-order="3" data-type-order="4">
<table-wrap id="102118178083MS-tblwrp-3" content-type="structured">
<anchoringText id="Ancr3">Injection Fluid Quality The parameters of the injection fluid quality like concentration of Alkali, Surfactant and Polymer in ASP slug and concentration of polymer in mobility buffer, turbidity, pH, salinity, iron content etc. are selected for monitoring the injection fluid quality. The details are given in Table-3.</anchoringText>
<label>Table 3</label>
<caption>Monitoring Parameters</caption>
<formatted-caption>
<caption-label>Table</caption-label>
<caption-order>3</caption-order>
<caption-text>Monitoring Parameters</caption-text>
</formatted-caption>
<table id="102118178083MS-Tbl_SPi-4" frame="hsides">
<thead>
<tr>
<th valign="top" align="center">PARAMETERS</th>
<th valign="top" align="center">ASP SLUG</th>
<th valign="top" align="center">MOBILITY BUFFER</th>
<th valign="top" align="center">CHASE WATER</th>
</tr>
</thead>
<tbody>
<tr>
<td valign="top" align="left">Concentration</td>
<td valign="top" align="center">3.0 ± 0.1</td>
<td valign="top" align="center">300 ± 25</td>
<td valign="top" align="center">
</td>
</tr>
<tr>
<td valign="top" align="left">Alkali(Wt.%)</td>
<td valign="top" align="center">2000 ± 100</td>
<td valign="top" align="center">
</td>
<td valign="top" align="center">
</td>
</tr>
<tr>
<td valign="top" align="left">Surfactant (ppm)</td>
<td valign="top" align="center">300 ± 25</td>
<td valign="top" align="center">
</td>
<td valign="top" align="center">
</td>
</tr>
<tr>
<td valign="top" align="left">Polymer(ppm)</td>
<td valign="top" align="center">
</td>
<td valign="top" align="center">
</td>
<td valign="top" align="center">
</td>
</tr>
<tr>
<td valign="top" align="left">Turbidity, NTU</td>
<td valign="top" align="center">&#x003C;10</td>
<td valign="top" align="center">&#x003C;10</td>
<td valign="top" align="center">&#x003C;2.0</td>
</tr>
<tr>
<td valign="top" align="left">Dissolved Oxygen, ppm</td>
<td valign="top" align="center">0-1</td>
<td valign="top" align="center">0-1</td>
<td valign="top" align="center">0-1</td>
</tr>
<tr>
<td valign="top" align="left">Iron, ppm</td>
<td valign="top" align="center">0-0.1</td>
<td valign="top" align="center">0-0.1</td>
<td valign="top" align="center">0-0.1</td>
</tr>
<tr>
<td valign="top" align="left">Salinity, gm/L</td>
<td valign="top" align="center">2800-3200</td>
<td valign="top" align="center">1000-1500</td>
<td valign="top" align="center">1000-1500</td>
</tr>
<tr>
<td valign="top" align="left">pH</td>
<td valign="top" align="center">10.5-12.0</td>
<td valign="top" align="center">8-9.5</td>
<td valign="top" align="center">7.5-9</td>
</tr>
</tbody>
</table>
</table-wrap>
<appendix />
</docTable>
</docTableList>
</docTables>