<?xml version="1.0" encoding="utf-8"?>
<docTables>
<docMetaData inputFile="102118176984MS.txt" extractionDate="2021-03-22T13:04:38Z">
<doi>10.2118/176984-MS</doi>
<pii>10.2118/176984-MS</pii>
<publisher>SPE_Society_of_Petroleum_Engineers</publisher>
</docMetaData>
<docFigureList>
<docFigure pdf-page="2" figure-order="1" data-type-order="1">
<link href="link-1" type="image" />
<appendix>
<linkTarget id="link-1" type="image">
<anchoringText id="Ancr4"> </anchoringText>
<image-wrap id="102118176984MS-Img_SPi-1">
<label>Figure 1 </label>
<imageLink type="mediaResource" href="102118176984MS_i_1.tif" id="ImgLink-1" />
<caption>Representation of the different formation depths in the Mid-Continent region</caption>
<formatted-caption>
<caption-label>Figure</caption-label>
<caption-order>1</caption-order>
<caption-text>Representation of the different formation depths in the Mid-Continent region</caption-text>
</formatted-caption>
</image-wrap>
</linkTarget>
</appendix>
</docFigure>
<docFigure pdf-page="2" figure-order="2" data-type-order="2">
<link href="link-2" type="image" />
<appendix>
<linkTarget id="link-2" type="image">
<anchoringText id="Ancr5"> </anchoringText>
<image-wrap id="102118176984MS-Img_SPi-2">
<label>Figure 2 </label>
<imageLink type="mediaResource" href="102118176984MS_i_2.tif" id="ImgLink-2" />
<caption>Surface location of the STACK plays and the Mississippi Lime formation in Oklahoma</caption>
<formatted-caption>
<caption-label>Figure</caption-label>
<caption-order>2</caption-order>
<caption-text>Surface location of the STACK plays and the Mississippi Lime formation in Oklahoma</caption-text>
</formatted-caption>
</image-wrap>
</linkTarget>
</appendix>
</docFigure>
<docFigure composite="true" composite-count="2" pdf-page="4" figure-order="3" data-type-order="4">
<link href="link-3" type="image" />
<appendix>
<linkTarget id="link-3" type="image">
<anchoringText id="Ancr6"> </anchoringText>
<image-wrap id="102118176984MS-Img_SPi-3">
<label>Figure 3 </label>
<imageLink type="mediaResource" href="102118176984MS_i_3.tif" id="ImgLink-3" />
<caption>BOE rate and cumulative production of CCPP (green) and OHMS (red) completions in Kingfisher County</caption>
<formatted-caption>
<caption-label>Figure</caption-label>
<caption-order>3</caption-order>
<caption-text>BOE rate and cumulative production of CCPP (green) and OHMS (red) completions in Kingfisher County</caption-text>
</formatted-caption>
</image-wrap>
<image-wrap id="102118176984MS-Img_SPi-3a">
<imageLink type="mediaResource" href="102118176984MS_i_3a.tif" id="ImgLink-3a" />
</image-wrap>
<image-wrap id="102118176984MS-Img_SPi-3b">
<imageLink type="mediaResource" href="102118176984MS_i_3b.tif" id="ImgLink-3b" />
</image-wrap>
</linkTarget>
</appendix>
</docFigure>
<docFigure composite="true" composite-count="2" pdf-page="5" figure-order="4" data-type-order="6">
<link href="link-4" type="image" />
<appendix>
<linkTarget id="link-4" type="image">
<anchoringText id="Ancr7"> </anchoringText>
<image-wrap id="102118176984MS-Img_SPi-4">
<label>Figure 4 </label>
<imageLink type="mediaResource" href="102118176984MS_i_4.tif" id="ImgLink-4" />
<caption>BOE rate and cumulative production of CCPP (green) and OHMS (red) completions in Woods County</caption>
<formatted-caption>
<caption-label>Figure</caption-label>
<caption-order>4</caption-order>
<caption-text>BOE rate and cumulative production of CCPP (green) and OHMS (red) completions in Woods County</caption-text>
</formatted-caption>
</image-wrap>
<image-wrap id="102118176984MS-Img_SPi-4a">
<imageLink type="mediaResource" href="102118176984MS_i_4a.tif" id="ImgLink-4a" />
</image-wrap>
<image-wrap id="102118176984MS-Img_SPi-4b">
<imageLink type="mediaResource" href="102118176984MS_i_4b.tif" id="ImgLink-4b" />
</image-wrap>
</linkTarget>
</appendix>
</docFigure>
<docFigure pdf-page="5" figure-order="5" data-type-order="7">
<link href="link-5" type="image" />
<appendix>
<linkTarget id="link-5" type="image">
<anchoringText id="Ancr8"> </anchoringText>
<image-wrap id="102118176984MS-Img_SPi-5">
<label>Figure 5 </label>
<imageLink type="mediaResource" href="102118176984MS_i_5.tif" id="ImgLink-5" />
<caption>Location of a well-to-well review that included the first two OHMS wells in Woods County</caption>
<formatted-caption>
<caption-label>Figure</caption-label>
<caption-order>5</caption-order>
<caption-text>Location of a well-to-well review that included the first two OHMS wells in Woods County</caption-text>
</formatted-caption>
</image-wrap>
</linkTarget>
</appendix>
</docFigure>
<docFigure pdf-page="6" figure-order="6" data-type-order="8">
<link href="link-6" type="image" />
<appendix>
<linkTarget id="link-6" type="image">
<anchoringText id="Ancr9"> </anchoringText>
<image-wrap id="102118176984MS-Img_SPi-6">
<label>Figure 6 </label>
<imageLink type="mediaResource" href="102118176984MS_i_6.tif" id="ImgLink-6" />
<caption>Cumulative production of the operator’s OHMS wells compared to offset CCPP wells in Woods County</caption>
<formatted-caption>
<caption-label>Figure</caption-label>
<caption-order>6</caption-order>
<caption-text>Cumulative production of the operator’s OHMS wells compared to offset CCPP wells in Woods County</caption-text>
</formatted-caption>
</image-wrap>
</linkTarget>
</appendix>
</docFigure>
<docFigure composite="true" composite-count="2" pdf-page="6" figure-order="7" data-type-order="10">
<link href="link-7" type="image" />
<appendix>
<linkTarget id="link-7" type="image">
<anchoringText id="Ancr10"> </anchoringText>
<image-wrap id="102118176984MS-Img_SPi-7">
<label>Figure 7 </label>
<imageLink type="mediaResource" href="102118176984MS_i_7.tif" id="ImgLink-7" />
<caption>BOE rate and cumulative production of CCPP (green) and OHMS (red) completions in Alfalfa County</caption>
<formatted-caption>
<caption-label>Figure</caption-label>
<caption-order>7</caption-order>
<caption-text>BOE rate and cumulative production of CCPP (green) and OHMS (red) completions in Alfalfa County</caption-text>
</formatted-caption>
</image-wrap>
<image-wrap id="102118176984MS-Img_SPi-7a">
<imageLink type="mediaResource" href="102118176984MS_i_7a.tif" id="ImgLink-7a" />
</image-wrap>
<image-wrap id="102118176984MS-Img_SPi-7b">
<imageLink type="mediaResource" href="102118176984MS_i_7b.tif" id="ImgLink-7b" />
</image-wrap>
</linkTarget>
</appendix>
</docFigure>
<docFigure pdf-page="7" figure-order="8" data-type-order="11">
<link href="link-8" type="image" />
<appendix>
<linkTarget id="link-8" type="image">
<anchoringText id="Ancr11"> </anchoringText>
<image-wrap id="102118176984MS-Img_SPi-8">
<label>Figure 8 </label>
<imageLink type="mediaResource" href="102118176984MS_i_8.tif" id="ImgLink-8" />
<caption>OHMS completions costs are typically lower than CCPP completion costs in the Mid-Continent region</caption>
<formatted-caption>
<caption-label>Figure</caption-label>
<caption-order>8</caption-order>
<caption-text>OHMS completions costs are typically lower than CCPP completion costs in the Mid-Continent region</caption-text>
</formatted-caption>
</image-wrap>
</linkTarget>
</appendix>
</docFigure>
<docFigure pdf-page="7" figure-order="9" data-type-order="12">
<link href="link-9" type="image" />
<appendix>
<linkTarget id="link-9" type="image">
<anchoringText id="Ancr12"> </anchoringText>
<image-wrap id="102118176984MS-Img_SPi-9">
<label>Figure 9 </label>
<imageLink type="mediaResource" href="102118176984MS_i_9.tif" id="ImgLink-9" />
<caption>Running OHMS completion systems enabled the operator to reduce the number of days between stimulation and production</caption>
<formatted-caption>
<caption-label>Figure</caption-label>
<caption-order>9</caption-order>
<caption-text>Running OHMS completion systems enabled the operator to reduce the number of days between stimulation and production</caption-text>
</formatted-caption>
</image-wrap>
</linkTarget>
</appendix>
</docFigure>
<docFigure pdf-page="8" figure-order="10" data-type-order="13">
<link href="link-10" type="image" />
<appendix>
<linkTarget id="link-10" type="image">
<anchoringText id="Ancr13"> </anchoringText>
<image-wrap id="102118176984MS-Img_SPi-10">
<label>Figure 10 </label>
<imageLink type="mediaResource" href="102118176984MS_i_10.tif" id="ImgLink-10" />
<caption>The operator’s completion costs across all counties have trended downwards and the most recent wells have achieved completion costs in line with estimated completion costs</caption>
<formatted-caption>
<caption-label>Figure</caption-label>
<caption-order>10</caption-order>
<caption-text>The operator’s completion costs across all counties have trended downwards and the most recent wells have achieved completion costs in line with estimated completion costs</caption-text>
</formatted-caption>
</image-wrap>
</linkTarget>
</appendix>
</docFigure>
<docFigure pdf-page="9" figure-order="11" data-type-order="14">
<link href="link-11" type="image" />
<appendix>
<linkTarget id="link-11" type="image">
<anchoringText id="Ancr14"> </anchoringText>
<image-wrap id="102118176984MS-Img_SPi-11">
<label>Figure 11 </label>
<imageLink type="mediaResource" href="102118176984MS_i_11.tif" id="ImgLink-11" />
<caption>Treatment chart from well, clear seat signature on the right hand side of the chart</caption>
<formatted-caption>
<caption-label>Figure</caption-label>
<caption-order>11</caption-order>
<caption-text>Treatment chart from well, clear seat signature on the right hand side of the chart</caption-text>
</formatted-caption>
</image-wrap>
</linkTarget>
</appendix>
</docFigure>
<docFigure composite="true" composite-count="2" pdf-page="9" figure-order="12" data-type-order="15">
<link href="link-12" type="image" />
<appendix>
<linkTarget id="link-12" type="image">
<anchoringText id="Ancr15"> </anchoringText>
<image-wrap id="102118176984MS-Img_SPi-12">
<label>Figure 12 </label>
<imageLink type="mediaResource" href="102118176984MS_i_12.tif" id="ImgLink-12" />
<caption>RA tracer results confirming that no indication of ports shifting on the pressure charts resulted in poor zonal isolation and unstimulated stages with fracturing ports and with previous OHMS provider</caption>
<formatted-caption>
<caption-label>Figure</caption-label>
<caption-order>12</caption-order>
<caption-text>RA tracer results confirming that no indication of ports shifting on the pressure charts resulted in poor zonal isolation and unstimulated stages with fracturing ports and with previous OHMS provider</caption-text>
</formatted-caption>
</image-wrap>
<image-wrap id="102118176984MS-Img_SPi-12a">
<imageLink type="mediaResource" href="102118176984MS_i_12a.tif" id="ImgLink-12a" />
</image-wrap>
<image-wrap id="102118176984MS-Img_SPi-12b">
<imageLink type="mediaResource" href="102118176984MS_i_12b.tif" id="ImgLink-12b" />
</image-wrap>
</linkTarget>
</appendix>
</docFigure>
<docFigure composite="true" composite-count="2" pdf-page="10" figure-order="13" data-type-order="16">
<link href="link-13" type="image" />
<appendix>
<linkTarget id="link-13" type="image">
<anchoringText id="Ancr16"> </anchoringText>
<image-wrap id="102118176984MS-Img_SPi-13">
<label>Figure 13 </label>
<imageLink type="mediaResource" href="102118176984MS_i_13.tif" id="ImgLink-13" />
<caption>RA tracer indicating solid zonal stage isolation with hydro-mechanical packers with current OHMS provider</caption>
<formatted-caption>
<caption-label>Figure</caption-label>
<caption-order>13</caption-order>
<caption-text>RA tracer indicating solid zonal stage isolation with hydro-mechanical packers with current OHMS provider</caption-text>
</formatted-caption>
</image-wrap>
<image-wrap id="102118176984MS-Img_SPi-13a">
<imageLink type="mediaResource" href="102118176984MS_i_13a.tif" id="ImgLink-13a" />
</image-wrap>
<image-wrap id="102118176984MS-Img_SPi-13b">
<imageLink type="mediaResource" href="102118176984MS_i_13b.tif" id="ImgLink-13b" />
</image-wrap>
</linkTarget>
</appendix>
</docFigure>
<docFigure pdf-page="10" figure-order="14" data-type-order="17">
<link href="link-14" type="image" />
<appendix>
<linkTarget id="link-14" type="image">
<anchoringText id="Ancr17"> </anchoringText>
<image-wrap id="102118176984MS-Img_SPi-14">
<label>Figure 14 </label>
<imageLink type="mediaResource" href="102118176984MS_i_14.tif" id="ImgLink-14" />
<caption>Well production and sleeve efficiency of various OHMS systems</caption>
<formatted-caption>
<caption-label>Figure</caption-label>
<caption-order>14</caption-order>
<caption-text>Well production and sleeve efficiency of various OHMS systems</caption-text>
</formatted-caption>
</image-wrap>
</linkTarget>
</appendix>
</docFigure>
<docFigure pdf-page="11" figure-order="15" data-type-order="18">
<link href="link-15" type="image" />
<appendix>
<linkTarget id="link-15" type="image">
<anchoringText id="Ancr18"> </anchoringText>
<image-wrap id="102118176984MS-Img_SPi-15">
<label>Figure 15 </label>
<imageLink type="mediaResource" href="102118176984MS_i_15.tif" id="ImgLink-15" />
<caption>EUR performance over time colored by OHMS provider</caption>
<formatted-caption>
<caption-label>Figure</caption-label>
<caption-order>15</caption-order>
<caption-text>EUR performance over time colored by OHMS provider</caption-text>
</formatted-caption>
</image-wrap>
</linkTarget>
</appendix>
</docFigure>
<docFigure pdf-page="12" figure-order="16" data-type-order="19">
<link href="link-16" type="image" />
<appendix>
<linkTarget id="link-16" type="image">
<anchoringText id="Ancr19"> </anchoringText>
<image-wrap id="102118176984MS-Img_SPi-16">
<label>Figure 16 </label>
<imageLink type="mediaResource" href="102118176984MS_i_16.tif" id="ImgLink-16" />
<caption>Schematic of hybrid open hole sliding sleeve and plug-and-perf well where microseismic study was completed</caption>
<formatted-caption>
<caption-label>Figure</caption-label>
<caption-order>16</caption-order>
<caption-text>Schematic of hybrid open hole sliding sleeve and plug-and-perf well where microseismic study was completed</caption-text>
</formatted-caption>
</image-wrap>
</linkTarget>
</appendix>
</docFigure>
<docFigure pdf-page="13" figure-order="17" data-type-order="20">
<link href="link-17" type="image" />
<appendix>
<linkTarget id="link-17" type="image">
<anchoringText id="Ancr20"> </anchoringText>
<image-wrap id="102118176984MS-Img_SPi-17">
<label>Figure 17 </label>
<imageLink type="mediaResource" href="102118176984MS_i_17.tif" id="ImgLink-17" />
<caption>Microseismic data from the hybrid OHMS system that had both ball-drop stages and limited entry plug-and-perf stages</caption>
<formatted-caption>
<caption-label>Figure</caption-label>
<caption-order>17</caption-order>
<caption-text>Microseismic data from the hybrid OHMS system that had both ball-drop stages and limited entry plug-and-perf stages</caption-text>
</formatted-caption>
</image-wrap>
</linkTarget>
</appendix>
</docFigure>
<docFigure pdf-page="14" figure-order="18" data-type-order="21">
<link href="link-18" type="image" />
<appendix>
<linkTarget id="link-18" type="image">
<anchoringText id="Ancr21"> </anchoringText>
<image-wrap id="102118176984MS-Img_SPi-18">
<label>Figure 18 </label>
<imageLink type="mediaResource" href="102118176984MS_i_18.tif" id="ImgLink-18" />
<caption>Tracer results from an OHMS system that show each stage contributing to production</caption>
<formatted-caption>
<caption-label>Figure</caption-label>
<caption-order>18</caption-order>
<caption-text>Tracer results from an OHMS system that show each stage contributing to production</caption-text>
</formatted-caption>
</image-wrap>
</linkTarget>
</appendix>
</docFigure>
</docFigureList>
</docTables>