<?xml version="1.0" encoding="utf-8"?>
<docTables>
<docMetaData inputFile="102118188745MS.TXT" extractionDate="2021-04-24T13:05:59Z">
<doi>10.2118/188745-MS</doi>
<pii>10.2118/188745-MS</pii>
<publisher>SPE_Society_of_Petroleum_Engineers</publisher>
</docMetaData>
<docFigureList>
<docFigure pdf-page="3" figure-order="1" data-type-order="1">
<link href="link-1" type="image" />
<appendix>
<linkTarget id="link-1" type="image">
<anchoringText id="Ancr6">The presence of faults and lineaments in the overburden and reservoir intervals and the possible effect on successful delivery of any planned well is often a cause for concern. For Well#1 as show in Figure 1a below, due to seismically observed disturbed overburden zone along well path, possible mud-losses and overburden pipe sticking was predicted. PDA indicate the prediction to be accurate as pipe sticking, partial and complete mud losses were encountered at locations corresponding to the disturbed zone observed from seismic. Within the reservoir interval, one lineament with associated seismic hump was interpreted near end of lateral section for the planned wellbore.</anchoringText>
<image-wrap id="102118188745MS-Img_SPi-1">
<label>Figure 1 </label>
<imageLink type="mediaResource" href="102118188745MS_i_1.tif" id="ImgLink-1" />
<caption>The Post Drill Analysis workflow</caption>
<formatted-caption>
<caption-label>Figure</caption-label>
<caption-order>1</caption-order>
<caption-text>The Post Drill Analysis workflow</caption-text>
</formatted-caption>
</image-wrap>
</linkTarget>
</appendix>
</docFigure>
<docFigure composite="true" composite-count="9" pdf-page="7" figure-order="2" data-type-order="5">
<link href="link-2" type="image" />
<appendix>
<linkTarget id="link-2" type="image">
<anchoringText id="Ancr7"> </anchoringText>
<image-wrap id="102118188745MS-Img_SPi-2">
<label>Figure 2</label>
<imageLink type="mediaResource" href="102118188745MS_i_2.tif" id="ImgLink-2" />
<caption>(a1) red circle indicate location for partial and complete losses (a2) Reservoir Y depth structure map showing the mud losses history of key overburden zones – green means partial loss, blue is dynamic loss, while red means complete loss(a3) Close-up view of where pipe stuck at overburden zone corresponding to observed disturbance zone; rectangular red box. Partial and complete losses occurred also (a4) Table summarizing key drilling events for Well#1 (b1)Seismic section showing mapped over-burden related fault NW of wellbore; encountered dynamic losses mud weight related (b2) Maximum curvature map indicating mud loss history of reservoir Y(b3) Table summary of key drilling events for Well#2 (b4)Seismic close-up view of well path.</caption>
<formatted-caption>
<caption-label>Figure</caption-label>
<caption-order>2</caption-order>
<caption-text>(a1) red circle indicate location for partial and complete losses (a2) Reservoir Y depth structure map showing the mud losses history of key overburden zones – green means partial loss, blue is dynamic loss, while red means complete loss(a3) Close-up view of where pipe stuck at overburden zone corresponding to observed disturbance zone; rectangular red box. Partial and complete losses occurred also (a4) Table summarizing key drilling events for Well#1 (b1)Seismic section showing mapped over-burden related fault NW of wellbore; encountered dynamic losses mud weight related (b2) Maximum curvature map indicating mud loss history of reservoir Y(b3) Table summary of key drilling events for Well#2 (b4)Seismic close-up view of well path.</caption-text>
</formatted-caption>
</image-wrap>
<image-wrap id="102118188745MS-Img_SPi-2a">
<imageLink type="mediaResource" href="102118188745MS_i_2a.tif" id="ImgLink-2a" />
<figure-specific-caption>
<caption-order>a1</caption-order>
<caption-text>red circle indicate location for partial and complete losses</caption-text>
</figure-specific-caption>
</image-wrap>
<image-wrap id="102118188745MS-Img_SPi-2b">
<imageLink type="mediaResource" href="102118188745MS_i_2b.tif" id="ImgLink-2b" />
<figure-specific-caption>
<caption-order>a2</caption-order>
<caption-text>Reservoir Y depth structure map showing the mud losses history of key overburden zones – green means partial loss, blue is dynamic loss, while red means complete loss</caption-text>
</figure-specific-caption>
</image-wrap>
<image-wrap id="102118188745MS-Img_SPi-2c">
<imageLink type="mediaResource" href="102118188745MS_i_2c.tif" id="ImgLink-2c" />
<figure-specific-caption>
<caption-order>a3</caption-order>
<caption-text>Close-up view of where pipe stuck at overburden zone corresponding to observed disturbance zone; rectangular red box. Partial and complete losses occurred also</caption-text>
</figure-specific-caption>
</image-wrap>
<image-wrap id="102118188745MS-Img_SPi-2d">
<imageLink type="mediaResource" href="102118188745MS_i_2d.tif" id="ImgLink-2d" />
<figure-specific-caption>
<caption-order>a4</caption-order>
<caption-text>Table summarizing key drilling events for Well#1</caption-text>
</figure-specific-caption>
</image-wrap>
<image-wrap id="102118188745MS-Img_SPi-2e">
<imageLink type="mediaResource" href="102118188745MS_i_2e.tif" id="ImgLink-2e" />
</image-wrap>
<image-wrap id="102118188745MS-Img_SPi-2f">
<imageLink type="mediaResource" href="102118188745MS_i_2f.tif" id="ImgLink-2f" />
<figure-specific-caption>
<caption-order>b1</caption-order>
<caption-text>Seismic section showing mapped over-burden related fault NW of wellbore; encountered dynamic losses mud weight related</caption-text>
</figure-specific-caption>
</image-wrap>
<image-wrap id="102118188745MS-Img_SPi-2g">
<imageLink type="mediaResource" href="102118188745MS_i_2g.tif" id="ImgLink-2g" />
<figure-specific-caption>
<caption-order>b2</caption-order>
<caption-text>Maximum curvature map indicating mud loss history of reservoir Y</caption-text>
</figure-specific-caption>
</image-wrap>
<image-wrap id="102118188745MS-Img_SPi-2h">
<imageLink type="mediaResource" href="102118188745MS_i_2h.tif" id="ImgLink-2h" />
<figure-specific-caption>
<caption-order>b3</caption-order>
<caption-text>Table summary of key drilling events for Well#2</caption-text>
</figure-specific-caption>
</image-wrap>
<image-wrap id="102118188745MS-Img_SPi-2i">
<imageLink type="mediaResource" href="102118188745MS_i_2i.tif" id="ImgLink-2i" />
<figure-specific-caption>
<caption-order>b4</caption-order>
<caption-text>Seismic close-up view of well path.</caption-text>
</figure-specific-caption>
</image-wrap>
</linkTarget>
</appendix>
</docFigure>
<docFigure composite="true" composite-count="8" pdf-page="8" figure-order="3" data-type-order="6">
<link href="link-3" type="image" />
<appendix>
<linkTarget id="link-3" type="image">
<anchoringText id="Ancr8">The geological aspects of the PDA workflow are summarized in Figure 3 below. Among others, the key elements for consideration include geologic property distribution around the new drill region, data coverage, gaps and quality, and possible impact on forthcoming wells. Figure 3a1 is reservoir X kh map showing Well#1 and some offset wells. Tracer injection has been conducted in some nearby base wells, as denoted by the yellow polygons and the pink arrows which indicate tracer travel path. From integrated data analysis, the inferred direction of water movement is also shown by the blue arrows. Figure 3a2 show post-drill interpretation of porosity and water saturation of Wells#1, while Figure 3a4 shows the well path along reservoir Y cross section.</anchoringText>
<image-wrap id="102118188745MS-Img_SPi-3">
<label>Figure 3</label>
<imageLink type="mediaResource" href="102118188745MS_i_3.tif" id="ImgLink-3" />
<caption>(a1) Reservoir X kh map showing Well#1 and some offset wells (a2) post-drill interpretation of porosity and water saturation (a3) Table summarizing key geologic event for Well#1 (a4) Shows Well#1 well path flexing to zone of interest (b1) Shows kh map of Well#2 pattern indicating permeability heterogeneity (b3) Table shows that model average porosity is slightly higher than actual porosity (b4) Well#2 well path is adjusted to fit into zone of interest.</caption>
<formatted-caption>
<caption-label>Figure</caption-label>
<caption-order>3</caption-order>
<caption-text>(a1) Reservoir X kh map showing Well#1 and some offset wells (a2) post-drill interpretation of porosity and water saturation (a3) Table summarizing key geologic event for Well#1 (a4) Shows Well#1 well path flexing to zone of interest (b1) Shows kh map of Well#2 pattern indicating permeability heterogeneity (b3) Table shows that model average porosity is slightly higher than actual porosity (b4) Well#2 well path is adjusted to fit into zone of interest.</caption-text>
</formatted-caption>
</image-wrap>
<image-wrap id="102118188745MS-Img_SPi-3a">
<imageLink type="mediaResource" href="102118188745MS_i_3a.tif" id="ImgLink-3a" />
<figure-specific-caption>
<caption-order>a1</caption-order>
<caption-text>Reservoir X kh map showing Well#1 and some offset wells</caption-text>
</figure-specific-caption>
</image-wrap>
<image-wrap id="102118188745MS-Img_SPi-3b">
<imageLink type="mediaResource" href="102118188745MS_i_3b.tif" id="ImgLink-3b" />
<figure-specific-caption>
<caption-order>a2</caption-order>
<caption-text>post-drill interpretation of porosity and water saturation</caption-text>
</figure-specific-caption>
</image-wrap>
<image-wrap id="102118188745MS-Img_SPi-3c">
<imageLink type="mediaResource" href="102118188745MS_i_3c.tif" id="ImgLink-3c" />
<figure-specific-caption>
<caption-order>a3</caption-order>
<caption-text>Table summarizing key geologic event for Well#1</caption-text>
</figure-specific-caption>
</image-wrap>
<image-wrap id="102118188745MS-Img_SPi-3d">
<imageLink type="mediaResource" href="102118188745MS_i_3d.tif" id="ImgLink-3d" />
<figure-specific-caption>
<caption-order>a4</caption-order>
<caption-text>Shows Well#1 well path flexing to zone of interest</caption-text>
</figure-specific-caption>
</image-wrap>
<image-wrap id="102118188745MS-Img_SPi-3e">
<imageLink type="mediaResource" href="102118188745MS_i_3e.tif" id="ImgLink-3e" />
<figure-specific-caption>
<caption-order>b1</caption-order>
<caption-text>Shows kh map of Well#2 pattern indicating permeability heterogeneity</caption-text>
</figure-specific-caption>
</image-wrap>
<image-wrap id="102118188745MS-Img_SPi-3f">
<imageLink type="mediaResource" href="102118188745MS_i_3f.tif" id="ImgLink-3f" />
</image-wrap>
<image-wrap id="102118188745MS-Img_SPi-3g">
<imageLink type="mediaResource" href="102118188745MS_i_3g.tif" id="ImgLink-3g" />
<figure-specific-caption>
<caption-order>b3</caption-order>
<caption-text>Table shows that model average porosity is slightly higher than actual porosity </caption-text>
</figure-specific-caption>
</image-wrap>
<image-wrap id="102118188745MS-Img_SPi-3h">
<imageLink type="mediaResource" href="102118188745MS_i_3h.tif" id="ImgLink-3h" />
<figure-specific-caption>
<caption-order>b4</caption-order>
<caption-text>Well#2 well path is adjusted to fit into zone of interest.</caption-text>
</figure-specific-caption>
</image-wrap>
</linkTarget>
</appendix>
</docFigure>
<docFigure composite="true" composite-count="2" pdf-page="9" figure-order="4" data-type-order="7">
<link href="link-4" type="image" />
<appendix>
<linkTarget id="link-4" type="image">
<anchoringText id="Ancr9">The base maps in Figures 4a and 4b show the structure contours of reservoirs Y and Z respectively with well test kh in the background. The maps indicate significant heterogeneity in kh especially for reservoir Z. Fault traces are shown in the map and consist of a variety of segmented fault orientations (dominantly NW-SE, but also NE-SW subordinates). In addition to the base offset wells draining the same patterns and sectors, the PDA wells are also shown with well paths denoted in red color.</anchoringText>
<image-wrap id="102118188745MS-Img_SPi-4">
<label>Figure 4</label>
<imageLink type="mediaResource" href="102118188745MS_i_4.tif" id="ImgLink-4" />
<caption>(a) Key well events for offset producers provide insight into possible future production performance issues around Well#1 (b) Key well events for offset producers provide insight into possible future production performance issues around Well#2</caption>
<formatted-caption>
<caption-label>Figure</caption-label>
<caption-order>4</caption-order>
<caption-text>(a) Key well events for offset producers provide insight into possible future production performance issues around Well#1 (b) Key well events for offset producers provide insight into possible future production performance issues around Well#2</caption-text>
</formatted-caption>
</image-wrap>
<image-wrap id="102118188745MS-Img_SPi-4a">
<imageLink type="mediaResource" href="102118188745MS_i_4a.tif" id="ImgLink-4a" />
<figure-specific-caption>
<caption-order>a</caption-order>
<caption-text>Key well events for offset producers provide insight into possible future production performance issues around Well#1</caption-text>
</figure-specific-caption>
</image-wrap>
<image-wrap id="102118188745MS-Img_SPi-4b">
<imageLink type="mediaResource" href="102118188745MS_i_4b.tif" id="ImgLink-4b" />
<figure-specific-caption>
<caption-order>b</caption-order>
<caption-text>Key well events for offset producers provide insight into possible future production performance issues around Well#2</caption-text>
</figure-specific-caption>
</image-wrap>
</linkTarget>
</appendix>
</docFigure>
<docFigure composite="true" composite-count="2" pdf-page="10" figure-order="5" data-type-order="8">
<link href="link-5" type="image" />
<appendix>
<linkTarget id="link-5" type="image">
<anchoringText id="Ancr10">Another useful addition to the PDA workflow is the generation of arbitrary section across all wells targeting the same pattern as the candidate PDA wells. For instance, the chart at the top of Figure 5a is an E-W section extracted from the base map at the bottom of the figure. The section traverses all the wells in close proximity to Well#1 in reservoir Y. The reservoir zones are demarcated by the horizontal lines, while the time stamps below the section indicate the spud and workover dates respectively. The red colored star polygon indicate the position of the PDA well (Well#1) Vis a Vis other wells across the section. The wells have been color marked to indicate their status either as producers or injectors (green represents producers while blue is for injectors).</anchoringText>
<image-wrap id="102118188745MS-Img_SPi-5">
<label>Figure 5</label>
<imageLink type="mediaResource" href="102118188745MS_i_5.tif" id="ImgLink-5" />
<caption>(a) Key well events for offset producers provide insight into possible future production performance issues around Well#1 (b) Key well events for offset producers provide insight into possible future production performance issues around Well#2</caption>
<formatted-caption>
<caption-label>Figure</caption-label>
<caption-order>5</caption-order>
<caption-text>(a) Key well events for offset producers provide insight into possible future production performance issues around Well#1 (b) Key well events for offset producers provide insight into possible future production performance issues around Well#2</caption-text>
</formatted-caption>
</image-wrap>
<image-wrap id="102118188745MS-Img_SPi-5a">
<imageLink type="mediaResource" href="102118188745MS_i_5a.tif" id="ImgLink-5a" />
<figure-specific-caption>
<caption-order>a</caption-order>
<caption-text>Key well events for offset producers provide insight into possible future production performance issues around Well#1</caption-text>
</figure-specific-caption>
</image-wrap>
<image-wrap id="102118188745MS-Img_SPi-5b">
<imageLink type="mediaResource" href="102118188745MS_i_5b.tif" id="ImgLink-5b" />
<figure-specific-caption>
<caption-order>b</caption-order>
<caption-text>Key well events for offset producers provide insight into possible future production performance issues around Well#2</caption-text>
</figure-specific-caption>
</image-wrap>
</linkTarget>
</appendix>
</docFigure>
<docFigure composite="true" composite-count="2" pdf-page="11" figure-order="6" data-type-order="9">
<link href="link-6" type="image" />
<appendix>
<linkTarget id="link-6" type="image">
<anchoringText id="Ancr11">Figure 6a summarizes the outcome of comparison of simulation results with actual performance for Well#1. The top left chart is a line graph profile of pressure, oil rate and water cut comparing actual and model results; the symbols are actual data points while the continuous solid lines are simulation results. While the chart indicates good alignment between model and actual oil rate, discrepancies exist in water cut, FBHP and SIBHP. The top right chart is a traffic light snapshot highlighting the history match quality per production variable with green, yellow and red corresponding to good, fair and poor matches respectively. For the candidate well, oil rate is denoted by the green bubble indicating good match to actual data. The yellow bubble represents a fair match in water cut, while the FBHP and SIBHP are poorly matched as indicated by the red bubbles.</anchoringText>
<image-wrap id="102118188745MS-Img_SPi-6">
<label>Figure 6</label>
<imageLink type="mediaResource" href="102118188745MS_i_6.tif" id="ImgLink-6" />
<caption>(a)Top left chart is a line graph profile of production variables showing the magnitude of mismatch; top right is a bubble traffic light chart categorizing the match quality (green is good match, yellow poor match, while red indicates poor match); bottom cross sections show vertical conformance and permeability distribution (b) Same information is shown for Well#2 in the same order as Well#1.</caption>
<formatted-caption>
<caption-label>Figure</caption-label>
<caption-order>6</caption-order>
<caption-text>(a)Top left chart is a line graph profile of production variables showing the magnitude of mismatch; top right is a bubble traffic light chart categorizing the match quality (green is good match, yellow poor match, while red indicates poor match); bottom cross sections show vertical conformance and permeability distribution (b) Same information is shown for Well#2 in the same order as Well#1.</caption-text>
</formatted-caption>
</image-wrap>
<image-wrap id="102118188745MS-Img_SPi-6a">
<imageLink type="mediaResource" href="102118188745MS_i_6a.tif" id="ImgLink-6a" />
<figure-specific-caption>
<caption-order>a</caption-order>
<caption-text>Top left chart is a line graph profile of production variables showing the magnitude of mismatch; top right is a bubble traffic light chart categorizing the match quality (green is good match, yellow poor match, while red indicates poor match); bottom cross sections show vertical conformance and permeability distribution</caption-text>
</figure-specific-caption>
</image-wrap>
<image-wrap id="102118188745MS-Img_SPi-6b">
<imageLink type="mediaResource" href="102118188745MS_i_6b.tif" id="ImgLink-6b" />
<figure-specific-caption>
<caption-order>b</caption-order>
<caption-text>Same information is shown for Well#2 in the same order as Well#1.</caption-text>
</figure-specific-caption>
</image-wrap>
</linkTarget>
</appendix>
</docFigure>
<docFigure composite="true" composite-count="2" pdf-page="12" figure-order="7" data-type-order="10">
<link href="link-7" type="image" />
<appendix>
<linkTarget id="link-7" type="image">
<anchoringText id="Ancr12">The candidate wells passed through the various stages of WDP comprising technical and commercial components. Learning from drilling and completion is crucial in building the body of knowledge required for enhancement of future well campaigns. Figures 7a &amp; 7b summarize the key events resulting from drilling Wells#1&amp;#2 respectively. The challenges encountered for Well#1 was mainly operational due to drilling equipment issues which resulted in extension of planned drilling duration. While some dynamic mud losses was recorded in the over burden, the learnings were captured and documented to be utilized in improving future drilling operations.</anchoringText>
<image-wrap id="102118188745MS-Img_SPi-7">
<label>Figure 7</label>
<imageLink type="mediaResource" href="102118188745MS_i_7.tif" id="ImgLink-7" />
<caption>(a) Key drilling performance indicators for Well#1; the slippage in planned duration is due to equipment failure (b) Well#2 hold a record as the longest well, measuring up to 3km in length; Well#2 was drilled and completed ahead of schedule resulting in cost saving.</caption>
<formatted-caption>
<caption-label>Figure</caption-label>
<caption-order>7</caption-order>
<caption-text>(a) Key drilling performance indicators for Well#1; the slippage in planned duration is due to equipment failure (b) Well#2 hold a record as the longest well, measuring up to 3km in length; Well#2 was drilled and completed ahead of schedule resulting in cost saving.</caption-text>
</formatted-caption>
</image-wrap>
<image-wrap id="102118188745MS-Img_SPi-7a">
<imageLink type="mediaResource" href="102118188745MS_i_7a.tif" id="ImgLink-7a" />
<figure-specific-caption>
<caption-order>a</caption-order>
<caption-text>Key drilling performance indicators for Well#1; the slippage in planned duration is due to equipment failure</caption-text>
</figure-specific-caption>
</image-wrap>
<image-wrap id="102118188745MS-Img_SPi-7b">
<imageLink type="mediaResource" href="102118188745MS_i_7b.tif" id="ImgLink-7b" />
<figure-specific-caption>
<caption-order>b</caption-order>
<caption-text>Well#2 hold a record as the longest well, measuring up to 3km in length; Well#2 was drilled and completed ahead of schedule resulting in cost saving.</caption-text>
</figure-specific-caption>
</image-wrap>
</linkTarget>
</appendix>
</docFigure>
</docFigureList>
</docTables>