<?xml version="1.0" encoding="utf-8"?>
<docTables>
<docMetaData inputFile="102118179807MS.txt" extractionDate="2021-03-18T15:20:15Z">
<doi>10.2118/179807-MS</doi>
<pii>10.2118/179807-MS</pii>
<publisher>SPE_Society_of_Petroleum_Engineers</publisher>
</docMetaData>
<docFigureList>
<docFigure pdf-page="2" figure-order="1" data-type-order="1">
<link href="link-1" type="image" />
<appendix>
<linkTarget id="link-1" type="image">
<anchoringText id="Ancr1"> </anchoringText>
<image-wrap id="102118179807MS-Img_SPi-1">
<label>Figure 1 </label>
<imageLink type="mediaResource" href="102118179807MS_i_1.tif" id="ImgLink-1" />
<caption>Process Flow Schematic</caption>
<formatted-caption>
<caption-label>Figure</caption-label>
<caption-order>1</caption-order>
<caption-text>Process Flow Schematic</caption-text>
</formatted-caption>
</image-wrap>
</linkTarget>
</appendix>
</docFigure>
<docFigure pdf-page="3" figure-order="2" data-type-order="2">
<link href="link-2" type="image" />
<appendix>
<linkTarget id="link-2" type="image">
<anchoringText id="Ancr2"> </anchoringText>
<image-wrap id="102118179807MS-Img_SPi-2">
<label>Figure 2 </label>
<imageLink type="mediaResource" href="102118179807MS_i_2.tif" id="ImgLink-2" />
<caption>Global Map</caption>
<formatted-caption>
<caption-label>Figure</caption-label>
<caption-order>2</caption-order>
<caption-text>Global Map</caption-text>
</formatted-caption>
</image-wrap>
</linkTarget>
</appendix>
</docFigure>
<docFigure pdf-page="4" figure-order="3" data-type-order="3">
<link href="link-3" type="image" />
<appendix>
<linkTarget id="link-3" type="image">
<anchoringText id="Ancr3">Quality Another key challenge during the delivery was to maintain the quality specification of the product while the product is being supplied in sea-line container; hence the powder was supplied in seal tight internal liner fixed inside the 20 ft container in order to avoid any moisture contamination. This liner is removable and once the PAM is unloaded the liner can be removed and disposed/reused based on its quality. Container with liner arrangement is shown in Fig.3.</anchoringText>
<image-wrap id="102118179807MS-Img_SPi-3">
<label>Figure 3 </label>
<imageLink type="mediaResource" href="102118179807MS_i_3.tif" id="ImgLink-3" />
<caption>Liner Bag inside container</caption>
<formatted-caption>
<caption-label>Figure</caption-label>
<caption-order>3</caption-order>
<caption-text>Liner Bag inside container</caption-text>
</formatted-caption>
</image-wrap>
</linkTarget>
</appendix>
</docFigure>
<docFigure pdf-page="4" figure-order="4" data-type-order="4">
<link href="link-4" type="image" />
<appendix>
<linkTarget id="link-4" type="image">
<anchoringText id="Ancr4"> </anchoringText>
<image-wrap id="102118179807MS-Img_SPi-4">
<label>Figure 4 </label>
<imageLink type="mediaResource" href="102118179807MS_i_4.tif" id="ImgLink-4" />
<caption>Reachstacker Operation at siding</caption>
<formatted-caption>
<caption-label>Figure</caption-label>
<caption-order>4</caption-order>
<caption-text>Reachstacker Operation at siding</caption-text>
</formatted-caption>
</image-wrap>
</linkTarget>
</appendix>
</docFigure>
<docFigure pdf-page="5" figure-order="5" data-type-order="5">
<link href="link-5" type="image" />
<appendix>
<linkTarget id="link-5" type="image">
<anchoringText id="Ancr5">The mother solution is then transported to the Mangala well-pads through a network of headers from CPF using low shear progressive cavity pump. At the well pads, high pressure polymer mixing pumps are used for spiking the polymer MS into the existing produced water injection stream for each well in order to achieve the wellhead viscosity of the injection fluid @ 30 cp at the well head at the dilution ratio of 1:4 (one part of MS in four parts of injection water). (Ref Fig. 5).</anchoringText>
<image-wrap id="102118179807MS-Img_SPi-5">
<label>Figure 5 </label>
<imageLink type="mediaResource" href="102118179807MS_i_5.tif" id="ImgLink-5" />
<caption>Schematic</caption>
<formatted-caption>
<caption-label>Figure</caption-label>
<caption-order>5</caption-order>
<caption-text>Schematic</caption-text>
</formatted-caption>
</image-wrap>
</linkTarget>
</appendix>
</docFigure>
<docFigure pdf-page="6" figure-order="6" data-type-order="6">
<link href="link-6" type="image" />
<appendix>
<linkTarget id="link-6" type="image">
<anchoringText id="Ancr6"> </anchoringText>
<image-wrap id="102118179807MS-Img_SPi-6">
<label>Figure 6 </label>
<imageLink type="mediaResource" href="102118179807MS_i_6.tif" id="ImgLink-6" />
<caption>Concentration monitoring</caption>
<formatted-caption>
<caption-label>Figure</caption-label>
<caption-order>6</caption-order>
<caption-text>Concentration monitoring</caption-text>
</formatted-caption>
</image-wrap>
</linkTarget>
</appendix>
</docFigure>
<docFigure pdf-page="7" figure-order="7" data-type-order="7">
<link href="link-7" type="image" />
<appendix>
<linkTarget id="link-7" type="image">
<anchoringText id="Ancr7"> </anchoringText>
<image-wrap id="102118179807MS-Img_SPi-7">
<label>Figure 7 </label>
<imageLink type="mediaResource" href="102118179807MS_i_7.tif" id="ImgLink-7" />
<caption>Viscosity comparison</caption>
<formatted-caption>
<caption-label>Figure</caption-label>
<caption-order>7</caption-order>
<caption-text>Viscosity comparison</caption-text>
</formatted-caption>
</image-wrap>
</linkTarget>
</appendix>
</docFigure>
<docFigure pdf-page="7" figure-order="8" data-type-order="8">
<link href="link-8" type="image" />
<appendix>
<linkTarget id="link-8" type="image">
<anchoringText id="Ancr8"> </anchoringText>
<image-wrap id="102118179807MS-Img_SPi-8">
<label>Figure 8 </label>
<imageLink type="mediaResource" href="102118179807MS_i_8.tif" id="ImgLink-8" />
<caption>Sample Connection</caption>
<formatted-caption>
<caption-label>Figure</caption-label>
<caption-order>8</caption-order>
<caption-text>Sample Connection</caption-text>
</formatted-caption>
</image-wrap>
</linkTarget>
</appendix>
</docFigure>
<docFigure pdf-page="8" figure-order="9" data-type-order="9">
<link href="link-9" type="image" />
<appendix>
<linkTarget id="link-9" type="image">
<anchoringText id="Ancr9"> </anchoringText>
<image-wrap id="102118179807MS-Img_SPi-9">
<label>Figure 9 </label>
<imageLink type="mediaResource" href="102118179807MS_i_9.tif" id="ImgLink-9" />
<caption>Viscosity</caption>
<formatted-caption>
<caption-label>Figure</caption-label>
<caption-order>9</caption-order>
<caption-text>Viscosity</caption-text>
</formatted-caption>
</image-wrap>
</linkTarget>
</appendix>
</docFigure>
<docFigure pdf-page="8" figure-order="10" data-type-order="10">
<link href="link-10" type="image" />
<appendix>
<linkTarget id="link-10" type="image">
<anchoringText id="Ancr10">Oil field chemicals compatibility Partially Hydrolysed PolyAcryl Amide (HPAM) is anionic in nature and chemistry of any of the oil field chemicals in use, which contradicts the anionicity may cause degradation. Hence, chemistry of all production/injection chemicals were reviewed it was found that, one of the chemical (mixture of Biocide_Schmoo remover) was not compatible with the polymer. The degradation was worse under aerobic conditions (oxygen). Refer Fig. 10 which shows the impact</anchoringText>
<image-wrap id="102118179807MS-Img_SPi-10">
<label>Figure 10 </label>
<imageLink type="mediaResource" href="102118179807MS_i_10.tif" id="ImgLink-10" />
<caption>Viscosity Degradation</caption>
<formatted-caption>
<caption-label>Figure</caption-label>
<caption-order>10</caption-order>
<caption-text>Viscosity Degradation</caption-text>
</formatted-caption>
</image-wrap>
</linkTarget>
</appendix>
</docFigure>
</docFigureList>
</docTables>