<?xml version="1.0" encoding="utf-8"?>
<docTables>
<docMetaData inputFile="102118180178MS.txt" extractionDate="2021-03-31T21:00:46Z">
<doi>10.2118/180178-MS</doi>
<pii>10.2118/180178-MS</pii>
<publisher>SPE_Society_of_Petroleum_Engineers</publisher>
</docMetaData>
<docTableList>
<docTable pdf-page="5" table-order="1" data-type-order="5">
<table-wrap id="102118180178MS-tblwrp-1" content-type="structured">
<anchoringText id="Ancr1">At intermediate levels, criteria and sub-criteria are compared pairwise to generate fuzzy judgment matrices. The fuzzified scale of 1-9 (Table 1), which is capable of capturing vagueness in perception, is used to assign relative importance to the pairwise comparison (Hamidi et al., 2008).</anchoringText>
<label>Table 1</label>
<caption>Fuzzy numbers used for making pairwise comparisons</caption>
<formatted-caption>
<caption-label>Table</caption-label>
<caption-order>1</caption-order>
<caption-text>Fuzzy numbers used for making pairwise comparisons</caption-text>
</formatted-caption>
<table id="102118180178MS-Tbl_SPi-1" frame="hsides">
<thead>
<tr>
<th valign="bottom" align="center">
Relative importance
</th>
<th valign="bottom" align="center">
<link href="tfn-1">
<sup>a</sup>
</link> Fuzzy scale</th>
<th valign="bottom" align="center">Definition</th>
</tr>
</thead>
<tfoot>
<tr>
<td id="tfn-1" colspan="3" align="left">
<sup>a</sup> Δ is a fuzzification factor and assumed to be 1 in this study <br /> In (<i>a</i>, <i>b</i>, <i>c</i>), <i>a</i>, <i>b</i> and c are the minimum, most likely and maximum values, respectively.</td>
</tr>
</tfoot>
<tbody>
<tr>
<td valign="top" align="center">
<math display='block' xmlns='http://www.w3.org/1998/Math/MathML'>
 <mover accent='true'>
  <mn>1</mn>
  <mo>&#x02DC;</mo>
 </mover>
</math>
</td>
<td valign="top" align="center">(1,1,1)</td>
<td valign="top" align="center">Equal importance</td>
</tr>
<tr>
<td valign="top" align="center">
<math display='block' xmlns='http://www.w3.org/1998/Math/MathML'>
 <mover accent='true'>
  <mn>3</mn>
  <mo>&#x02DC;</mo>
 </mover>
</math>
</td>
<td valign="top" align="center">(3-Δ,3,3+ Δ)</td>
<td valign="top" align="center">Weak importance</td>
</tr>
<tr>
<td valign="top" align="center">
<math display='block' xmlns='http://www.w3.org/1998/Math/MathML'>
 <mover accent='true'>
  <mn>5</mn>
  <mo>&#x02DC;</mo>
 </mover>
 
</math>
</td>
<td valign="top" align="center">(5- Δ,5,5+ Δ)</td>
<td valign="top" align="center">Essential or strong importance</td>
</tr>
<tr>
<td valign="top" align="center">
<math display='block' xmlns='http://www.w3.org/1998/Math/MathML'>
 <mover accent='true'>
  <mn>7</mn>
  <mo>&#x02DC;</mo>
 </mover>
 
</math>
</td>
<td valign="top" align="center">(7- Δ,7,7+ Δ)</td>
<td valign="top" align="center">Demonstrated importance</td>
</tr>
<tr>
<td valign="top" align="center">
<math display='block' xmlns='http://www.w3.org/1998/Math/MathML'>
 <mover accent='true'>
  <mn>9</mn>
  <mo>&#x02DC;</mo>
 </mover>
 
</math>
</td>
<td valign="top" align="center">(8,9,9)</td>
<td valign="top" align="center">Extreme importance</td>
</tr>
<tr>
<td valign="top" align="center">
<math display='block' xmlns='http://www.w3.org/1998/Math/MathML'>
 <mrow>
  <mover accent='true'>
   <mn>2</mn>
   <mo>&#x02DC;</mo>
  </mover>
  <mo>,</mo><mover accent='true'>
   <mn>4</mn>
   <mo>&#x02DC;</mo>
  </mover>
  <mo>,</mo><mover accent='true'>
   <mn>6</mn>
   <mo>&#x02DC;</mo>
  </mover>
  <mo>,</mo><mover accent='true'>
   <mn>8</mn>
   <mo>&#x02DC;</mo>
  </mover>
  </mrow>
</math>
</td>
<td valign="top" align="center">(x- Δ, x, x+ Δ)</td>
<td valign="top" align="center">Intermediate values between two adjacent judgments</td>
</tr>
<tr>
<td valign="top" align="center">
<math display='block' xmlns='http://www.w3.org/1998/Math/MathML'>
 <mrow>
  <mn>1</mn><mo>/</mo><mover accent='true'>
   <mtext>x</mtext>
   <mo stretchy='true'>&#x02DC;</mo>
  </mover>
  </mrow>
</math>
</td>
<td valign="bottom" align="center">((1/(x+ Δ,1/x,1/(X- Δ))</td>
<td valign="top" align="center">
</td>
</tr>
<tr>
<td valign="top" align="center">
<math display='block' xmlns='http://www.w3.org/1998/Math/MathML'>
 <mrow>
  <mn>1</mn><mo>/</mo><mover accent='true'>
   <mn>9</mn>
   <mo>&#x02DC;</mo>
  </mover>
  </mrow>
</math>
</td>
<td valign="bottom" align="center">(1/9,1/9,1/8)</td>
<td valign="top" align="center">
</td>
</tr>
</tbody>
</table>
</table-wrap>
<appendix />
</docTable>
<docTable pdf-page="6" table-order="2" data-type-order="6">
<table-wrap id="102118180178MS-tblwrp-2" content-type="structured">
<anchoringText id="Ancr2">where RI is the random index, whose values are tabulated in Table 2. To ensure consistency, CR is not supposed to exceed the threshold value of 0.1.</anchoringText>
<label>Table 2</label>
<caption>Random index used to compute consistency ratio (CR)</caption>
<formatted-caption>
<caption-label>Table</caption-label>
<caption-order>2</caption-order>
<caption-text>Random index used to compute consistency ratio (CR)</caption-text>
</formatted-caption>
<table id="102118180178MS-Tbl_SPi-2" frame="hsides">
<thead>
<tr>
<th valign="bottom" align="center">No. of criteria</th>
<th valign="bottom" align="center">1</th>
<th valign="bottom" align="center">2</th>
<th valign="bottom" align="center">3</th>
<th valign="bottom" align="center">4</th>
<th valign="bottom" align="center">5</th>
<th valign="bottom" align="center">6</th>
<th valign="bottom" align="center">7</th>
<th valign="bottom" align="center">8</th>
<th valign="bottom" align="center">9</th>
<th valign="bottom" align="center">10</th>
</tr>
</thead>
<tbody>
<tr>
<td valign="bottom" align="center">
<b>Random index (RI)</b>
</td>
<td valign="bottom" align="center">0</td>
<td valign="bottom" align="center">0</td>
<td valign="bottom" align="center">0.52</td>
<td valign="bottom" align="center">0.89</td>
<td valign="bottom" align="center">1.11</td>
<td valign="bottom" align="center">1.25</td>
<td valign="bottom" align="center">1.35</td>
<td valign="bottom" align="center">1.4</td>
<td valign="bottom" align="center">1.45</td>
<td valign="bottom" align="center">1.49</td>
</tr>
</tbody>
</table>
</table-wrap>
<appendix />
</docTable>
<docTable pdf-page="6" table-order="3" data-type-order="7">
<table-wrap id="102118180178MS-tblwrp-3" content-type="structured">
<anchoringText id="Ancr3">In this step, fuzzy weights are calculated for each criterion. This can be realized by various methods including eigenvectors, arithmetic means and geometric means, which provide insignificant differences (Hamidi et al., 2008). In this study, the geometric mean method is adopted. To apply this method, one needs to manipulate fuzzy arithmetic operations over fuzzy pairwise comparison matrices. The details of fuzzy arithmetic operations are described in Table 3.</anchoringText>
<label>Table 3</label>
<caption>Common fuzzy arithmetical operations using two TFNs</caption>
<formatted-caption>
<caption-label>Table</caption-label>
<caption-order>3</caption-order>
<caption-text>Common fuzzy arithmetical operations using two TFNs</caption-text>
</formatted-caption>
<table id="102118180178MS-Tbl_SPi-3" frame="hsides">
<thead>
<tr>
<th valign="top" align="center">Operators</th>
<th valign="top" align="center">
<link href="tfn-2">
<sup>a</sup>
</link>Formulae</th>
<th valign="top" align="center">Results</th>
</tr>
</thead>
<tfoot>
<tr>
<td id="tfn-2" colspan="3" align="left">
<sup>a</sup>
<i>A <b>= </b>(a<sub>1</sub>, a<sub>2</sub>, a<sub>3</sub>); B <b>= </b>(b<sub>1</sub>, b<sub>2</sub>, b<sub>3</sub>)</i>
</td>
</tr>
</tfoot>
<tbody>
<tr>
<td valign="top" align="left">Summation</td>
<td valign="top" align="left">A+B</td>
<td valign="top" align="left">
<i>(a<sub>1 </sub>+ b<sub>1</sub>, a<sub>2 </sub>+ b<sub>2</sub>, a<sub>3 </sub>+ b<sub>3</sub>)</i>
</td>
</tr>
<tr>
<td valign="top" align="left">Subtraction</td>
<td valign="top" align="left">A-B</td>
<td valign="top" align="left">
<i>(a<sub>1</sub>-b<sub>1</sub>, a<sub>2</sub>-b<sub>2</sub>, a<sub>3</sub>-b<sub>3</sub>)</i>
</td>
</tr>
<tr>
<td valign="top" align="left">Multiplication</td>
<td valign="top" align="left">AXB</td>
<td valign="top" align="left">
<i>(a<sub>1 </sub>× b<sub>1</sub>, a<sub>2 </sub>× b<sub>2</sub>, a<sub>3 </sub>× b<sub>3</sub>)</i>
</td>
</tr>
<tr>
<td valign="top" align="left">Division</td>
<td valign="top" align="left">A/B</td>
<td valign="top" align="left">
<i>(a<sub>1</sub>/b<sub>3</sub>, a<sub>2</sub>/b<sub>2</sub>, a<sub>3</sub>/b<sub>3</sub>)</i>
</td>
</tr>
<tr>
<td valign="top" align="left">Scalar product</td>
<td valign="top" align="left">Q·B</td>
<td valign="top" align="left">
<i>(Q × b<sub>1</sub>, Q × b<sub>2</sub>, Q × b<sub>3</sub>)</i>
</td>
</tr>
</tbody>
</table>
</table-wrap>
<appendix />
</docTable>
<docTable pdf-page="10" table-order="4" data-type-order="10">
<table-wrap id="102118180178MS-tblwrp-4" content-type="structured">
<anchoringText id="Ancr4">Good match was obtained between the experimental and simulated PVT behavior in terms of GOR, the formation volume factor and viscosities, as illustrated in Figure 5. Compositions of the three fluids are compared in Figure 6 and values of fluid properties are tabulated in Table 4. It is worth mentioning that the effect of temperature was not considered in this study and relevant properties were calculated at a fixed reservoir temperature of 150 °F.</anchoringText>
<label>Table 4</label>
<caption>Summary of fluid properties</caption>
<formatted-caption>
<caption-label>Table</caption-label>
<caption-order>4</caption-order>
<caption-text>Summary of fluid properties</caption-text>
</formatted-caption>
<table id="102118180178MS-Tbl_SPi-4" frame="hsides">
<thead>
<tr>
<th valign="top" align="center" />
<th valign="top" align="center">



I</th>
<th valign="top" align="center">II</th>
<th valign="top" align="center">III</th>
</tr>
</thead>
<tbody>
<tr>
<td valign="top" align="left">Solution gas-oil ratio, scf/stb</td>
<td valign="top" align="center">310</td>
<td valign="top" align="center">478</td>
<td valign="top" align="center">841</td>
</tr>
<tr>
<td valign="top" align="left">Saturation pressure, psi</td>
<td valign="top" align="center">1290.7</td>
<td valign="top" align="center">1683.6</td>
<td valign="top" align="center">2587.6</td>
</tr>
<tr>
<td valign="top" align="left">Formation volume factor, rvb/stb @ saturation pressure</td>
<td valign="top" align="center">1.16</td>
<td valign="top" align="center">1.26</td>
<td valign="top" align="center">1.41</td>
</tr>
<tr>
<td valign="top" align="left">Crude viscosity, cp @ saturation pressure</td>
<td valign="top" align="center">1.44</td>
<td valign="top" align="center">1.15</td>
<td valign="top" align="center">1.20</td>
</tr>
<tr>
<td valign="top" align="left">Crude gravity, °API</td>
<td valign="top" align="center">33</td>
<td valign="top" align="center">38</td>
<td valign="top" align="center">44</td>
</tr>
</tbody>
</table>
</table-wrap>
<appendix />
</docTable>
<docTable pdf-page="11" table-order="5" data-type-order="11">
<table-wrap id="102118180178MS-tblwrp-5" content-type="structured">
<anchoringText id="Ancr5">The base case model established in this study was one section (640 acres) of the Pembina Cardium field with a uniform reservoir thickness of 30 ft. The input parameters for the reservoir model are tabulated in Table 5. It is assumed that the whole field is well maintained with good pressure support. Therefore, initial reservoir pressure is a function of depth and is calculated as the product of the reservoir depth and a pressure gradient of the Pembina Cardium field (0.58 psi/ft) (IHS, 2016).</anchoringText>
<label>Table 5</label>
<caption>Reservoir input for the base case</caption>
<formatted-caption>
<caption-label>Table</caption-label>
<caption-order>5</caption-order>
<caption-text>Reservoir input for the base case</caption-text>
</formatted-caption>
<table id="102118180178MS-Tbl_SPi-5" frame="hsides">
<thead>
<tr>
<th align="center">
<link href="tfn-3">
<sup>a</sup>
</link>Parameter</th>
<th align="center">Value</th>
</tr>
</thead>
<tfoot>
<tr>
<td id="tfn-3" colspan="2" align="left">
<sup>a</sup>Parameters may be varied for sensitivity analysis <br />
<sup>b</sup>This parameter is a function of formation depth</td>
</tr>
</tfoot>
<tbody>
<tr>
<td valign="bottom" align="left">Length, ft</td>
<td valign="bottom" align="center">5,250</td>
</tr>
<tr>
<td valign="bottom" align="left">Width, ft</td>
<td valign="bottom" align="center">5,250</td>
</tr>
<tr>
<td valign="bottom" align="left">Thickness, ft</td>
<td valign="bottom" align="center">30</td>
</tr>
<tr>
<td valign="bottom" align="left">Depth at the top of formation, ft</td>
<td valign="bottom" align="center">6,000</td>
</tr>
<tr>
<td valign="bottom" align="left">
<sup>b</sup>Initial reservoir pressure, psi</td>
<td valign="bottom" align="center">3,480</td>
</tr>
<tr>
<td valign="bottom" align="left">Initial water saturation, %</td>
<td valign="bottom" align="center">0.25</td>
</tr>
<tr>
<td valign="bottom" align="left">Initial oil saturation, %</td>
<td valign="bottom" align="center">0.75</td>
</tr>
<tr>
<td valign="bottom" align="left">Reservoir temperature, °F</td>
<td valign="bottom" align="center">150</td>
</tr>
<tr>
<td valign="bottom" align="left">Avg. porosity, %</td>
<td valign="bottom" align="center">10</td>
</tr>
<tr>
<td valign="bottom" align="left">Avg. horizontal permeability, mD</td>
<td valign="bottom" align="center">0.1</td>
</tr>
<tr>
<td valign="bottom" align="left">Horizontal to vertical permeability ratio</td>
<td valign="bottom" align="center">0.1</td>
</tr>
<tr>
<td valign="bottom" align="left">Reference pressure, psi</td>
<td valign="bottom" align="center">1,000</td>
</tr>
<tr>
<td valign="bottom" align="left">Rock compressibility at P<sub>ref</sub>, psi<sup>-1</sup>
</td>
<td align="center">5.0×10<sup>-6</sup>
</td>
</tr>
<tr>
<td valign="top" align="left">Number of grids (N<sub>x</sub>×N<sub>y</sub>×N<sub>z</sub>)</td>
<td valign="top" align="center">105×105×5</td>
</tr>
<tr>
<td valign="top" align="left">Minimum grid size (D<sub>x</sub>×D<sub>y</sub>×D<sub>z</sub>), ft</td>
<td valign="top" align="center">50×50×6</td>
</tr>
</tbody>
</table>
</table-wrap>
<appendix />
</docTable>
<docTable pdf-page="11" table-order="6" data-type-order="13">
<table-wrap id="102118180178MS-tblwrp-6" content-type="structured">
<anchoringText id="Ancr6">Typically, a stimulated reservoir volume (SRV) is estimated from microseismic event cloud mapping. For simplicity, SRV in this model is represented by a permeability enhanced area around wellbore, as illustrated in Figure 7, and defined as the product of fracture length, well lateral length and formation thickness. Other than permeability, properties within and outside of SRV are assumed to be the same. Table 6 summarizes the properties of the wells and hydraulic fractures, along with operation conditions for the base case. A close view of LGR applied to one of the fractures and the 3D base case model are depicted in Figure 8.</anchoringText>
<label>Table 6</label>
<caption>Properties of wells, fractures and operating conditions for the base case</caption>
<formatted-caption>
<caption-label>Table</caption-label>
<caption-order>6</caption-order>
<caption-text>Properties of wells, fractures and operating conditions for the base case</caption-text>
</formatted-caption>
<table id="102118180178MS-Tbl_SPi-6" frame="hsides">
<thead>
<tr>
<th valign="bottom" align="center">
<link href="tfn-4">
<sup>a</sup>
</link>Parameter</th>
<th valign="bottom" align="center">Value</th>
</tr>
</thead>
<tfoot>
<tr>
<td id="tfn-4" colspan="2" align="left">
<sup>a</sup>Parameters may be varied for sensitivity analysis <br />
<sup>b</sup>S.P. is abbreviated form of saturation pressure <br />
<sup>c</sup>This parameter is a function of formation depth</td>
</tr>
</tfoot>
<tbody>
<tr>
<td valign="bottom" align="left">Well length, ft</td>
<td valign="bottom" align="center">3,500</td>
</tr>
<tr>
<td valign="bottom" align="left">Well spacing, ft</td>
<td align="center">1,000</td>
</tr>
<tr>
<td valign="bottom" align="left">Fracture spacing, ft</td>
<td valign="bottom" align="center">300</td>
</tr>
<tr>
<td valign="bottom" align="left">Fracture half-length, ft</td>
<td valign="bottom" align="center">300</td>
</tr>
<tr>
<td valign="bottom" align="left">Fracture height, ft</td>
<td valign="bottom" align="center">30</td>
</tr>
<tr>
<td valign="top" align="left">Fracture conductivity, mD·ft</td>
<td valign="top" align="center">150</td>
</tr>
<tr>
<td align="left">Skin factor</td>
<td valign="bottom" align="center">0</td>
</tr>
<tr>
<td align="left">k<sub>SRV</sub> multiplier</td>
<td valign="bottom" align="center">2</td>
</tr>
<tr>
<td align="left">Duration of CO<sub>2</sub> injection, year</td>
<td valign="bottom" align="center">10</td>
</tr>
<tr>
<td align="left">Minimum well production BHP, psi</td>
<td align="center">
<sup>b</sup>S.P.</td>
</tr>
<tr>
<td align="left">Maximum oil production rate per well, stb/d</td>
<td align="center">1,000</td>
</tr>
<tr>
<td valign="bottom" align="left">
<sup>c</sup>Maximum well injection BHP, psi</td>
<td valign="bottom" align="center">5,460</td>
</tr>
<tr>
<td align="left">Maximum gas injection rate, mcf/d</td>
<td align="center">2,000</td>
</tr>
<tr>
<td align="left">Formation fracturing pressure gradient, psi/ft</td>
<td align="center">0.91</td>
</tr>
</tbody>
</table>
</table-wrap>
<appendix />
</docTable>
<docTable pdf-page="12" table-order="7" data-type-order="15">
<table-wrap id="102118180178MS-tblwrp-7" content-type="structured">
<anchoringText id="Ancr7">Table 7 and 8 provide a summary of all criteria considered and the levels associated with each. The D-optimal design was applied to generate simulation runs. A total of 20 runs and 16 runs were required for the reservoir quality group and the well completion quality group, respectively. By using the aforementioned reservoir model, recovery factors were obtained through compositional simulations of a 10-year CO2 injection. The generated simulation runs and the corresponding recovery factor for each run are tabulated in Table 9 and Table 10.</anchoringText>
<label>Table 7</label>
<caption>Reservoir quality criteria and the associated levels for sensitivity runs</caption>
<formatted-caption>
<caption-label>Table</caption-label>
<caption-order>7</caption-order>
<caption-text>Reservoir quality criteria and the associated levels for sensitivity runs</caption-text>
</formatted-caption>
<table id="102118180178MS-Tbl_SPi-7" frame="hsides">
<thead>
<tr>
<th align="center">Factor</th>
<th align="center">Low</th>
<th align="center">Medium</th>
<th align="center">High</th>
</tr>
</thead>
<tbody>
<tr>
<td valign="bottom" align="left">A: Remaining oil in place, %</td>
<td valign="bottom" align="center">0.45</td>
<td valign="bottom" align="center">-</td>
<td valign="bottom" align="center">0.75</td>
</tr>
<tr>
<td valign="bottom" align="left">B: Permeability, mD</td>
<td valign="bottom" align="center">0.1</td>
<td valign="bottom" align="center">-</td>
<td valign="bottom" align="center">1</td>
</tr>
<tr>
<td valign="bottom" align="left">C: Depth, ft</td>
<td valign="bottom" align="center">5,000</td>
<td valign="bottom" align="center">-</td>
<td valign="bottom" align="center">8,000</td>
</tr>
<tr>
<td align="left">D: Fluid, type</td>
<td align="center">I</td>
<td align="center">II</td>
<td align="center">III</td>
</tr>
</tbody>
</table>
</table-wrap>
<appendix />
</docTable>
<docTable pdf-page="12" table-order="8" data-type-order="16">
<table-wrap id="102118180178MS-tblwrp-8" content-type="structured">
<anchoringText id="Ancr8">Table 7 and 8 provide a summary of all criteria considered and the levels associated with each. The D-optimal design was applied to generate simulation runs. A total of 20 runs and 16 runs were required for the reservoir quality group and the well completion quality group, respectively. By using the aforementioned reservoir model, recovery factors were obtained through compositional simulations of a 10-year CO2 injection. The generated simulation runs and the corresponding recovery factor for each run are tabulated in Table 9 and Table 10.</anchoringText>
<label>Table 8</label>
<caption>Well completion quality criteria and the associated levels for sensitivity runs</caption>
<formatted-caption>
<caption-label>Table</caption-label>
<caption-order>8</caption-order>
<caption-text>Well completion quality criteria and the associated levels for sensitivity runs</caption-text>
</formatted-caption>
<table id="102118180178MS-Tbl_SPi-8" frame="hsides">
<thead>
<tr>
<th valign="bottom" align="center">Factor</th>
<th valign="bottom" align="center">Low</th>
<th valign="bottom" align="center">High</th>
</tr>
</thead>
<tbody>
<tr>
<td valign="bottom" align="left">A: Well lateral length, ft</td>
<td valign="bottom" align="center">2,500</td>
<td valign="bottom" align="center">5,000</td>
</tr>
<tr>
<td valign="bottom" align="left">B: Well spacing, ft</td>
<td valign="bottom" align="center">800</td>
<td valign="bottom" align="center">1,500</td>
</tr>
<tr>
<td valign="bottom" align="left">C: Fracture spacing, ft</td>
<td valign="bottom" align="center">300</td>
<td valign="bottom" align="center">500</td>
</tr>
<tr>
<td valign="bottom" align="left">D: Fracture half-length (SRV), ft (ft<sup>3</sup>)</td>
<td valign="bottom" align="center">200</td>
<td valign="bottom" align="center">400</td>
</tr>
<tr>
<td align="left">E: Skin factor</td>
<td align="center">0</td>
<td align="center">3</td>
</tr>
</tbody>
</table>
</table-wrap>
<appendix />
</docTable>
<docTable pdf-page="13" table-order="9" data-type-order="17">
<table-wrap id="102118180178MS-tblwrp-9" content-type="structured">
<anchoringText id="Ancr9">Table 7 and 8 provide a summary of all criteria considered and the levels associated with each. The D-optimal design was applied to generate simulation runs. A total of 20 runs and 16 runs were required for the reservoir quality group and the well completion quality group, respectively. By using the aforementioned reservoir model, recovery factors were obtained through compositional simulations of a 10-year CO2 injection. The generated simulation runs and the corresponding recovery factor for each run are tabulated in Table 9 and Table 10.</anchoringText>
<label>Table 9</label>
<caption>Factors and the associated levels for sensitivity runs for reservoir quality group</caption>
<formatted-caption>
<caption-label>Table</caption-label>
<caption-order>9</caption-order>
<caption-text>Factors and the associated levels for sensitivity runs for reservoir quality group</caption-text>
</formatted-caption>
<table id="102118180178MS-Tbl_SPi-9" frame="hsides">
<thead>
<tr>
<th valign="top" align="center">Run</th>
<th align="center">Remaining oil in place, %</th>
<th valign="bottom" align="center">Permeability, mD</th>
<th valign="bottom" align="center">Depth, ft</th>
<th valign="bottom" align="center">Fluid, type</th>
<th valign="bottom" align="center">Recovery factor</th>
</tr>
</thead>
<tbody>
<tr>
<td valign="bottom" align="center">1</td>
<td valign="bottom" align="center">0.45</td>
<td valign="bottom" align="center">0.1</td>
<td valign="bottom" align="center">8,000</td>
<td valign="bottom" align="center">I</td>
<td valign="bottom" align="center">0.1081</td>
</tr>
<tr>
<td valign="bottom" align="center">2</td>
<td valign="bottom" align="center">0.75</td>
<td valign="bottom" align="center">1</td>
<td valign="bottom" align="center">8,000</td>
<td valign="bottom" align="center">II</td>
<td valign="bottom" align="center">0.4637</td>
</tr>
<tr>
<td valign="bottom" align="center">3</td>
<td valign="bottom" align="center">0.45</td>
<td valign="bottom" align="center">0.1</td>
<td valign="bottom" align="center">8,000</td>
<td valign="bottom" align="center">III</td>
<td valign="bottom" align="center">0.2575</td>
</tr>
<tr>
<td valign="bottom" align="center">4</td>
<td valign="bottom" align="center">0.45</td>
<td valign="bottom" align="center">1</td>
<td valign="bottom" align="center">5,000</td>
<td valign="bottom" align="center">I</td>
<td valign="bottom" align="center">0.2545</td>
</tr>
<tr>
<td valign="bottom" align="center">5</td>
<td valign="bottom" align="center">0.75</td>
<td valign="bottom" align="center">1</td>
<td valign="bottom" align="center">5,000</td>
<td valign="bottom" align="center">I</td>
<td valign="bottom" align="center">0.3378</td>
</tr>
<tr>
<td valign="bottom" align="center">6</td>
<td valign="bottom" align="center">0.45</td>
<td valign="bottom" align="center">0.1</td>
<td valign="bottom" align="center">8,000</td>
<td valign="bottom" align="center">III</td>
<td valign="bottom" align="center">0.0978</td>
</tr>
<tr>
<td valign="bottom" align="center">7</td>
<td valign="bottom" align="center">0.75</td>
<td valign="bottom" align="center">0.1</td>
<td valign="bottom" align="center">8,000</td>
<td valign="bottom" align="center">II</td>
<td valign="bottom" align="center">0.3497</td>
</tr>
<tr>
<td valign="bottom" align="center">8</td>
<td valign="bottom" align="center">0.75</td>
<td valign="bottom" align="center">0.1</td>
<td valign="bottom" align="center">5,000</td>
<td valign="bottom" align="center">III</td>
<td valign="bottom" align="center">0.0833</td>
</tr>
<tr>
<td valign="bottom" align="center">9</td>
<td valign="bottom" align="center">0.75</td>
<td valign="bottom" align="center">0.1</td>
<td valign="bottom" align="center">8,000</td>
<td valign="bottom" align="center">II</td>
<td valign="bottom" align="center">0.1548</td>
</tr>
<tr>
<td valign="bottom" align="center">10</td>
<td valign="bottom" align="center">0.75</td>
<td valign="bottom" align="center">1</td>
<td valign="bottom" align="center">5,000</td>
<td valign="bottom" align="center">III</td>
<td valign="bottom" align="center">0.2977</td>
</tr>
<tr>
<td valign="bottom" align="center">11</td>
<td valign="bottom" align="center">0.45</td>
<td valign="bottom" align="center">0.1</td>
<td valign="bottom" align="center">5,000</td>
<td valign="bottom" align="center">I</td>
<td valign="bottom" align="center">0.0647</td>
</tr>
<tr>
<td valign="bottom" align="center">12</td>
<td valign="bottom" align="center">0.75</td>
<td valign="bottom" align="center">0.1</td>
<td valign="bottom" align="center">5,000</td>
<td valign="bottom" align="center">I</td>
<td valign="bottom" align="center">0.1026</td>
</tr>
<tr>
<td valign="bottom" align="center">13</td>
<td valign="bottom" align="center">0.45</td>
<td valign="bottom" align="center">0.1</td>
<td valign="bottom" align="center">5,000</td>
<td valign="bottom" align="center">III</td>
<td valign="bottom" align="center">0.0421</td>
</tr>
<tr>
<td valign="bottom" align="center">14</td>
<td valign="bottom" align="center">0.45</td>
<td valign="bottom" align="center">1</td>
<td valign="bottom" align="center">8,000</td>
<td valign="bottom" align="center">III</td>
<td valign="bottom" align="center">0.2651</td>
</tr>
<tr>
<td valign="bottom" align="center">15</td>
<td valign="bottom" align="center">0.45</td>
<td valign="bottom" align="center">1</td>
<td valign="bottom" align="center">5,000</td>
<td valign="bottom" align="center">II</td>
<td valign="bottom" align="center">0.4220</td>
</tr>
<tr>
<td valign="bottom" align="center">16</td>
<td valign="bottom" align="center">0.75</td>
<td valign="bottom" align="center">0.1</td>
<td valign="bottom" align="center">8,000</td>
<td valign="bottom" align="center">III</td>
<td valign="bottom" align="center">0.1563</td>
</tr>
<tr>
<td valign="bottom" align="center">17</td>
<td valign="bottom" align="center">0.75</td>
<td valign="bottom" align="center">0.1</td>
<td valign="bottom" align="center">5,000</td>
<td valign="bottom" align="center">II</td>
<td valign="bottom" align="center">0.2860</td>
</tr>
<tr>
<td valign="bottom" align="center">18</td>
<td valign="bottom" align="center">0.45</td>
<td valign="bottom" align="center">1</td>
<td valign="bottom" align="center">8,000</td>
<td valign="bottom" align="center">II</td>
<td valign="bottom" align="center">0.4374</td>
</tr>
<tr>
<td valign="bottom" align="center">19</td>
<td valign="bottom" align="center">0.75</td>
<td valign="bottom" align="center">1</td>
<td valign="bottom" align="center">8,000</td>
<td valign="bottom" align="center">III</td>
<td valign="bottom" align="center">0.3467</td>
</tr>
<tr>
<td align="center">20</td>
<td align="center">0.75</td>
<td align="center">1</td>
<td align="center">8,000</td>
<td align="center">I</td>
<td align="center">0.3610</td>
</tr>
</tbody>
</table>
</table-wrap>
<appendix />
</docTable>
<docTable pdf-page="13" table-order="10" data-type-order="18">
<table-wrap id="102118180178MS-tblwrp-10" content-type="structured">
<anchoringText id="Ancr10">Table 7 and 8 provide a summary of all criteria considered and the levels associated with each. The D-optimal design was applied to generate simulation runs. A total of 20 runs and 16 runs were required for the reservoir quality group and the well completion quality group, respectively. By using the aforementioned reservoir model, recovery factors were obtained through compositional simulations of a 10-year CO2 injection. The generated simulation runs and the corresponding recovery factor for each run are tabulated in Table 9 and Table 10.</anchoringText>
<label>&#x003C;a id="bookmark17"&#x003E;Table 10</label>
<caption>
Factors and the associated levels for sensitivity runs for completion quality group
</caption>
<formatted-caption>
<caption-label>Table</caption-label>
<caption-order>10</caption-order>
<caption-text>
Factors and the associated levels for sensitivity runs for completion quality group
</caption-text>
</formatted-caption>
<table id="102118180178MS-Tbl_SPi-10" frame="hsides">
<thead>
<tr>
<th valign="bottom" align="center">Run</th>
<th align="center">Well lateral length, ft</th>
<th valign="bottom" align="center">Well spacing, ft</th>
<th align="center">Fracture spacing, ft</th>
<th valign="bottom" align="center">x<sub>f</sub> (SRV), ft (ft<sup>3</sup>)</th>
<th valign="bottom" align="center">Skin factor</th>
<th valign="bottom" align="center">Recovery factor</th>
</tr>
</thead>
<tbody>
<tr>
<td valign="bottom" align="center">1</td>
<td valign="bottom" align="center">5,000</td>
<td valign="bottom" align="center">1,500</td>
<td valign="bottom" align="center">500</td>
<td valign="bottom" align="center">400</td>
<td valign="bottom" align="center">3</td>
<td valign="bottom" align="center">0.2708</td>
</tr>
<tr>
<td valign="bottom" align="center">2</td>
<td valign="bottom" align="center">5,000</td>
<td valign="bottom" align="center">800</td>
<td valign="bottom" align="center">300</td>
<td valign="bottom" align="center">200</td>
<td valign="bottom" align="center">0</td>
<td valign="bottom" align="center">0.2685</td>
</tr>
<tr>
<td valign="bottom" align="center">3</td>
<td valign="bottom" align="center">5,000</td>
<td valign="bottom" align="center">1,500</td>
<td valign="bottom" align="center">300</td>
<td valign="bottom" align="center">200</td>
<td valign="bottom" align="center">3</td>
<td valign="bottom" align="center">0.2138</td>
</tr>
<tr>
<td valign="bottom" align="center">4</td>
<td valign="bottom" align="center">5,000</td>
<td valign="bottom" align="center">1,500</td>
<td valign="bottom" align="center">500</td>
<td valign="bottom" align="center">200</td>
<td valign="bottom" align="center">0</td>
<td valign="bottom" align="center">0.2430</td>
</tr>
<tr>
<td valign="bottom" align="center">5</td>
<td valign="bottom" align="center">5,000</td>
<td valign="bottom" align="center">800</td>
<td valign="bottom" align="center">500</td>
<td valign="bottom" align="center">400</td>
<td valign="bottom" align="center">0</td>
<td valign="bottom" align="center">0.2952</td>
</tr>
<tr>
<td valign="bottom" align="center">6</td>
<td valign="bottom" align="center">2,500</td>
<td valign="bottom" align="center">800</td>
<td valign="bottom" align="center">300</td>
<td valign="bottom" align="center">400</td>
<td valign="bottom" align="center">0</td>
<td valign="bottom" align="center">0.1856</td>
</tr>
<tr>
<td valign="bottom" align="center">7</td>
<td valign="bottom" align="center">5,000</td>
<td valign="bottom" align="center">800</td>
<td valign="bottom" align="center">300</td>
<td valign="bottom" align="center">400</td>
<td valign="bottom" align="center">3</td>
<td valign="bottom" align="center">0.2440</td>
</tr>
<tr>
<td valign="bottom" align="center">8</td>
<td valign="bottom" align="center">2,500</td>
<td valign="bottom" align="center">1,500</td>
<td valign="bottom" align="center">500</td>
<td valign="bottom" align="center">200</td>
<td valign="bottom" align="center">3</td>
<td valign="bottom" align="center">0.1355</td>
</tr>
<tr>
<td valign="bottom" align="center">9</td>
<td valign="bottom" align="center">2,500</td>
<td valign="bottom" align="center">800</td>
<td valign="bottom" align="center">500</td>
<td valign="bottom" align="center">400</td>
<td valign="bottom" align="center">3</td>
<td valign="bottom" align="center">0.1984</td>
</tr>
<tr>
<td valign="bottom" align="center">10</td>
<td valign="bottom" align="center">5,000</td>
<td valign="bottom" align="center">1,500</td>
<td valign="bottom" align="center">300</td>
<td valign="bottom" align="center">400</td>
<td valign="bottom" align="center">0</td>
<td valign="bottom" align="center">0.2803</td>
</tr>
<tr>
<td valign="bottom" align="center">11</td>
<td valign="bottom" align="center">2,500</td>
<td valign="bottom" align="center">1,500</td>
<td valign="bottom" align="center">300</td>
<td valign="bottom" align="center">400</td>
<td valign="bottom" align="center">3</td>
<td valign="bottom" align="center">0.1982</td>
</tr>
<tr>
<td valign="bottom" align="center">12</td>
<td valign="bottom" align="center">2,500</td>
<td valign="bottom" align="center">1,500</td>
<td valign="bottom" align="center">500</td>
<td valign="bottom" align="center">400</td>
<td valign="bottom" align="center">0</td>
<td valign="bottom" align="center">0.1787</td>
</tr>
<tr>
<td valign="bottom" align="center">13</td>
<td valign="bottom" align="center">2,500</td>
<td valign="bottom" align="center">800</td>
<td valign="bottom" align="center">500</td>
<td valign="bottom" align="center">200</td>
<td valign="bottom" align="center">0</td>
<td valign="bottom" align="center">0.2068</td>
</tr>
<tr>
<td valign="bottom" align="center">14</td>
<td valign="bottom" align="center">2,500</td>
<td valign="bottom" align="center">800</td>
<td valign="bottom" align="center">300</td>
<td valign="bottom" align="center">200</td>
<td valign="bottom" align="center">3</td>
<td valign="bottom" align="center">0.2051</td>
</tr>
<tr>
<td valign="bottom" align="center">15</td>
<td valign="bottom" align="center">2,500</td>
<td valign="bottom" align="center">1,500</td>
<td valign="bottom" align="center">300</td>
<td valign="bottom" align="center">200</td>
<td valign="bottom" align="center">0</td>
<td valign="bottom" align="center">0.1469</td>
</tr>
<tr>
<td align="center">16</td>
<td align="center">5,000</td>
<td align="center">800</td>
<td align="center">500</td>
<td align="center">200</td>
<td align="center">3</td>
<td align="center">0.2669</td>
</tr>
</tbody>
</table>
</table-wrap>
<appendix />
</docTable>
<docTable pdf-page="14" table-order="11" data-type-order="21">
<table-wrap id="102118180178MS-tblwrp-11" content-type="structured">
<anchoringText id="Ancr11"> </anchoringText>
<label>Table 11</label>
<caption>Pairwise comparison matrix of all reservoir quality criteria</caption>
<formatted-caption>
<caption-label>Table</caption-label>
<caption-order>11</caption-order>
<caption-text>Pairwise comparison matrix of all reservoir quality criteria</caption-text>
</formatted-caption>
<table id="102118180178MS-Tbl_SPi-11" frame="hsides">
<thead>
<tr>
<th valign="top" align="center" />
<th valign="bottom" align="center">X<sup>3</sup>
<sub>1</sub>,<sub>1</sub>
</th>
<th valign="bottom" align="center">X<sup>3</sup>
<sub>2,1</sub>
</th>
<th valign="bottom" align="center">X<sup>3</sup>
<sub>3,1</sub>
</th>
<th valign="bottom" align="center">X<sup>3</sup>
<sub>4,1</sub>
</th>
</tr>
</thead>
<tbody>
<tr>
<td valign="bottom" align="left">Remaining oil in place (X<sup>3</sup>
<sub>1</sub>,<sub>1</sub>)</td>
<td valign="bottom" align="left">
<math display='block' xmlns='http://www.w3.org/1998/Math/MathML'>
 <mover accent='true'>
  <mn>1</mn>
  <mo>&#x02DC;</mo>
 </mover>
 
</math>
</td>
<td valign="bottom" align="left">
<math display='block' xmlns='http://www.w3.org/1998/Math/MathML'>
 <mrow>
  <mn>1</mn><mo>/</mo><mover accent='true'>
   <mn>6</mn>
   <mo>&#x02DC;</mo>
  </mover>
  </mrow>
</math>
</td>
<td valign="top" align="left">
<math display='block' xmlns='http://www.w3.org/1998/Math/MathML'>
 <mover accent='true'>
  <mn>3</mn>
  <mo>&#x02DC;</mo>
 </mover>
 
</math>
</td>
<td valign="top" align="left">
<math display='block' xmlns='http://www.w3.org/1998/Math/MathML'>
 <mrow>
  <mn>1</mn><mo>/</mo><mover accent='true'>
   <mn>5</mn>
   <mo>&#x02DC;</mo>
  </mover>
  </mrow>
</math>
</td>
</tr>
<tr>
<td align="left">Permeability (X<sup>3</sup>
<sub>2,1</sub>)</td>
<td valign="top" align="left">
<math display='block' xmlns='http://www.w3.org/1998/Math/MathML'>
 <mover accent='true'>
  <mn>6</mn>
  <mo>&#x02DC;</mo>
 </mover>
 
</math>
</td>
<td valign="top" align="left">
<math display='block' xmlns='http://www.w3.org/1998/Math/MathML'>
 <mover accent='true'>
  <mn>1</mn>
  <mo>&#x02DC;</mo>
 </mover>
 
</math>
</td>
<td valign="top" align="left">
<math display='block' xmlns='http://www.w3.org/1998/Math/MathML'>
 <mover accent='true'>
  <mn>9</mn>
  <mo stretchy='true'>&#x02DC;</mo>
 </mover>
 
</math>
</td>
<td valign="top" align="left">
<math display='block' xmlns='http://www.w3.org/1998/Math/MathML'>
 <mover accent='true'>
  <mn>2</mn>
  <mo>&#x02DC;</mo>
 </mover>
 
</math>
</td>
</tr>
<tr>
<td valign="top" align="left">Depth (X<sup>3</sup>
<sub>3,1</sub>)</td>
<td valign="top" align="left">
<math display='block' xmlns='http://www.w3.org/1998/Math/MathML'>
 <mn>1</mn><mo>/</mo><mover accent='true'>
  <mn>3</mn>
  <mo>&#x02DC;</mo>
 </mover>
 
</math>
</td>
<td valign="top" align="left">
<math display='block' xmlns='http://www.w3.org/1998/Math/MathML'>
 <mn>1</mn><mo>/</mo><mover accent='true'>
  <mn>9</mn>
  <mo>&#x02DC;</mo>
 </mover>
 
</math>
</td>
<td valign="top" align="left">
<math display='block' xmlns='http://www.w3.org/1998/Math/MathML'>
 <mover accent='true'>
  <mn>1</mn>
  <mo>&#x02DC;</mo>
 </mover>
 
</math>
</td>
<td valign="top" align="left">
<math display='block' xmlns='http://www.w3.org/1998/Math/MathML'>
 <mn>1</mn><mo>/</mo><mover accent='true'>
  <mn>8</mn>
  <mo>&#x02DC;</mo>
 </mover>
 
</math>
</td>
</tr>
<tr>
<td valign="bottom" align="left">Fluid type (X<sup>3</sup>
<sub>4,1</sub>)</td>
<td valign="top" align="left">
<math display='block' xmlns='http://www.w3.org/1998/Math/MathML'>
 <mover accent='true'>
  <mn>5</mn>
  <mo>&#x02DC;</mo>
 </mover>
 
</math>
</td>
<td valign="top" align="left">
<math display='block' xmlns='http://www.w3.org/1998/Math/MathML'>
 <mn>1</mn><mo>/</mo><mover accent='true'>
  <mn>2</mn>
  <mo>&#x02DC;</mo>
 </mover>
 
</math>
</td>
<td valign="top" align="left">
<math display='block' xmlns='http://www.w3.org/1998/Math/MathML'>
 <mover accent='true'>
  <mn>8</mn>
  <mo>&#x02DC;</mo>
 </mover>
 
</math>
</td>
<td valign="top" align="left">
<math display='block' xmlns='http://www.w3.org/1998/Math/MathML'>
 <mover accent='true'>
  <mn>1</mn>
  <mo>&#x02DC;</mo>
 </mover>
 
</math>
</td>
</tr>
</tbody>
</table>
</table-wrap>
<appendix />
</docTable>
<docTable pdf-page="14" table-order="12" data-type-order="22">
<table-wrap id="102118180178MS-tblwrp-12" content-type="structured">
<anchoringText id="Ancr12"> </anchoringText>
<label>Table 12</label>
<caption>Pairwise comparison matrix of all well completion quality criteria</caption>
<formatted-caption>
<caption-label>Table</caption-label>
<caption-order>12</caption-order>
<caption-text>Pairwise comparison matrix of all well completion quality criteria</caption-text>
</formatted-caption>
<table id="102118180178MS-Tbl_SPi-12" frame="hsides">
<thead>
<tr>
<th valign="top" align="center" />
<th valign="top" align="center">X<sup>3</sup>
<sub>1,2</sub>
</th>
<th valign="top" align="center">X<sup>3</sup>
<sub>2</sub>,<sub>2</sub>
</th>
<th valign="top" align="center">x<sup>3</sup>
<sub>3</sub>.<sub>2</sub>
</th>
<th valign="top" align="center">X<sup>3</sup>
<sub>4</sub>.<sub>2</sub>
</th>
<th valign="top" align="center">X<sup>3</sup>
<sub>5</sub>,<sub>2</sub>
</th>
</tr>
</thead>
<tbody>
<tr>
<td valign="top" align="left">Well lateral length (X<sup>3</sup>
<sub>1,2</sub>)</td>
<td valign="top" align="left">
<math display='block' xmlns='http://www.w3.org/1998/Math/MathML'>
 <mover accent='true'>
  <mn>1</mn>
  <mo>&#x02DC;</mo>
 </mover>
 
</math>
</td>
<td valign="top" align="left">
<math display='block' xmlns='http://www.w3.org/1998/Math/MathML'>
 <mover accent='true'>
  <mn>5</mn>
  <mo>&#x02DC;</mo>
 </mover>
 
</math>
</td>
<td valign="top" align="left">
<math display='block' xmlns='http://www.w3.org/1998/Math/MathML'>
 <mover accent='true'>
  <mn>8</mn>
  <mo>&#x02DC;</mo>
 </mover>
 
</math>
</td>
<td valign="top" align="left">
<math display='block' xmlns='http://www.w3.org/1998/Math/MathML'>
 <mover accent='true'>
  <mn>6</mn>
  <mo>&#x02DC;</mo>
 </mover>
 
</math>
</td>
<td valign="top" align="left">
<math display='block' xmlns='http://www.w3.org/1998/Math/MathML'>
 <mover accent='true'>
  <mn>9</mn>
  <mo>&#x02DC;</mo>
 </mover>
</math>
</td>
</tr>
<tr>
<td valign="top" align="left">Well spacing (X<sup>3</sup>
<sub>2</sub>,<sub>2</sub>)</td>
<td valign="top" align="left">
<math display='block' xmlns='http://www.w3.org/1998/Math/MathML'>
 <mn>1</mn><mo>/</mo><mover accent='true'>
  <mn>5</mn>
  <mo>&#x02DC;</mo>
 </mover>
 
</math>

</td>
<td valign="top" align="left">
<math display='block' xmlns='http://www.w3.org/1998/Math/MathML'>
 <mover accent='true'>
  <mn>1</mn>
  <mo>&#x02DC;</mo>
 </mover>
 
</math>

</td>
<td valign="top" align="left">
<math display='block' xmlns='http://www.w3.org/1998/Math/MathML'>
 <mover accent='true'>
  <mn>4</mn>
  <mo>&#x02DC;</mo>
 </mover>
 
</math>

</td>
<td valign="top" align="left">
<math display='block' xmlns='http://www.w3.org/1998/Math/MathML'>
 <mover accent='true'>
  <mn>3</mn>
  <mo>&#x02DC;</mo>
 </mover>
 
</math>


</td>
<td valign="top" align="left">
<math display='block' xmlns='http://www.w3.org/1998/Math/MathML'>
 <mover accent='true'>
  <mn>5</mn>
  <mo>&#x02DC;</mo>
 </mover>
 
</math>



</td>
</tr>
<tr>
<td valign="top" align="left">Fracture spacing (X<sup>3</sup>
<sub>3</sub>,<sub>2</sub>)</td>
<td valign="top" align="left">
<math display='block' xmlns='http://www.w3.org/1998/Math/MathML'>
 <mn>1</mn><mo>/</mo><mover accent='true'>
  <mn>8</mn>
  <mo>&#x02DC;</mo>
 </mover>
 
</math>

</td>
<td valign="top" align="left">
<math display='block' xmlns='http://www.w3.org/1998/Math/MathML'>
 <mn>1</mn><mo>/</mo><mover accent='true'>
  <mn>4</mn>
  <mo>&#x02DC;</mo>
 </mover>
 
</math>

</td>
<td valign="top" align="left">
<math display='block' xmlns='http://www.w3.org/1998/Math/MathML'>
 <mover accent='true'>
  <mn>1</mn>
  <mo>&#x02DC;</mo>
 </mover>
 
</math>
</td>
<td valign="top" align="left">
<math display='block' xmlns='http://www.w3.org/1998/Math/MathML'>
 <mn>1</mn><mo>/</mo><mover accent='true'>
  <mn>3</mn>
  <mo>&#x02DC;</mo>
 </mover>
 
</math>
</td>
<td valign="top" align="left">
<math display='block' xmlns='http://www.w3.org/1998/Math/MathML'>
 <mover accent='true'>
  <mn>2</mn>
  <mo>&#x02DC;</mo>
 </mover>
 
</math>
</td>
</tr>
<tr>
<td valign="bottom" align="left">SRV/X<sub>f</sub> (X<sup>3</sup>
<sub>4</sub>.<sub>2</sub>)</td>
<td valign="top" align="left">
<math display='block' xmlns='http://www.w3.org/1998/Math/MathML'>
 <mn>1</mn><mo>/</mo><mover accent='true'>
  <mn>6</mn>
  <mo>&#x02DC;</mo>
 </mover>
 
</math>
</td>
<td valign="top" align="left">
<math display='block' xmlns='http://www.w3.org/1998/Math/MathML'>
 <mn>1</mn><mo>/</mo><mover accent='true'>
  <mn>3</mn>
  <mo>&#x02DC;</mo>
 </mover>
 
</math>

</td>
<td valign="top" align="left">
<math display='block' xmlns='http://www.w3.org/1998/Math/MathML'>
 <mover accent='true'>
  <mn>3</mn>
  <mo>&#x02DC;</mo>
 </mover>
 
</math>
</td>
<td valign="top" align="left">
<math display='block' xmlns='http://www.w3.org/1998/Math/MathML'>
 <mover accent='true'>
  <mn>1</mn>
  <mo>&#x02DC;</mo>
 </mover>
 
</math>
</td>
<td valign="top" align="left">
<math display='block' xmlns='http://www.w3.org/1998/Math/MathML'>
 <mover accent='true'>
  <mn>3</mn>
  <mo>&#x02DC;</mo>
 </mover>
 
</math>
</td>
</tr>
<tr>
<td valign="top" align="left">Skin factor (X<sup>3</sup>
<sub>5</sub>,<sub>2</sub>)</td>
<td valign="top" align="left">
<math display='block' xmlns='http://www.w3.org/1998/Math/MathML'>
 <mn>1</mn><mo>/</mo><mover accent='true'>
  <mn>9</mn>
  <mo>&#x02DC;</mo>
 </mover>
 
</math>
</td>
<td valign="top" align="left">
<math display='block' xmlns='http://www.w3.org/1998/Math/MathML'>
 <mn>1</mn><mo>/</mo><mover accent='true'>
  <mn>5</mn>
  <mo>&#x02DC;</mo>
 </mover>
 
</math>
</td>
<td valign="top" align="left">
<math display='block' xmlns='http://www.w3.org/1998/Math/MathML'>
 <mn>1</mn><mo>/</mo><mn>2</mn>
</math>
</td>
<td valign="top" align="left">
<math display='block' xmlns='http://www.w3.org/1998/Math/MathML'>
 <mn>1</mn><mo>/</mo><mover accent='true'>
  <mn>3</mn>
  <mo>&#x02DC;</mo>
 </mover>
 
</math>
</td>
<td valign="top" align="left">
<math display='block' xmlns='http://www.w3.org/1998/Math/MathML'>
 <mover accent='true'>
  <mn>1</mn>
  <mo>&#x02DC;</mo>
 </mover>
 
</math>
</td>
</tr>
</tbody>
</table>
</table-wrap>
<appendix />
</docTable>
<docTable pdf-page="17" table-order="13" data-type-order="25">
<table-wrap id="102118180178MS-tblwrp-13" content-type="structured">
<anchoringText id="Ancr13">For the purpose of grading and ranking candidate well pads, an optimal set of reservoir and well completion parameters that provides for the best CO2-EOR performance was searched by applying numerical simulations on the base case. Nearly a hundred simulation runs were carried out, with the results demonstrated in Figures 11 and 12. The values of parameters that optimize process performance, as given by the simulation runs, are listed in Table 13.</anchoringText>
<label>Table 13</label>
<caption>Fuzzy weights, global weights and optimum value of each criterion</caption>
<formatted-caption>
<caption-label>Table</caption-label>
<caption-order>13</caption-order>
<caption-text>Fuzzy weights, global weights and optimum value of each criterion</caption-text>
</formatted-caption>
<table id="102118180178MS-Tbl_SPi-13" frame="hsides">
<thead>
<tr>
<th valign="bottom" align="center">Level 2</th>
<th valign="bottom" align="center">
<math display='block' xmlns='http://www.w3.org/1998/Math/MathML'>
 <mrow>
  <msub>
   <mover accent='true'>
    <mi>W</mi>
    <mo>&#x02DC;</mo>
   </mover>
   
   <mn>1</mn>
  </msub>
  </mrow>
</math>
</th>
<th valign="bottom" align="center">Level 3</th>
<th align="center">
<math display='block' xmlns='http://www.w3.org/1998/Math/MathML'>
 <mrow>
  <msub>
   <mover accent='true'>
    <mi>W</mi>
    <mo>&#x02DC;</mo>
   </mover>
   
   <mn>2</mn>
  </msub>
  </mrow>
</math>
</th>
<th valign="bottom" align="center">
<math display='block' xmlns='http://www.w3.org/1998/Math/MathML'>
 <mrow>
  <msub>
   <mover accent='true'>
    <mi>G</mi>
    <mo>&#x02DC;</mo>
   </mover>
   
   <mn>2</mn>
  </msub>
  </mrow>
</math>
</th>
<th valign="bottom" align="center">G<sub>2</sub>
</th>
<th valign="bottom" align="center">Optimum</th>
</tr>
</thead>
<tfoot>
<tr>
<td id="tfn-5" colspan="7" align="left">a The longest lateral length of candidate well pads to be ranked <br /> b The smallest skin factor of candidate well pads to be ranked</td>
</tr>
</tfoot>
<tbody>
<tr>
<td rowspan="4" valign="bottom" align="left">Reservoir quality, X<sup>2</sup>
<sub>1,1</sub>
</td>
<td valign="bottom" align="left">(0.52,0.75,1.04)</td>
<td valign="bottom" align="left">Remaining oil in place, X<sup>3</sup>
<sub>1,1</sub>
</td>
<td valign="bottom" align="left">(0.06,0.09,0.13)</td>
<td valign="bottom" align="left">(0.03,0.07,0.14)</td>
<td valign="bottom" align="center">0.07</td>
<td valign="bottom" align="center">0.75</td>
</tr>
<tr>
<td valign="top" align="left">
</td>
<td valign="bottom" align="left">Permeability, X<sup>3</sup>
<sub>2,1</sub>
</td>
<td valign="bottom" align="left">(0.34,0.52,0.75)</td>
<td valign="bottom" align="left">(0.18,0.39,0.78)</td>
<td valign="bottom" align="center">0.38</td>
<td valign="bottom" align="center">1</td>
</tr>
<tr>
<td valign="top" align="left">
</td>
<td valign="bottom" align="left">Depth, X<sup>3</sup>
<sub>3,1</sub>
</td>
<td valign="bottom" align="left">(0.03,0.04,0.06)</td>
<td valign="bottom" align="left">(0.02,0.03,0.06)</td>
<td valign="bottom" align="center">0.03</td>
<td valign="bottom" align="center">7,000</td>
</tr>
<tr>
<td valign="top" align="left">
</td>
<td valign="bottom" align="left">Fluid type, X<sup>3</sup>
<sub>4,1</sub>
</td>
<td valign="bottom" align="left">(0.24,0.34,0.56)</td>
<td valign="bottom" align="left">(0.12,0.26,0.57)</td>
<td valign="bottom" align="center">0.27</td>
<td valign="bottom" align="center">II</td>
</tr>
<tr>
<td rowspan="5" valign="bottom" align="left">Completion quality, X<sup>2</sup>2,1</td>
<td valign="bottom" align="left">(0.18,0.25,0.37)</td>
<td valign="bottom" align="left">Well lateral length, X<sup>3</sup>
<sub>1,2</sub>
</td>
<td valign="bottom" align="left">(0.44,0.58,0.76)</td>
<td valign="bottom" align="left">(0.08,0.15,0.28)</td>
<td valign="bottom" align="center">0.14</td>
<td valign="bottom" align="center">
<sup>a</sup> Max.</td>
</tr>
<tr>
<td valign="top" align="left">
</td>
<td valign="bottom" align="left">Well spacing, X<sup>3</sup>
<sub>2,2</sub>
</td>
<td valign="bottom" align="left">(0.14,0.21,0.29)</td>
<td valign="bottom" align="left">(0.03,0.05,0.11)</td>
<td valign="bottom" align="center">0.05</td>
<td valign="bottom" align="center">1,300</td>
</tr>
<tr>
<td valign="top" align="left">
</td>
<td valign="bottom" align="left">Fracture spacing, X<sup>3</sup>
<sub>3,2</sub>
</td>
<td valign="bottom" align="left">(0.04,0.06,0.09) </td>
<td valign="bottom" align="left">(0.007,0.015,0.033)</td>
<td valign="bottom" align="center">0.02</td>
<td valign="bottom" align="center">300</td>
</tr>
<tr>
<td valign="top" align="left">
</td>
<td valign="bottom" align="left">xf(SRV), X<sup>3</sup>4,2</td>
<td valign="bottom" align="left">(0.07,0.11,0.16)</td>
<td valign="bottom" align="left">(0.01,0.03,0.06)</td>
<td valign="bottom" align="center">0.03</td>
<td valign="bottom" align="center">400</td>
</tr>
<tr>
<td valign="top" align="left">
</td>
<td align="left">Skin factor, X<sup>3</sup>
<sub>5,2</sub>
</td>
<td align="left">(0.03,0.04,0.06) </td>
<td align="left">(0.006,0.010,0.024)</td>
<td align="center">0.01</td>
<td align="center">
<sup>b</sup> Min.</td>
</tr>
</tbody>
</table>
</table-wrap>
<appendix />
</docTable>
<docTable pdf-page="17" table-order="14" data-type-order="26">
<table-wrap id="102118180178MS-tblwrp-14" content-type="structured">
<anchoringText id="Ancr14">In this study, six candidate well pads will be evaluated and ranked using the F-AHP method as an example. It is assumed that all horizontal wells placed in their belonging well pad are of equal completion quality. The reservoir and well completion variables of these candidates are summarized in Table 14.</anchoringText>
<label>Table 14</label>
<caption>Parameters of candidates well pads for evaluation</caption>
<formatted-caption>
<caption-label>Table</caption-label>
<caption-order>14</caption-order>
<caption-text>Parameters of candidates well pads for evaluation</caption-text>
</formatted-caption>
<table id="102118180178MS-Tbl_SPi-14" frame="hsides">
<thead>
<tr>
<th valign="bottom" align="center">Candidates</th>
<th valign="bottom" align="center">So, %</th>
<th valign="bottom" align="center">k, mD</th>
<th valign="bottom" align="center">D, ft</th>
<th valign="bottom" align="center">Fluid</th>
<th align="center">Well length, ft</th>
<th align="center">Well spacing, ft</th>
<th align="center">Frac spacing, ft</th>
<th valign="bottom" align="center">xf, ft</th>
<th valign="bottom" align="center">Skin</th>
</tr>
</thead>
<tbody>
<tr>
<td valign="bottom" align="left">1</td>
<td valign="bottom" align="center">0.486</td>
<td valign="bottom" align="center">0.37</td>
<td valign="bottom" align="center">6,265</td>
<td valign="bottom" align="center">I</td>
<td valign="bottom" align="center">4,850</td>
<td valign="bottom" align="center">1,350</td>
<td valign="bottom" align="center">375</td>
<td valign="bottom" align="center">550</td>
<td valign="bottom" align="center">-1</td>
</tr>
<tr>
<td valign="bottom" align="left">2</td>
<td valign="bottom" align="center">0.745</td>
<td valign="bottom" align="center">0.85</td>
<td valign="bottom" align="center">7,250</td>
<td valign="bottom" align="center">II</td>
<td valign="bottom" align="center">5,150</td>
<td valign="bottom" align="center">1,280</td>
<td valign="bottom" align="center">300</td>
<td valign="bottom" align="center">400</td>
<td valign="bottom" align="center">0</td>
</tr>
<tr>
<td valign="bottom" align="left">3</td>
<td valign="bottom" align="center">0.824</td>
<td valign="bottom" align="center">1.1</td>
<td valign="bottom" align="center">8,258</td>
<td valign="bottom" align="center">II</td>
<td valign="bottom" align="center">2,821</td>
<td valign="bottom" align="center">650</td>
<td valign="bottom" align="center">705</td>
<td valign="bottom" align="center">200</td>
<td valign="bottom" align="center">4</td>
</tr>
<tr>
<td valign="bottom" align="left">4</td>
<td valign="bottom" align="center">0.461</td>
<td valign="bottom" align="center">0.12</td>
<td valign="bottom" align="center">4,310</td>
<td valign="bottom" align="center">I</td>
<td valign="bottom" align="center">4,520</td>
<td valign="bottom" align="center">1,000</td>
<td valign="bottom" align="center">315</td>
<td valign="bottom" align="center">350</td>
<td valign="bottom" align="center">0</td>
</tr>
<tr>
<td valign="bottom" align="left">5</td>
<td valign="bottom" align="center">0.673</td>
<td valign="bottom" align="center">0.63</td>
<td valign="bottom" align="center">6,840</td>
<td valign="bottom" align="center">III</td>
<td valign="bottom" align="center">3,155</td>
<td valign="bottom" align="center">800</td>
<td valign="bottom" align="center">550</td>
<td valign="bottom" align="center">250</td>
<td valign="bottom" align="center">2</td>
</tr>
<tr>
<td align="left">6</td>
<td align="center">0.327</td>
<td align="center">0.08</td>
<td align="center">5,820</td>
<td align="center">I</td>
<td align="center">2,550</td>
<td align="center">1,600</td>
<td align="center">150</td>
<td align="center">300</td>
<td align="center">1</td>
</tr>
</tbody>
</table>
</table-wrap>
<appendix />
</docTable>
<docTable pdf-page="18" table-order="15" data-type-order="27">
<table-wrap id="102118180178MS-tblwrp-15" content-type="structured">
<anchoringText id="Ancr15">According to Shinha and Ramakrishnan (2011), a crossplot of the reservoir quality indicator and well completion indicator - namely the two individual grades calculated for reservoir and completion quality of each candidate - was introduced in this study to screen potential refracturing candidates. Using the relevant dataset from Table 15, a crossplot was obtained in Figure 14.</anchoringText>
<label>Table 15</label>
<caption>Grading and ranking of candidates</caption>
<formatted-caption>
<caption-label>Table</caption-label>
<caption-order>15</caption-order>
<caption-text>Grading and ranking of candidates</caption-text>
</formatted-caption>
<table id="102118180178MS-Tbl_SPi-15" frame="hsides">
<thead>
<tr>
<th valign="top" align="center" />
<th valign="bottom" align="center">1</th>
<th valign="bottom" align="center">2</th>
<th valign="bottom" align="center">3</th>
<th valign="bottom" align="center">4</th>
<th valign="bottom" align="center">5</th>
<th valign="bottom" align="center">6</th>
</tr>
</thead>
<tbody>
<tr>
<td valign="bottom" align="left">
<b>Reservoir quality grade</b>
</td>
<td valign="bottom" align="center">29.98</td>
<td valign="bottom" align="center">96.01</td>
<td valign="bottom" align="center">97.82</td>
<td valign="bottom" align="center">12.66</td>
<td valign="bottom" align="center">59.37</td>
<td valign="bottom" align="center">11.21</td>
</tr>
<tr>
<td valign="bottom" align="left">
<b>Completion quality grade</b>
</td>
<td valign="bottom" align="center">95.92</td>
<td valign="bottom" align="center">99.93</td>
<td valign="bottom" align="center">15.05</td>
<td valign="bottom" align="center">85.04</td>
<td valign="bottom" align="center">26.20</td>
<td valign="bottom" align="center">25.85</td>
</tr>
<tr>
<td valign="bottom" align="left">
<b>Global grade</b>
</td>
<td valign="bottom" align="center">43.51</td>
<td valign="bottom" align="center">96.49</td>
<td valign="bottom" align="center">91.92</td>
<td valign="bottom" align="center">31.74</td>
<td valign="bottom" align="center">56.43</td>
<td valign="bottom" align="center">13.81</td>
</tr>
<tr>
<td align="left">
<b>Ranking</b>
</td>
<td align="center">4</td>
<td align="center">1</td>
<td align="center">2</td>
<td align="center">5</td>
<td align="center">3</td>
<td align="center">6</td>
</tr>
</tbody>
</table>
</table-wrap>
<appendix />
</docTable>
<docTable pdf-page="21" table-order="16" data-type-order="33">
<table-wrap id="102118180178MS-tblwrp-16" content-type="structured">
<anchoringText id="Ancr16">The sandstone members of the Cardium formation are occasionally capped by some highly permeable conglomerate layers that have varying thickness from a few inches to approximately 20 ft. A conglomerate member can act as a “thief” zone for the injected CO2 agent as a result of its high permeability (Dashtgard et al., 2008). To investigate the effects of a highly permeable conglomerate member on CO2 injection, permeability and porosity of the top layer were modified in the base model. Their values are listed in Table 16. In addition, a new set of relative permeability curves were generated for the conglomerate member, as plotted in Figure 18.</anchoringText>
<label>Table 16</label>
<caption>Geological parameters for conglomerate and sand</caption>
<formatted-caption>
<caption-label>Table</caption-label>
<caption-order>16</caption-order>
<caption-text>Geological parameters for conglomerate and sand</caption-text>
</formatted-caption>
<table id="102118180178MS-Tbl_SPi-16" frame="hsides">
<thead>
<tr>
<th valign="top" align="center" />
<th align="center">Thickness, ft</th>
<th align="center">Porosity, %</th>
<th align="center">Permeability, mD</th>
</tr>
</thead>
<tbody>
<tr>
<td valign="bottom" align="left">Conglomerate</td>
<td valign="bottom" align="center">6</td>
<td valign="bottom" align="center">0.18</td>
<td valign="bottom" align="center">35</td>
</tr>
<tr>
<td align="left">
Sand
</td>
<td align="center">24</td>
<td align="center">0.1</td>
<td align="center">0.1</td>
</tr>
</tbody>
</table>
</table-wrap>
<appendix />
</docTable>
</docTableList>
</docTables>