<?xml version="1.0" encoding="utf-8"?>
<docTables>
<docMetaData inputFile="102118179810MS.txt" extractionDate="2021-03-18T16:01:52Z">
<doi>10.2118/179810-MS</doi>
<pii>10.2118/179810-MS</pii>
<publisher>SPE_Society_of_Petroleum_Engineers</publisher>
</docMetaData>
<docFigureList>
<docFigure pdf-page="2" figure-order="1" data-type-order="1">
<link href="link-1" type="image" />
<appendix>
<linkTarget id="link-1" type="image">
<anchoringText id="Ancr7">Field structure map and a typical crestal area Reservoir Data Log (RDL) are given in Figure 1 and Figure 2, respectively. The large in place volumes combined with the reservoir and performance uncertainties resulted in a requirement for a phased approach to field development. FID (final investment decision) for Phased field development was given for the construction of the Production Station with liquid capacity designed for 1890 m3/d and gas handling capacity of 775 km3/d, in addition to 7 producing wells. The main objective was to assess the dynamic characteristics of the Athel reservoir under primary depletion. The field came on stream in the year 2000 and is developed with vertical wells with multiple massive hydraulic fractures. All the proposed wells for Phase 1 development are located in the crestal of the reservoir.</anchoringText>
<image-wrap id="102118179810MS-Img_SPi-1">
<label>Figure 1 </label>
<imageLink type="mediaResource" href="102118179810MS_i_1.tif" id="ImgLink-1" />
<caption>Field Structure Map</caption>
<formatted-caption>
<caption-label>Figure</caption-label>
<caption-order>1</caption-order>
<caption-text>Field Structure Map</caption-text>
</formatted-caption>
</image-wrap>
</linkTarget>
</appendix>
</docFigure>
<docFigure pdf-page="3" figure-order="2" data-type-order="2">
<link href="link-2" type="image" />
<appendix>
<linkTarget id="link-2" type="image">
<anchoringText id="Ancr8">Field structure map and a typical crestal area Reservoir Data Log (RDL) are given in Figure 1 and Figure 2, respectively. The large in place volumes combined with the reservoir and performance uncertainties resulted in a requirement for a phased approach to field development. FID (final investment decision) for Phased field development was given for the construction of the Production Station with liquid capacity designed for 1890 m3/d and gas handling capacity of 775 km3/d, in addition to 7 producing wells. The main objective was to assess the dynamic characteristics of the Athel reservoir under primary depletion. The field came on stream in the year 2000 and is developed with vertical wells with multiple massive hydraulic fractures. All the proposed wells for Phase 1 development are located in the crestal of the reservoir.</anchoringText>
<image-wrap id="102118179810MS-Img_SPi-2">
<label>Figure 2 </label>
<imageLink type="mediaResource" href="102118179810MS_i_2.tif" id="ImgLink-2" />
<caption>Typical Log for the Field</caption>
<formatted-caption>
<caption-label>Figure</caption-label>
<caption-order>2</caption-order>
<caption-text>Typical Log for the Field</caption-text>
</formatted-caption>
</image-wrap>
</linkTarget>
</appendix>
</docFigure>
<docFigure pdf-page="4" figure-order="3" data-type-order="3">
<link href="link-3" type="image" />
<appendix>
<linkTarget id="link-3" type="image">
<anchoringText id="Ancr9">Currently the available facilities accommodate around 45 production wells on an area approximately 3 square kilometers (1, 5 km × 2 km). The oil treatment facilities are situated at the edge of the production well area to south east (Figure 3). The station is currently producing oil with associated gas. The gas produced is sour gas (H2S) and treated (sweetened) and reused, exported or flared during down times.</anchoringText>
<image-wrap id="102118179810MS-Img_SPi-3">
<label>Figure 3 </label>
<imageLink type="mediaResource" href="102118179810MS_i_3.tif" id="ImgLink-3" />
<caption>Indication Pilot phase 3A MGI expansion</caption>
<formatted-caption>
<caption-label>Figure</caption-label>
<caption-order>3</caption-order>
<caption-text>Indication Pilot phase 3A MGI expansion</caption-text>
</formatted-caption>
</image-wrap>
</linkTarget>
</appendix>
</docFigure>
<docFigure pdf-page="6" figure-order="4" data-type-order="4">
<link href="link-4" type="image" />
<appendix>
<linkTarget id="link-4" type="image">
<anchoringText id="Ancr10">The QRA study demonstrated that two of the three evaluated locations (i.e. option 2B and option 3) are just above 1E-04 per year LSIR (Location Specific Individual Risk) contour and 1E-04 p3er year of 650ppm of H2S whereas option 2D is overlapping with the above mentioned contours (i.e. yellow zone in Figure 4). In general, having the proposed locations, which has lower LSIR contour than 1E-04 per year of 650ppm, would allow construction of the new process units without a need to shut-down the existing facilities.</anchoringText>
<image-wrap id="102118179810MS-Img_SPi-4">
<label>Figure 4 </label>
<imageLink type="mediaResource" href="102118179810MS_i_4.tif" id="ImgLink-4" />
<caption>1E-04 per Year 650ppm H2S Contour</caption>
<formatted-caption>
<caption-label>Figure</caption-label>
<caption-order>4</caption-order>
<caption-text>1E-04 per Year 650ppm H2S Contour</caption-text>
</formatted-caption>
</image-wrap>
</linkTarget>
</appendix>
</docFigure>
<docFigure pdf-page="7" figure-order="5" data-type-order="6">
<link href="link-5" type="image" />
<appendix>
<linkTarget id="link-5" type="image">
<anchoringText id="Ancr11">Typical performance of the model is given in Figure 5 below (frac height length of 200 m). It shows that injection capacity will need to increase with time. GOR is also increasing with time but it is varies from well to well.</anchoringText>
<image-wrap id="102118179810MS-Img_SPi-5">
<label>Figure 5 </label>
<imageLink type="mediaResource" href="102118179810MS_i_5.tif" id="ImgLink-5" />
<caption>Typical Phase 3B Performance-Injection rate</caption>
<formatted-caption>
<caption-label>Figure</caption-label>
<caption-order>5</caption-order>
<caption-text>Typical Phase 3B Performance-Injection rate</caption-text>
</formatted-caption>
</image-wrap>
</linkTarget>
</appendix>
</docFigure>
<docFigure pdf-page="9" figure-order="6" data-type-order="12">
<link href="link-6" type="image" />
<appendix>
<linkTarget id="link-6" type="image">
<anchoringText id="Ancr12">These cost estimates stand for Level 1 type of cost estimate with +40%/–25% uncertainty ranges. Table 6 below summarizes development options economics that were screened for feasibility for Phase 3B development. Results are given in Figure 6 and Figure 7.</anchoringText>
<image-wrap id="102118179810MS-Img_SPi-6">
<label>Figure 6 </label>
<imageLink type="mediaResource" href="102118179810MS_i_6.tif" id="ImgLink-6" />
<caption>NPV and UR comparison of development options 2070</caption>
<formatted-caption>
<caption-label>Figure</caption-label>
<caption-order>6</caption-order>
<caption-text>NPV and UR comparison of development options 2070</caption-text>
</formatted-caption>
</image-wrap>
</linkTarget>
</appendix>
</docFigure>
<docFigure pdf-page="9" figure-order="7" data-type-order="13">
<link href="link-7" type="image" />
<appendix>
<linkTarget id="link-7" type="image">
<anchoringText id="Ancr13">These cost estimates stand for Level 1 type of cost estimate with +40%/–25% uncertainty ranges. Table 6 below summarizes development options economics that were screened for feasibility for Phase 3B development. Results are given in Figure 6 and Figure 7.</anchoringText>
<image-wrap id="102118179810MS-Img_SPi-7">
<label>Figure 7 </label>
<imageLink type="mediaResource" href="102118179810MS_i_7.tif" id="ImgLink-7" />
<caption>UTC and Make-up gas requirement comparison of development options 2070</caption>
<formatted-caption>
<caption-label>Figure</caption-label>
<caption-order>7</caption-order>
<caption-text>UTC and Make-up gas requirement comparison of development options 2070</caption-text>
</formatted-caption>
</image-wrap>
</linkTarget>
</appendix>
</docFigure>
<docFigure pdf-page="11" figure-order="8" data-type-order="14">
<link href="link-8" type="image" />
<appendix>
<linkTarget id="link-8" type="image">
<anchoringText id="Ancr14">Rigorous risk and uncertainty assessment was carried out and results are summarized in Figure 8. A total of 41 risk and opportunities have been identified in project of which 22 falls into the overall High category.</anchoringText>
<image-wrap id="102118179810MS-Img_SPi-8">
<label>Figure 8 </label>
<imageLink type="mediaResource" href="102118179810MS_i_8.tif" id="ImgLink-8" />
<caption>Risk Assessment Matrix for Phase 3B Project</caption>
<formatted-caption>
<caption-label>Figure</caption-label>
<caption-order>8</caption-order>
<caption-text>Risk Assessment Matrix for Phase 3B Project</caption-text>
</formatted-caption>
</image-wrap>
</linkTarget>
</appendix>
</docFigure>
<docFigure pdf-page="13" figure-order="9" data-type-order="15">
<link href="link-9" type="image" />
<appendix>
<linkTarget id="link-9" type="image">
<anchoringText id="Ancr15">Concept selection for Phase 3B, however, depends mainly on Phase 3A injection performance. Phase 3A will provide valuable information to allow optimization of Phase 3B. The key for success of Phase 3A is the ability to measure the effectiveness of the MGI, in terms of translating the measured oil rate and GOR in terms of sweep efficiency. This requires a detailed history match. Updated subsurface models, updated cost estimates, and an assessment of gas availability will be the input into Phase 3B concept selection and FID. This is illustrated in the following “development decision tree” in Figure 9:</anchoringText>
<image-wrap id="102118179810MS-Img_SPi-9">
<label>Figure 9 </label>
<imageLink type="mediaResource" href="102118179810MS_i_9.tif" id="ImgLink-9" />
<caption>Development Decision Tree to move from Phase 3A to 3B</caption>
<formatted-caption>
<caption-label>Figure</caption-label>
<caption-order>9</caption-order>
<caption-text>Development Decision Tree to move from Phase 3A to 3B</caption-text>
</formatted-caption>
</image-wrap>
</linkTarget>
</appendix>
</docFigure>
</docFigureList>
</docTables>