<?xml version="1.0" encoding="utf-8"?>
<docTables>
<docMetaData inputFile="102118177334MS.txt" extractionDate="2021-03-16T17:18:39Z">
<doi>10.2118/177334-MS</doi>
<pii>10.2118/177334-MS</pii>
<publisher>SPE_Society_of_Petroleum_Engineers</publisher>
</docMetaData>
<docFigureList>
<docFigure pdf-page="3" figure-order="1" data-type-order="1">
<link href="link-1" type="image" />
<appendix>
<linkTarget id="link-1" type="image">
<anchoringText id="Ancr2">For example, the extension of a cross-linked polymer gels injection program to cover fully sweeped porous layers in order to achieve natural fractures colmatation and a sweep efficiency increase while there are no natural fractures, can lead to unpredictable results after several years. Field development options are formed based on EOR activities, aimed to maximize each of the considered factors. Then best option is chosen based on economic analysis and iterative improvement of options using simulation model. The following factors affecting RF are considered in this article (Figure 1):</anchoringText>
<image-wrap id="102118177334MS-Img_SPi-1">
<label>Figure 1 </label>
<imageLink type="mediaResource" href="102118177334MS_i_1.tif" id="ImgLink-1" />
<caption>Illustration of the efficiency factors (<link href="BIB1">Smalley P. et al., 2007</link> )</caption>
<formatted-caption>
<caption-label>Figure</caption-label>
<caption-order>1</caption-order>
<caption-text>Illustration of the efficiency factors (<link href="BIB1">Smalley P. et al., 2007</link> )</caption-text>
</formatted-caption>
</image-wrap>
</linkTarget>
<linkTarget id="link-38" type="bib">
<bib id="BIB1">
<label>Smalley and Ross, 2007</label>
<author>
<first-name>P.</first-name>
<last-name>Smalley</last-name>
</author>, <author>
<first-name>B.</first-name>
<last-name>Ross</last-name>
</author>
<pubDate>2007</pubDate>. <article-title>Reservoir Technical Limits: a framework for maximizing Recovery from oil fields </article-title>. SPE-109555.</bib>
</linkTarget>
</appendix>
</docFigure>
<docFigure composite="true" composite-count="4" pdf-page="4" figure-order="2" data-type-order="2">
<link href="link-2" type="image" />
<appendix>
<linkTarget id="link-2" type="image">
<anchoringText id="Ancr3">At first, the surrounding wells with the same layers were considered which are operated by the same company but with different development schemes. Figure 2 presents the displacement characteristics of four layers for the field Y in comparison with the surrounding fields.</anchoringText>
<image-wrap id="102118177334MS-Img_SPi-2">
<label>Figure 2 </label>
<imageLink type="mediaResource" href="102118177334MS_i_2.tif" id="ImgLink-2" />
<caption>Displacement parameters for low permeable (Y1, Y3) and high permeable (Y2, Y4) layers of the field Y in comparison with the surrounding fields</caption>
<formatted-caption>
<caption-label>Figure</caption-label>
<caption-order>2</caption-order>
<caption-text>Displacement parameters for low permeable (Y1, Y3) and high permeable (Y2, Y4) layers of the field Y in comparison with the surrounding fields</caption-text>
</formatted-caption>
</image-wrap>
<image-wrap id="102118177334MS-Img_SPi-2a">
<imageLink type="mediaResource" href="102118177334MS_i_2a.tif" id="ImgLink-2a" />
<figure-specific-caption>
<caption-order></caption-order>
<caption-text>Y1</caption-text>
</figure-specific-caption>
</image-wrap>
<image-wrap id="102118177334MS-Img_SPi-2b">
<imageLink type="mediaResource" href="102118177334MS_i_2b.tif" id="ImgLink-2b" />
<figure-specific-caption>
<caption-order></caption-order>
<caption-text>Y2</caption-text>
</figure-specific-caption>
</image-wrap>
<image-wrap id="102118177334MS-Img_SPi-2c">
<imageLink type="mediaResource" href="102118177334MS_i_2c.tif" id="ImgLink-2c" />
<figure-specific-caption>
<caption-order></caption-order>
<caption-text>Y3</caption-text>
</figure-specific-caption>
</image-wrap>
<image-wrap id="102118177334MS-Img_SPi-2d">
<imageLink type="mediaResource" href="102118177334MS_i_2d.tif" id="ImgLink-2d" />
<figure-specific-caption>
<caption-order></caption-order>
<caption-text>Y4</caption-text>
</figure-specific-caption>
</image-wrap>
</linkTarget>
</appendix>
</docFigure>
<docFigure pdf-page="5" figure-order="3" data-type-order="3">
<link href="link-3" type="image" />
<appendix>
<linkTarget id="link-3" type="image">
<anchoringText id="Ancr4">One of the approaches to analogue identification for RF evaluation is described in the paper (Wickens et.al., 2010). This approach is based on the calculation of field [1]complexity[1] index, which is a sum of four parameters, depending on oil viscosity, vertical heterogeneity, oil in place for the area unit, reservoir geology (faults, unconformities). Therefore the higher is the index, the more [1]complex[1] is the field. It should be noted that structure factor of scoring is based on United Kingdom Continental Shelf and the United States fields. Figure 3 represents the actual data of achieved RF depending on summary field complexity index.</anchoringText>
<image-wrap id="102118177334MS-Img_SPi-3">
<label>Figure 3 </label>
<imageLink type="mediaResource" href="102118177334MS_i_3.tif" id="ImgLink-3" />
<caption>RF dependency from field complexity index</caption>
<formatted-caption>
<caption-label>Figure</caption-label>
<caption-order>3</caption-order>
<caption-text>RF dependency from field complexity index</caption-text>
</formatted-caption>
</image-wrap>
</linkTarget>
</appendix>
</docFigure>
<docFigure pdf-page="6" figure-order="4" data-type-order="5">
<link href="link-4" type="image" />
<appendix>
<linkTarget id="link-4" type="image">
<anchoringText id="Ancr5">Kuparuk field is situated on the north of Alaska state and is the second largest field in North America (Figure 4). Operating company is ConocoPhillips.</anchoringText>
<image-wrap id="102118177334MS-Img_SPi-4">
<label>Figure 4 </label>
<imageLink type="mediaResource" href="102118177334MS_i_4.tif" id="ImgLink-4" />
<caption>The history of MWAG pilot project for Kuparuk field (Wen  Shi et al., SPE 113933  ). The most significant project expansion stages are highlighted by different colors</caption>
<formatted-caption>
<caption-label>Figure</caption-label>
<caption-order>4</caption-order>
<caption-text>The history of MWAG pilot project for Kuparuk field (Wen <link href="BIB2"> Shi et al., SPE 113933</link>  ). The most significant project expansion stages are highlighted by different colors</caption-text>
</formatted-caption>
</image-wrap>
</linkTarget>
<linkTarget id="link-39" type="bib">
<bib id="BIB2">
<label>Shi, 2008</label>
<author>
<first-name>W.</first-name>
<last-name>Shi</last-name>
</author>
<pubDate>2008</pubDate>. <article-title>Kuparuk MWAG Project after 20 Years </article-title>. SPE-113933.</bib>
</linkTarget>
</appendix>
</docFigure>
<docFigure pdf-page="7" figure-order="5" data-type-order="6">
<link href="link-5" type="image" />
<appendix>
<linkTarget id="link-5" type="image">
<anchoringText id="Ancr6">The field is characterized by a high vertical heterogeneity of permeability and a large number of faults and unconformities. Dykstra-Parsons ratio which represents the degree of layer permeability heterogeneity is 0.9 that is higher than analogue ratio of Y field (0.86). The main layers A and C were formed during the Cretaceous period in shallow marine depositional environment (Figure 5) and are represented by laminated sandstones, siltstones and mudstones.</anchoringText>
<image-wrap id="102118177334MS-Img_SPi-5">
<label>Figure 5 </label>
<imageLink type="mediaResource" href="102118177334MS_i_5.tif" id="ImgLink-5" />
<caption>Production layer of Kuparuk field ( <link href="BIB3">Currier J.H. et al. 1990</link> )</caption>
<formatted-caption>
<caption-label>Figure</caption-label>
<caption-order>5</caption-order>
<caption-text>Production layer of Kuparuk field ( <link href="BIB3">Currier J.H. et al. 1990</link> )</caption-text>
</formatted-caption>
</image-wrap>
</linkTarget>
<linkTarget id="link-40" type="bib">
<bib id="BIB3">
<label>Currier, 1990</label>
<author>
<first-name>J. H.</first-name>
<last-name>Currier</last-name>
</author>
<pubDate>1990</pubDate>. <article-title>Performance analysis in an immature Waterflood: the Kuparuk </article-title>. SPE-20775-MS.</bib>
</linkTarget>
</appendix>
</docFigure>
<docFigure pdf-page="8" figure-order="6" data-type-order="7">
<link href="link-6" type="image" />
<appendix>
<linkTarget id="link-6" type="image">
<anchoringText id="Ancr7">At the present moment the following activities are used for maintaining the production rates: infilled drilling, miscible and immiscible WAG, as well as coiled tubing drilling of sidetrack from 2009. Production profile of Kuparuk field and production from WAG projects are represented on the Figure 6. Estimated RF from secondary oil recovery methods is 33%, overall estimated RF for the field with account of tertiary oil recovery methods is 41%, so incremental RF from WAG implementation is 8%.</anchoringText>
<image-wrap id="102118177334MS-Img_SPi-6">
<label>Figure 6 </label>
<imageLink type="mediaResource" href="102118177334MS_i_6.tif" id="ImgLink-6" />
<caption>Kuparuk field production rate ( <link href="BIB4">Shi W. et al., 2008</link> )</caption>
<formatted-caption>
<caption-label>Figure</caption-label>
<caption-order>6</caption-order>
<caption-text>Kuparuk field production rate ( <link href="BIB4">Shi W. et al., 2008</link> )</caption-text>
</formatted-caption>
</image-wrap>
</linkTarget>
<linkTarget id="link-39" type="bib">
<bib id="BIB4">
<label>Shi, 2008</label>
<author>
<first-name>W.</first-name>
<last-name>Shi</last-name>
</author>
<pubDate>2008</pubDate>. <article-title>Kuparuk MWAG Project after 20 Years </article-title>. SPE-113933.</bib>
</linkTarget>
</appendix>
</docFigure>
<docFigure pdf-page="9" figure-order="7" data-type-order="8">
<link href="link-7" type="image" />
<appendix>
<linkTarget id="link-7" type="image">
<anchoringText id="Ancr8">WAG method was recognized as successful based on the pilot results during 1980s. Production profiles of some sections where CO2 flooding was implemented is presented in the Figure (Figure 7). Total CO2 injection per 1 produced additional oil barrel is 15 thous. cubic feet, net CO2 injection per 1 additional oil barrel – 7.1 thous. cubic feet.</anchoringText>
<image-wrap id="102118177334MS-Img_SPi-7">
<label>Figure 7 </label>
<imageLink type="mediaResource" href="102118177334MS_i_7.tif" id="ImgLink-7" />
<caption>Oil production rate of three sections were CO2 flooding was implemented. Red line represents the beginning of gas injection. Modified from <link href="BIB6">Ring J.N. et al., 1995</link>
</caption>
<formatted-caption>
<caption-label>Figure</caption-label>
<caption-order>7</caption-order>
<caption-text>Oil production rate of three sections were CO2 flooding was implemented. Red line represents the beginning of gas injection. Modified from <link href="BIB6">Ring J.N. et al., 1995</link>
</caption-text>
</formatted-caption>
</image-wrap>
</linkTarget>
<linkTarget id="link-41" type="bib">
<bib id="BIB5">
<label>Shi, 2008</label>
<author>
<first-name>W.</first-name>
<last-name>Shi</last-name>
</author>
<pubDate>2008</pubDate>. <article-title>Kuparuk MWAG Project after 20 Years </article-title>. SPE-113933.</bib>
</linkTarget>
<linkTarget id="link-42" type="bib">
<bib id="BIB6">
<label>Ring, 1995</label>
<author>
<first-name>J. N.</first-name>
<last-name>Ring</last-name>
</author>
<pubDate>1995</pubDate>. <article-title>An overview of the North Ward Estes CO2 flood </article-title>. SPE-30729-MS.</bib>
</linkTarget>
</appendix>
</docFigure>
<docFigure pdf-page="9" figure-order="8" data-type-order="9">
<link href="link-8" type="image" />
<appendix>
<linkTarget id="link-8" type="image">
<anchoringText id="Ancr9">Up to 2012 790 development blocks with more than 2000 wells were involved in CO2 flooding. The CO2 injection volume was more than 9 mln. m3/day. The project is planned to be expanded till 2016. The additional RF is8%atthe moment with a potential to achieve 20%. Recently Wighting Oil Company increased the oil production rate from 5000 barrels to 10000 barrels per day as a result of full-scale CO2 flooding implementation (Figure 8).</anchoringText>
<image-wrap id="102118177334MS-Img_SPi-8">
<label>Figure 8 </label>
<imageLink type="mediaResource" href="102118177334MS_i_8.tif" id="ImgLink-8" />
<caption>Oil production profile of North Ward Estes field with development stages</caption>
<formatted-caption>
<caption-label>Figure</caption-label>
<caption-order>8</caption-order>
<caption-text>Oil production profile of North Ward Estes field with development stages</caption-text>
</formatted-caption>
</image-wrap>
</linkTarget>
</appendix>
</docFigure>
<docFigure pdf-page="10" figure-order="9" data-type-order="10">
<link href="link-9" type="image" />
<appendix>
<linkTarget id="link-9" type="image">
<anchoringText id="Ancr10"> </anchoringText>
<image-wrap id="102118177334MS-Img_SPi-9">
<label>Figure 9 </label>
<imageLink type="mediaResource" href="102118177334MS_i_9.tif" id="ImgLink-9" />
<caption>CO2 injection results from 2007</caption>
<formatted-caption>
<caption-label>Figure</caption-label>
<caption-order>9</caption-order>
<caption-text>CO2 injection results from 2007</caption-text>
</formatted-caption>
</image-wrap>
</linkTarget>
</appendix>
</docFigure>
<docFigure pdf-page="10" figure-order="10" data-type-order="11">
<link href="link-10" type="image" />
<appendix>
<linkTarget id="link-10" type="image">
<anchoringText id="Ancr11">Production layers AS10-11 consists of a series of sand bodies with limited thickness (from single digit to tens of meters), which were formed in coastal marine and deltaic depositional environments (Figure 10, 11). The reservoir consists of very fine-grained polymict quartz-feldspar sandstones with kaolinite dominated in argillaceous cement.</anchoringText>
<image-wrap id="102118177334MS-Img_SPi-10">
<label>Figure 10 </label>
<imageLink type="mediaResource" href="102118177334MS_i_10.tif" id="ImgLink-10" />
<caption>Geological section of layer AS10-11 of West-Salym field</caption>
<formatted-caption>
<caption-label>Figure</caption-label>
<caption-order>10</caption-order>
<caption-text>Geological section of layer AS10-11 of West-Salym field</caption-text>
</formatted-caption>
</image-wrap>
</linkTarget>
</appendix>
</docFigure>
<docFigure pdf-page="11" figure-order="11" data-type-order="12">
<link href="link-11" type="image" />
<appendix>
<linkTarget id="link-11" type="image">
<anchoringText id="Ancr12">Production layers AS10-11 consists of a series of sand bodies with limited thickness (from single digit to tens of meters), which were formed in coastal marine and deltaic depositional environments (Figure 10, 11). The reservoir consists of very fine-grained polymict quartz-feldspar sandstones with kaolinite dominated in argillaceous cement.</anchoringText>
<image-wrap id="102118177334MS-Img_SPi-11">
<label>Figure 11 </label>
<imageLink type="mediaResource" href="102118177334MS_i_11.tif" id="ImgLink-11" />
<caption>Section of West-Salym field with connate water estimation (0.25), initial oil saturation (0.6) and current oil saturation (0.3) in the transition zone</caption>
<formatted-caption>
<caption-label>Figure</caption-label>
<caption-order>11</caption-order>
<caption-text>Section of West-Salym field with connate water estimation (0.25), initial oil saturation (0.6) and current oil saturation (0.3) in the transition zone</caption-text>
</formatted-caption>
</image-wrap>
</linkTarget>
</appendix>
</docFigure>
<docFigure pdf-page="13" figure-order="12" data-type-order="13">
<link href="link-12" type="image" />
<appendix>
<linkTarget id="link-12" type="image">
<anchoringText id="Ancr13">Based on results of field Y performance analysis and taking to the account the defined field problems the further field development strategy was prepared. The strategy consists of four significant parts (Figure 12):</anchoringText>
<image-wrap id="102118177334MS-Img_SPi-12">
<label>Figure 12 </label>
<imageLink type="mediaResource" href="102118177334MS_i_12.tif" id="ImgLink-12" />
<caption>Field Development Scenarios</caption>
<formatted-caption>
<caption-label>Figure</caption-label>
<caption-order>12</caption-order>
<caption-text>Field Development Scenarios</caption-text>
</formatted-caption>
</image-wrap>
</linkTarget>
</appendix>
</docFigure>
<docFigure pdf-page="15" figure-order="13" data-type-order="14">
<link href="link-13" type="image" />
<appendix>
<linkTarget id="link-13" type="image">
<anchoringText id="Ancr14">Some modernized approaches were implemented for data visualization. Workover efficiency can be presented as sector bubble maps (Figure 13). Comparing to conventional circular bubble points, sector maps enable presentation of decreased parameters as well as increased.</anchoringText>
<image-wrap id="102118177334MS-Img_SPi-13">
<label>Figure 13 </label>
<imageLink type="mediaResource" href="102118177334MS_i_13.tif" id="ImgLink-13" />
<caption>Visualization of hydraulic fracturing efficiency</caption>
<formatted-caption>
<caption-label>Figure</caption-label>
<caption-order>13</caption-order>
<caption-text>Visualization of hydraulic fracturing efficiency</caption-text>
</formatted-caption>
</image-wrap>
</linkTarget>
</appendix>
</docFigure>
<docFigure pdf-page="15" figure-order="14" data-type-order="15">
<link href="link-14" type="image" />
<appendix>
<linkTarget id="link-14" type="image">
<anchoringText id="Ancr15">Production diagram shown at Figure 14 includes production and injection rates allocated by horizons and summary production for selected wells, initial and current saturation profiles based on the geological model and reservoir simulation. This diagram integrates production, geological and simulation data to identify the potential of secondary pay zones.</anchoringText>
<image-wrap id="102118177334MS-Img_SPi-14">
<label>Figure 14 </label>
<imageLink type="mediaResource" href="102118177334MS_i_14.tif" id="ImgLink-14" />
<caption>Allocated production diagram</caption>
<formatted-caption>
<caption-label>Figure</caption-label>
<caption-order>14</caption-order>
<caption-text>Allocated production diagram</caption-text>
</formatted-caption>
</image-wrap>
</linkTarget>
</appendix>
</docFigure>
<docFigure pdf-page="16" figure-order="15" data-type-order="16">
<link href="link-15" type="image" />
<appendix>
<linkTarget id="link-15" type="image">
<anchoringText id="Ancr16">Recompletion operations were designed using the module for calculation of oil and water rates (Figure 15). Proposals for perforation, fracturing and other kinds of reservoir stimulation were generated with inflow calculations based on history matched reservoir permeability and saturation.</anchoringText>
<image-wrap id="102118177334MS-Img_SPi-15">
<label>Figure 15 </label>
<imageLink type="mediaResource" href="102118177334MS_i_15.tif" id="ImgLink-15" />
<caption>Calculation of expected oil rate from laminas</caption>
<formatted-caption>
<caption-label>Figure</caption-label>
<caption-order>15</caption-order>
<caption-text>Calculation of expected oil rate from laminas</caption-text>
</formatted-caption>
</image-wrap>
</linkTarget>
</appendix>
</docFigure>
<docFigure pdf-page="17" figure-order="16" data-type-order="17">
<link href="link-16" type="image" />
<appendix>
<linkTarget id="link-16" type="image">
<anchoringText id="Ancr17">Historical fracturing operations were analyzed for further selection of well candidates. Shaly barriers between water-saturated and pay zones are quite thin (Figure 16), so watercut growth usually occurs after fracturing. Cluster analysis was performed to identify safe zones for fracturing (Figure 17). Cluster A includes operations with low fracture height to involve the single horizon Y1 only without breakthrough to water-saturated horizons resulting in stable watercut dynamics.</anchoringText>
<image-wrap id="102118177334MS-Img_SPi-16">
<label>Figure 16 </label>
<imageLink type="mediaResource" href="102118177334MS_i_16.tif" id="ImgLink-16" />
<caption>Mapping pay thickness of shaly barriers between water-saturated and pay zones</caption>
<formatted-caption>
<caption-label>Figure</caption-label>
<caption-order>16</caption-order>
<caption-text>Mapping pay thickness of shaly barriers between water-saturated and pay zones</caption-text>
</formatted-caption>
</image-wrap>
</linkTarget>
</appendix>
</docFigure>
<docFigure pdf-page="17" figure-order="17" data-type-order="18">
<link href="link-17" type="image" />
<appendix>
<linkTarget id="link-17" type="image">
<anchoringText id="Ancr18">Historical fracturing operations were analyzed for further selection of well candidates. Shaly barriers between water-saturated and pay zones are quite thin (Figure 16), so watercut growth usually occurs after fracturing. Cluster analysis was performed to identify safe zones for fracturing (Figure 17). Cluster A includes operations with low fracture height to involve the single horizon Y1 only without breakthrough to water-saturated horizons resulting in stable watercut dynamics.</anchoringText>
<image-wrap id="102118177334MS-Img_SPi-17">
<label>Figure 17 </label>
<imageLink type="mediaResource" href="102118177334MS_i_17.tif" id="ImgLink-17" />
<caption>Incremental watercut clustering of fracturing operations</caption>
<formatted-caption>
<caption-label>Figure</caption-label>
<caption-order>17</caption-order>
<caption-text>Incremental watercut clustering of fracturing operations</caption-text>
</formatted-caption>
</image-wrap>
</linkTarget>
</appendix>
</docFigure>
<docFigure pdf-page="18" figure-order="18" data-type-order="19">
<link href="link-18" type="image" />
<appendix>
<linkTarget id="link-18" type="image">
<anchoringText id="Ancr19">Fracturing operations referred to the clusters A, B and C have different dynamics of water cut after fracturing. Stable and uniform dynamics of watercut is typical for A and B clusters (Figure 18), while wells referred to the C cluster display rapid increase of watercut and abandonment in a few months after fracturing (Figure 19). Selection of fracturing candidates was based on analysis of maps of remaining reserves, barriers between water-saturated and pay zones, conventional and sector bubble maps of incremental production after historical fracturing operations.</anchoringText>
<image-wrap id="102118177334MS-Img_SPi-18">
<label>Figure 18 </label>
<imageLink type="mediaResource" href="102118177334MS_i_18.tif" id="ImgLink-18" />
<caption>Dynamics of historical water-oil ratio after fracturing for cluster A</caption>
<formatted-caption>
<caption-label>Figure</caption-label>
<caption-order>18</caption-order>
<caption-text>Dynamics of historical water-oil ratio after fracturing for cluster A</caption-text>
</formatted-caption>
</image-wrap>
</linkTarget>
</appendix>
</docFigure>
<docFigure pdf-page="18" figure-order="19" data-type-order="20">
<link href="link-19" type="image" />
<appendix>
<linkTarget id="link-19" type="image">
<anchoringText id="Ancr20">Fracturing operations referred to the clusters A, B and C have different dynamics of water cut after fracturing. Stable and uniform dynamics of watercut is typical for A and B clusters (Figure 18), while wells referred to the C cluster display rapid increase of watercut and abandonment in a few months after fracturing (Figure 19). Selection of fracturing candidates was based on analysis of maps of remaining reserves, barriers between water-saturated and pay zones, conventional and sector bubble maps of incremental production after historical fracturing operations.</anchoringText>
<image-wrap id="102118177334MS-Img_SPi-19">
<label>Figure 19 </label>
<imageLink type="mediaResource" href="102118177334MS_i_19.tif" id="ImgLink-19" />
<caption>Dynamics of historical water-oil ratio after fracturing for cluster C</caption>
<formatted-caption>
<caption-label>Figure</caption-label>
<caption-order>19</caption-order>
<caption-text>Dynamics of historical water-oil ratio after fracturing for cluster C</caption-text>
</formatted-caption>
</image-wrap>
</linkTarget>
</appendix>
</docFigure>
<docFigure pdf-page="19" figure-order="20" data-type-order="21">
<link href="link-20" type="image" />
<appendix>
<linkTarget id="link-20" type="image">
<anchoringText id="Ancr21">The tool for preliminary wellbore design calculation (Figure 20) enables calculation of sidetrack profiles and enables visual targeting of prospective zones at the horizontal and vertical sections. Initial, current and simulated saturation could be presented at the reservoir cross-section.</anchoringText>
<image-wrap id="102118177334MS-Img_SPi-20">
<label>Figure 20 </label>
<imageLink type="mediaResource" href="102118177334MS_i_20.tif" id="ImgLink-20" />
<caption>Selection of drilling targets and calculation of planned sidetrack profile</caption>
<formatted-caption>
<caption-label>Figure</caption-label>
<caption-order>20</caption-order>
<caption-text>Selection of drilling targets and calculation of planned sidetrack profile</caption-text>
</formatted-caption>
</image-wrap>
</linkTarget>
</appendix>
</docFigure>
<docFigure pdf-page="20" figure-order="21" data-type-order="22">
<link href="link-21" type="image" />
<appendix>
<linkTarget id="link-21" type="image">
<anchoringText id="Ancr22">The last step – values of injection correction on borders of every waterflooding cell are distributed by wells. Additional injection is distributed among wells proportionally to the well weights. These weights are maximum OIP density in the area between particular injector/potential injector and all neighboring producers. If injection rate should be decreased for the border, well weights are the inverse values of maximum OIP density (Figure 21).</anchoringText>
<image-wrap id="102118177334MS-Img_SPi-21">
<label>Figure 21 </label>
<imageLink type="mediaResource" href="102118177334MS_i_21.tif" id="ImgLink-21" />
<caption>Selection of producers around the injector and circle areas for STOIIP density evaluation between injector and producers</caption>
<formatted-caption>
<caption-label>Figure</caption-label>
<caption-order>21</caption-order>
<caption-text>Selection of producers around the injector and circle areas for STOIIP density evaluation between injector and producers</caption-text>
</formatted-caption>
</image-wrap>
</linkTarget>
</appendix>
</docFigure>
<docFigure pdf-page="22" figure-order="22" data-type-order="23">
<link href="link-22" type="image" />
<appendix>
<linkTarget id="link-22" type="image">
<anchoringText id="Ancr23">Field development analysis and analytical calculations show inefficiency of drilling new vertical wells due to low oil rates and restriction of hydraulic fracturing application. Drilling the horizontal or multilateral wells is perspective for development of greenfield areas. For these wells the optimization of the length of horizontal sections based on economic efficiency were performed. Comparison of economic efficiency for new wells with different types of completion is on the figure (Figure 22).</anchoringText>
<image-wrap id="102118177334MS-Img_SPi-22">
<label>Figure 22 </label>
<imageLink type="mediaResource" href="102118177334MS_i_22.tif" id="ImgLink-22" />
<caption>Comparison of economic efficiency for New wells with a different types of completion</caption>
<formatted-caption>
<caption-label>Figure</caption-label>
<caption-order>22</caption-order>
<caption-text>Comparison of economic efficiency for New wells with a different types of completion</caption-text>
</formatted-caption>
</image-wrap>
</linkTarget>
</appendix>
</docFigure>
<docFigure pdf-page="22" figure-order="23" data-type-order="24">
<link href="link-23" type="image" />
<appendix>
<linkTarget id="link-23" type="image">
<anchoringText id="Ancr24">The pilot job for proving the efficiency of the recommended drilling variant is planned. The pilot job consist of production multilateral wells (type of completion is TAML 2 - Technology Advancement for MultiLaterals), multilateral well (TAML 4) and horizontal injectors (Figure 23).</anchoringText>
<image-wrap id="102118177334MS-Img_SPi-23">
<label>Figure 23 </label>
<imageLink type="mediaResource" href="102118177334MS_i_23.tif" id="ImgLink-23" />
<caption>Pilot job for multilateral wells drilling</caption>
<formatted-caption>
<caption-label>Figure</caption-label>
<caption-order>23</caption-order>
<caption-text>Pilot job for multilateral wells drilling</caption-text>
</formatted-caption>
</image-wrap>
</linkTarget>
</appendix>
</docFigure>
<docFigure pdf-page="23" figure-order="24" data-type-order="25">
<link href="link-24" type="image" />
<appendix>
<linkTarget id="link-24" type="image">
<anchoringText id="Ancr25">It’s evident that while the conventional resources with low production costs becomes more and more mature, the more financial, manpower and other resources are allocated to EOR projects, development of arctic oil, heavy oil and bitumen and tight/shale oil. Distribution of resources by types and production costs according to IEA are presented at Figure 24. It should be noted that production cost for EOR is lower than production cost for shale oil.</anchoringText>
<image-wrap id="102118177334MS-Img_SPi-24">
<label>Figure 24 </label>
<imageLink type="mediaResource" href="102118177334MS_i_24.tif" id="ImgLink-24" />
<caption>Oil production costs for various resource categories according to IEA 2013</caption>
<formatted-caption>
<caption-label>Figure</caption-label>
<caption-order>24</caption-order>
<caption-text>Oil production costs for various resource categories according to IEA 2013</caption-text>
</formatted-caption>
</image-wrap>
</linkTarget>
</appendix>
</docFigure>
<docFigure pdf-page="24" figure-order="25" data-type-order="26">
<link href="link-25" type="image" />
<appendix>
<linkTarget id="link-25" type="image">
<anchoringText id="Ancr26">Figure 25 presents one possible EOR classification.</anchoringText>
<image-wrap id="102118177334MS-Img_SPi-25">
<label>Figure 25 </label>
<imageLink type="mediaResource" href="102118177334MS_i_25.tif" id="ImgLink-25" />
<caption>EOR classification. Very few among the striked out EOR work well (according to internal Baker Hughes evaluation)</caption>
<formatted-caption>
<caption-label>Figure</caption-label>
<caption-order>25</caption-order>
<caption-text>EOR classification. Very few among the striked out EOR work well (according to internal Baker Hughes evaluation)</caption-text>
</formatted-caption>
</image-wrap>
</linkTarget>
</appendix>
</docFigure>
<docFigure pdf-page="24" figure-order="26" data-type-order="27">
<link href="link-26" type="image" />
<appendix>
<linkTarget id="link-26" type="image">
<anchoringText id="Ancr27">Miscible gas injection and steam injection are the main contributors in total oil production due to EOR.(Figure 26, 27). In Russia the situation is slightly different, namely there have been some gas injection pilots but there has not been a single full scale commercial gas injection project. A large share of oil which is said to be produced due to EOR in Russia is actually related to small-scale chemical composition injections, mainly cross-linked gel treatments. These treatments cannot be qualified as EOR by interna-tional classification (Figure 28).</anchoringText>
<image-wrap id="102118177334MS-Img_SPi-26">
<label>Figure 26 </label>
<imageLink type="mediaResource" href="102118177334MS_i_26.tif" id="ImgLink-26" />
<caption>Oil production by EOR types and countries ( W. Shulte, 2010  )</caption>
<formatted-caption>
<caption-label>Figure</caption-label>
<caption-order>26</caption-order>
<caption-text>Oil production by EOR types and countries (<link href="BIB7"> W. Shulte, 2010</link>  )</caption-text>
</formatted-caption>
</image-wrap>
</linkTarget>
<linkTarget id="link-42" type="bib">
<bib id="BIB7">
<label>Ring, 1995</label>
<author>
<first-name>J. N.</first-name>
<last-name>Ring</last-name>
</author>
<pubDate>1995</pubDate>. <article-title>An overview of the North Ward Estes CO2 flood </article-title>. SPE-30729-MS.</bib>
</linkTarget>
</appendix>
</docFigure>
<docFigure pdf-page="25" figure-order="27" data-type-order="28">
<link href="link-27" type="image" />
<appendix>
<linkTarget id="link-27" type="image">
<anchoringText id="Ancr28">Miscible gas injection and steam injection are the main contributors in total oil production due to EOR.(Figure 26, 27). In Russia the situation is slightly different, namely there have been some gas injection pilots but there has not been a single full scale commercial gas injection project. A large share of oil which is said to be produced due to EOR in Russia is actually related to small-scale chemical composition injections, mainly cross-linked gel treatments. These treatments cannot be qualified as EOR by interna-tional classification (Figure 28).</anchoringText>
<image-wrap id="102118177334MS-Img_SPi-27">
<label>Figure 27 </label>
<imageLink type="mediaResource" href="102118177334MS_i_27.tif" id="ImgLink-27" />
<caption>EOR geography (according to «O&amp;G Journal» and Baker Hughes, Apr 2012)</caption>
<formatted-caption>
<caption-label>Figure</caption-label>
<caption-order>27</caption-order>
<caption-text>EOR geography (according to «O&amp;G Journal» and Baker Hughes, Apr 2012)</caption-text>
</formatted-caption>
</image-wrap>
</linkTarget>
</appendix>
</docFigure>
<docFigure pdf-page="25" figure-order="28" data-type-order="29">
<link href="link-28" type="image" />
<appendix>
<linkTarget id="link-28" type="image">
<anchoringText id="Ancr29">Miscible gas injection and steam injection are the main contributors in total oil production due to EOR.(Figure 26, 27). In Russia the situation is slightly different, namely there have been some gas injection pilots but there has not been a single full scale commercial gas injection project. A large share of oil which is said to be produced due to EOR in Russia is actually related to small-scale chemical composition injections, mainly cross-linked gel treatments. These treatments cannot be qualified as EOR by interna-tional classification (Figure 28).</anchoringText>
<image-wrap id="102118177334MS-Img_SPi-28">
<label>Figure 28 </label>
<imageLink type="mediaResource" href="102118177334MS_i_28.tif" id="ImgLink-28" />
<caption>Additional oil production dynamics over time (Shandrygin et al., SPE 147410)</caption>
<formatted-caption>
<caption-label>Figure</caption-label>
<caption-order>28</caption-order>
<caption-text>Additional oil production dynamics over time (Shandrygin et al., SPE 147410)</caption-text>
</formatted-caption>
</image-wrap>
</linkTarget>
</appendix>
</docFigure>
<docFigure composite="true" composite-count="2" pdf-page="26" figure-order="29" data-type-order="30">
<link href="link-29" type="image" />
<appendix>
<linkTarget id="link-29" type="image">
<anchoringText id="Ancr30">In general, it should be noted that incremental recovery factor grows with increasing of amount of chemicals (French, 1997; Li, 2007). Figure 29 shows incremental RF over waterflooding for real ASP projects and real decrease in water cut which were caused by ASP flood.</anchoringText>
<image-wrap id="102118177334MS-Img_SPi-29">
<label>Figure 29 </label>
<imageLink type="mediaResource" href="102118177334MS_i_29.tif" id="ImgLink-29" />
<caption>Incremental recovery factors and water cut decrease available for the projects and their average (James J. SPE 165358, 2013)</caption>
<formatted-caption>
<caption-label>Figure</caption-label>
<caption-order>29</caption-order>
<caption-text>Incremental recovery factors and water cut decrease available for the projects and their average (James J. SPE 165358, 2013)</caption-text>
</formatted-caption>
</image-wrap>
<image-wrap id="102118177334MS-Img_SPi-29a">
<imageLink type="mediaResource" href="102118177334MS_i_29a.tif" id="ImgLink-29a" />
</image-wrap>
<image-wrap id="102118177334MS-Img_SPi-29b">
<imageLink type="mediaResource" href="102118177334MS_i_29b.tif" id="ImgLink-29b" />
</image-wrap>
</linkTarget>
</appendix>
</docFigure>
<docFigure pdf-page="27" figure-order="30" data-type-order="31">
<link href="link-30" type="image" />
<appendix>
<linkTarget id="link-30" type="image">
<anchoringText id="Ancr31">his EOR method is a combination of waterflooding with alkali, surfactant and polymer (Figure 30). Surfactant is needed to decrease dramatically interfacial tension to values of 10-3 mN/m and mobilize capillary trapped oil according to capillary desaturation curve. Alkali is added in order to reduce surfactant adsorption on the grains and lower therefore the usage of the most expensive component of solution. Another positive effect of alkali is related with a soap production in-place (surfactant) which is caused by chemical reaction between alkali and oil. Polymer allows to stabilize the displacement front and improve the sweeping of microemulsions in the reservoir.</anchoringText>
<image-wrap id="102118177334MS-Img_SPi-30">
<label>Figure 30 </label>
<imageLink type="mediaResource" href="102118177334MS_i_30.tif" id="ImgLink-30" />
<caption>ASP implementation scheme</caption>
<formatted-caption>
<caption-label>Figure</caption-label>
<caption-order>30</caption-order>
<caption-text>ASP implementation scheme</caption-text>
</formatted-caption>
</image-wrap>
</linkTarget>
</appendix>
</docFigure>
<docFigure pdf-page="27" figure-order="31" data-type-order="32">
<link href="link-31" type="image" />
<appendix>
<linkTarget id="link-31" type="image">
<anchoringText id="Ancr32">Figure 31 presents the dynamics of the number of EOR projects in USA. In 2011 there were 193 EOR-projects (including chemical, steam and CO2 methods) which gave additional production 663 Mbbls per day. 111 CO2 injection projects among them provided production 280 Mbbls per day which was about 5% of total oil production in USA (Mohan 2011). Currently, practice of CO2 injection for mature oil fields in USA continue to expend, from 2011 till 2014 oil production due to CO2 injection increased from 270 Mbbls per day to 470 Mbbls per day.</anchoringText>
<image-wrap id="102118177334MS-Img_SPi-31">
<label>Figure 31 </label>
<imageLink type="mediaResource" href="102118177334MS_i_31.tif" id="ImgLink-31" />
<caption>CO<sub>2</sub> sources and pipelines in USA</caption>
<formatted-caption>
<caption-label>Figure</caption-label>
<caption-order>31</caption-order>
<caption-text>CO<sub>2</sub> sources and pipelines in USA</caption-text>
</formatted-caption>
</image-wrap>
</linkTarget>
</appendix>
</docFigure>
<docFigure pdf-page="28" figure-order="32" data-type-order="33">
<link href="link-32" type="image" />
<appendix>
<linkTarget id="link-32" type="image">
<anchoringText id="Ancr33">Virtual incremental recovery factors for a number of oil fields over RF due to waterflooding are presented at Figure 32.</anchoringText>
<image-wrap id="102118177334MS-Img_SPi-32">
<label>Figure 32 </label>
<imageLink type="mediaResource" href="102118177334MS_i_32.tif" id="ImgLink-32" />
<caption>Virtual incremental RF for the different oil fields (over water flood)</caption>
<formatted-caption>
<caption-label>Figure</caption-label>
<caption-order>32</caption-order>
<caption-text>Virtual incremental RF for the different oil fields (over water flood)</caption-text>
</formatted-caption>
</image-wrap>
</linkTarget>
</appendix>
</docFigure>
<docFigure pdf-page="29" figure-order="33" data-type-order="34">
<link href="link-33" type="image" />
<appendix>
<linkTarget id="link-33" type="image">
<anchoringText id="Ancr34"> </anchoringText>
<image-wrap id="102118177334MS-Img_SPi-33">
<label>Figure 33 </label>
<imageLink type="mediaResource" href="102118177334MS_i_33.tif" id="ImgLink-33" />
<caption>WAG scheme</caption>
<formatted-caption>
<caption-label>Figure</caption-label>
<caption-order>33</caption-order>
<caption-text>WAG scheme</caption-text>
</formatted-caption>
</image-wrap>
</linkTarget>
</appendix>
</docFigure>
<docFigure composite="true" composite-count="2" pdf-page="30" figure-order="34" data-type-order="35">
<link href="link-34" type="image" />
<appendix>
<linkTarget id="link-34" type="image">
<anchoringText id="Ancr35">The results of scenarios simulation are presented below (Figure 34). Gas injection and WAG effect is observed from the first years of application. This results in oil production increase.</anchoringText>
<image-wrap id="102118177334MS-Img_SPi-34">
<label>Figure 34 </label>
<imageLink type="mediaResource" href="102118177334MS_i_34.tif" id="ImgLink-34" />
<caption>Oil rate and incremental Recovery Factor for different development scenario (based on sector modelling)</caption>
<formatted-caption>
<caption-label>Figure</caption-label>
<caption-order>34</caption-order>
<caption-text>Oil rate and incremental Recovery Factor for different development scenario (based on sector modelling)</caption-text>
</formatted-caption>
</image-wrap>
<image-wrap id="102118177334MS-Img_SPi-34a">
<imageLink type="mediaResource" href="102118177334MS_i_34a.tif" id="ImgLink-34a" />
<figure-specific-caption>
<caption-order></caption-order>
<caption-text>Oil rate</caption-text>
</figure-specific-caption>
</image-wrap>
<image-wrap id="102118177334MS-Img_SPi-34b">
<imageLink type="mediaResource" href="102118177334MS_i_34b.tif" id="ImgLink-34b" />
<figure-specific-caption>
<caption-order></caption-order>
<caption-text>Incremental Recovery Factor</caption-text>
</figure-specific-caption>
</image-wrap>
</linkTarget>
</appendix>
</docFigure>
<docFigure pdf-page="30" figure-order="35" data-type-order="36">
<link href="link-35" type="image" />
<appendix>
<linkTarget id="link-35" type="image">
<anchoringText id="Ancr36">Gas injection efficiency is characterized by gas utilization ratio which represents gas volume injected necessary to produce one additional cubic meter of oil (Figure 35). Gas utilization plots obtained as a result of sector simulation are typical for WAG projects and gas utilization ratio value corresponds to analogue field data. Gross gas utilization for the base option by the end of WAG is 1.85 thous. m3/m3.</anchoringText>
<image-wrap id="102118177334MS-Img_SPi-35">
<label>Figure 35 </label>
<imageLink type="mediaResource" href="102118177334MS_i_35.tif" id="ImgLink-35" />
<caption>Gross gas utilization factor (based on sector modelling)</caption>
<formatted-caption>
<caption-label>Figure</caption-label>
<caption-order>35</caption-order>
<caption-text>Gross gas utilization factor (based on sector modelling)</caption-text>
</formatted-caption>
</image-wrap>
</linkTarget>
</appendix>
</docFigure>
<docFigure composite="true" composite-count="2" pdf-page="32" figure-order="36" data-type-order="37">
<link href="link-36" type="image" />
<appendix>
<linkTarget id="link-36" type="image">
<anchoringText id="Ancr37">Incremental RF for WAG option is 7% from OOIP over RF due to secondary recovery (Figure 36). This value appears to be reasonable, it corresponds to analytical estimates and actual data from North Ward Estes (</anchoringText>
<image-wrap id="102118177334MS-Img_SPi-36">
<label>Figure 36 </label>
<imageLink type="mediaResource" href="102118177334MS_i_36.tif" id="ImgLink-36" />
<caption>Recovery Factor and economical values for the field development scenarios</caption>
<formatted-caption>
<caption-label>Figure</caption-label>
<caption-order>36</caption-order>
<caption-text>Recovery Factor and economical values for the field development scenarios</caption-text>
</formatted-caption>
</image-wrap>
<image-wrap id="102118177334MS-Img_SPi-36a">
<imageLink type="mediaResource" href="102118177334MS_i_36a.tif" id="ImgLink-36a" />
<figure-specific-caption>
<caption-order></caption-order>
<caption-text>Recovery Factor</caption-text>
</figure-specific-caption>
</image-wrap>
<image-wrap id="102118177334MS-Img_SPi-36b">
<imageLink type="mediaResource" href="102118177334MS_i_36b.tif" id="ImgLink-36b" />
<figure-specific-caption>
<caption-order></caption-order>
<caption-text>Economical values</caption-text>
</figure-specific-caption>
</image-wrap>
</linkTarget>
</appendix>
</docFigure>
<docFigure pdf-page="32" figure-order="37" data-type-order="38">
<link href="link-37" type="image" />
<appendix>
<linkTarget id="link-37" type="image">
<anchoringText id="Ancr38"> </anchoringText>
<image-wrap id="102118177334MS-Img_SPi-37">
<label>Figure 37 </label>
<imageLink type="mediaResource" href="102118177334MS_i_37.tif" id="ImgLink-37" />
<caption>Forecast of production profiles for the field development scenarios</caption>
<formatted-caption>
<caption-label>Figure</caption-label>
<caption-order>37</caption-order>
<caption-text>Forecast of production profiles for the field development scenarios</caption-text>
</formatted-caption>
</image-wrap>
</linkTarget>
</appendix>
</docFigure>
</docFigureList>
</docTables>