<?xml version="1.0" encoding="utf-8"?>
<docTables>
<docMetaData inputFile="102118177487MS.txt" extractionDate="2021-03-16T19:19:08Z">
<doi>10.2118/177487-MS</doi>
<pii>10.2118/177487-MS</pii>
<publisher>SPE_Society_of_Petroleum_Engineers</publisher>
</docMetaData>
<docFigureList>
<docFigure pdf-page="2" figure-order="1" data-type-order="1">
<link href="link-1" type="image" />
<appendix>
<linkTarget id="link-1" type="image">
<anchoringText id="Ancr1"> </anchoringText>
<image-wrap id="102118177487MS-Img_SPi-1">
<label>Figure 1 </label>
<imageLink type="mediaResource" href="102118177487MS_i_1.tif" id="ImgLink-1" />
<caption>Study Area –North eastern sector of the OML 123 acreage; part of a fault block system along the Nigeria-Cameroon border (red rectangle). Ref: www.proactiveinvestors.com</caption>
<formatted-caption>
<caption-label>Figure</caption-label>
<caption-order>1</caption-order>
<caption-text>Study Area –North eastern sector of the OML 123 acreage; part of a fault block system along the Nigeria-Cameroon border (red rectangle). Ref: www.proactiveinvestors.com</caption-text>
</formatted-caption>
</image-wrap>
</linkTarget>
</appendix>
</docFigure>
<docFigure pdf-page="3" figure-order="2" data-type-order="2">
<link href="link-2" type="image" />
<appendix>
<linkTarget id="link-2" type="image">
<anchoringText id="Ancr2">The Biafra Member (Figure-2) which includes all reservoirs from P-4 to I-4 is a deltaic sequence made-up of numerous stacked, upward-coarsening units, with prodelta shales and silts near the base, grading upwards into medium- to coarse-grained upper-delta and shallow-marine sandstones at the top. The reservoir sandstones of the Biafra Member were deposited in a high-energy, wave-dominated deltaic environment, prograding over the thick prodelta shales of the Akata Formation. The Akata Formation is the main hydrocarbon source rock for the overlying Biafra reservoir sands.</anchoringText>
<image-wrap id="102118177487MS-Img_SPi-2">
<label>Figure 2 </label>
<imageLink type="mediaResource" href="102118177487MS_i_2.tif" id="ImgLink-2" />
<caption>Biafra Member in the Stratigraphy of the Study Area</caption>
<formatted-caption>
<caption-label>Figure</caption-label>
<caption-order>2</caption-order>
<caption-text>Biafra Member in the Stratigraphy of the Study Area</caption-text>
</formatted-caption>
</image-wrap>
</linkTarget>
</appendix>
</docFigure>
<docFigure pdf-page="4" figure-order="3" data-type-order="3">
<link href="link-3" type="image" />
<appendix>
<linkTarget id="link-3" type="image">
<anchoringText id="Ancr3">The interpre-tation of the petrophysical logs is refined by integration of rock physics knowledge to define the impact of clays distribution contributing to the low resistivity effect with confirmation of dispersed clay content. Rock typing and structure characterization is improved by the detailed investigation of NMR signal distribution compared to features revealed by borehole images data at highest resolution. Finally, the results of extensive core data analysis is made available and added to the evaluation workflow (Figure-3) to validate the parameters and verify the rock properties at different scale.</anchoringText>
<image-wrap id="102118177487MS-Img_SPi-3">
<label>Figure 3 </label>
<imageLink type="mediaResource" href="102118177487MS_i_3.tif" id="ImgLink-3" />
<caption>Flow chart of the analytic logs-based integrated to cores procedure</caption>
<formatted-caption>
<caption-label>Figure</caption-label>
<caption-order>3</caption-order>
<caption-text>Flow chart of the analytic logs-based integrated to cores procedure</caption-text>
</formatted-caption>
</image-wrap>
</linkTarget>
</appendix>
</docFigure>
<docFigure pdf-page="5" figure-order="4" data-type-order="4">
<link href="link-4" type="image" />
<appendix>
<linkTarget id="link-4" type="image">
<anchoringText id="Ancr4">Several intervals prone to develop into LRLC sand reservoirs have also been identified during drilling; however routine logs data acquisition is basic and insufficient to delineate and quantify to any extent this LRLC sand. To confirm the existence of a reservoir system and producible hydrocarbon, a recent well was designed to target the evaluation of the potential LRLC layers. Detailed interpretation of borehole image logs with dips and texture with core snaps (Figure-4) suggested the reservoir interval to have been deposited around the pro-delta (Figure-5) in a shallow marine environment with low energy of deposition.</anchoringText>
<image-wrap id="102118177487MS-Img_SPi-4">
<label>Figure 4 </label>
<imageLink type="mediaResource" href="102118177487MS_i_4.tif" id="ImgLink-4" />
<caption>Image log facies with corresponding core snaps</caption>
<formatted-caption>
<caption-label>Figure</caption-label>
<caption-order>4</caption-order>
<caption-text>Image log facies with corresponding core snaps</caption-text>
</formatted-caption>
</image-wrap>
</linkTarget>
</appendix>
</docFigure>
<docFigure pdf-page="6" figure-order="5" data-type-order="5">
<link href="link-5" type="image" />
<appendix>
<linkTarget id="link-5" type="image">
<anchoringText id="Ancr5">Several intervals prone to develop into LRLC sand reservoirs have also been identified during drilling; however routine logs data acquisition is basic and insufficient to delineate and quantify to any extent this LRLC sand. To confirm the existence of a reservoir system and producible hydrocarbon, a recent well was designed to target the evaluation of the potential LRLC layers. Detailed interpretation of borehole image logs with dips and texture with core snaps (Figure-4) suggested the reservoir interval to have been deposited around the pro-delta (Figure-5) in a shallow marine environment with low energy of deposition.</anchoringText>
<image-wrap id="102118177487MS-Img_SPi-5">
<label>Figure 5 </label>
<imageLink type="mediaResource" href="102118177487MS_i_5.tif" id="ImgLink-5" />
<caption>Inferred depositional environment for the LRLC intervals, with borehole image logs and Core</caption>
<formatted-caption>
<caption-label>Figure</caption-label>
<caption-order>5</caption-order>
<caption-text>Inferred depositional environment for the LRLC intervals, with borehole image logs and Core</caption-text>
</formatted-caption>
</image-wrap>
</linkTarget>
</appendix>
</docFigure>
<docFigure pdf-page="8" figure-order="6" data-type-order="6">
<link href="link-6" type="image" />
<appendix>
<linkTarget id="link-6" type="image">
<anchoringText id="Ancr6">Remapping these intervals using modern petrophysical techniques linked to geology from images and cores have significant production and reserve implications as pictured in the study. Log responses are studied on high level of detail to derive rock quality, fluids content, and their ability to move. The main petrophysical outputs over the zone of interested are summarized in the Figure-6 (image compressed at 1:100).</anchoringText>
<image-wrap id="102118177487MS-Img_SPi-6">
<label>Figure 6 </label>
<imageLink type="mediaResource" href="102118177487MS_i_6.tif" id="ImgLink-6" />
<caption>Main petrophysical logs summary and rock quality analysis describing the heterogeneity of the rock, and presence of dispersed clays within the fine grained sand and laminated component in shale. Average aspect ratios of sand and shale beds in combination with innovative multi-component modeling are deployed and coupled to expert multi-frequency magnetic resonance for quantitative estimation of hydrocarbon potential. NMR separates signals from gas, oil and water unambiguously and quantify the correct height of the oil column independently from the dual-water saturation-resistivity equations</caption>
<formatted-caption>
<caption-label>Figure</caption-label>
<caption-order>6</caption-order>
<caption-text>Main petrophysical logs summary and rock quality analysis describing the heterogeneity of the rock, and presence of dispersed clays within the fine grained sand and laminated component in shale. Average aspect ratios of sand and shale beds in combination with innovative multi-component modeling are deployed and coupled to expert multi-frequency magnetic resonance for quantitative estimation of hydrocarbon potential. NMR separates signals from gas, oil and water unambiguously and quantify the correct height of the oil column independently from the dual-water saturation-resistivity equations</caption-text>
</formatted-caption>
</image-wrap>
</linkTarget>
</appendix>
</docFigure>
<docFigure composite="true" composite-count="4" pdf-page="10" figure-order="7" data-type-order="7">
<link href="link-7" type="image" />
<appendix>
<linkTarget id="link-7" type="image">
<anchoringText id="Ancr7">Figure-7 shows the petrophysical analysis with available core measurements for the well and reservoir of interest in the study area (logs image compressed at 1:100).</anchoringText>
<image-wrap id="102118177487MS-Img_SPi-7">
<label>Figure 7 </label>
<imageLink type="mediaResource" href="102118177487MS_i_7.tif" id="ImgLink-7" />
<caption>Core data integrated to petrophysical logs results. Spectral analysis of Thorium, Uranium, and Potassium from cores (Track 1) is added to the petrophysical evaluation for complete clays analysis; there is a good agreement between the total porosity from cores and the NMR fluid corrected porosity as well as porosity from matrix corrected neutron-density logs (Track 4). The fluids saturation from logs is also validated by core data analysis (Track 7) as well as the fluid ability to move depicted by advanced NMR study with refined cutoffs (Track 8). Core pictures: fine sandy heterolith with mud/organic (a), fine grained, silty sandstone (b), massive well sorted fine grained sandstone with better porosity (c), very fine silty sandstone mixed with muddy heterolith predominant at the base (d)</caption>
<formatted-caption>
<caption-label>Figure</caption-label>
<caption-order>7</caption-order>
<caption-text>Core data integrated to petrophysical logs results. Spectral analysis of Thorium, Uranium, and Potassium from cores (Track 1) is added to the petrophysical evaluation for complete clays analysis; there is a good agreement between the total porosity from cores and the NMR fluid corrected porosity as well as porosity from matrix corrected neutron-density logs (Track 4). The fluids saturation from logs is also validated by core data analysis (Track 7) as well as the fluid ability to move depicted by advanced NMR study with refined cutoffs (Track 8). Core pictures: fine sandy heterolith with mud/organic (a), fine grained, silty sandstone (b), massive well sorted fine grained sandstone with better porosity (c), very fine silty sandstone mixed with muddy heterolith predominant at the base (d)</caption-text>
</formatted-caption>
</image-wrap>
<image-wrap id="102118177487MS-Img_SPi-7a">
<imageLink type="mediaResource" href="102118177487MS_i_7a.tif" id="ImgLink-7a" />
<figure-specific-caption>
<caption-order>(a)</caption-order>
<caption-text>Core pictures: fine sandy heterolith with mud/organic</caption-text>
</figure-specific-caption>
</image-wrap>
<image-wrap id="102118177487MS-Img_SPi-7b">
<imageLink type="mediaResource" href="102118177487MS_i_7b.tif" id="ImgLink-7b" />
<figure-specific-caption>
<caption-order>(b)</caption-order>
<caption-text>fine grained, silty sandstone</caption-text>
</figure-specific-caption>
</image-wrap>
<image-wrap id="102118177487MS-Img_SPi-7c">
<imageLink type="mediaResource" href="102118177487MS_i_7c.tif" id="ImgLink-7c" />
<figure-specific-caption>
<caption-order>(c)</caption-order>
<caption-text>massive well sorted fine grained sandstone with better porosity</caption-text>
</figure-specific-caption>
</image-wrap>
<image-wrap id="102118177487MS-Img_SPi-7d">
<imageLink type="mediaResource" href="102118177487MS_i_7d.tif" id="ImgLink-7d" />
<figure-specific-caption>
<caption-order>(d)</caption-order>
<caption-text>very fine silty sandstone mixed with muddy heterolith predominant at the base</caption-text>
</figure-specific-caption>
</image-wrap>
</linkTarget>
</appendix>
</docFigure>
</docFigureList>
</docTables>