<?xml version="1.0" encoding="utf-8"?>
<docTables>
<docMetaData inputFile="102118179649MS.txt" extractionDate="2021-03-18T20:09:23Z">
<doi>10.2118/179649-MS</doi>
<pii>10.2118/179649-MS</pii>
<publisher>SPE_Society_of_Petroleum_Engineers</publisher>
</docMetaData>
<docTableList>
<docTable pdf-page="16" table-order="1" data-type-order="15">
<table-wrap id="102118179649MS-tblwrp-1" content-type="structured">
<anchoringText id="Ancr1">The designed treatment volume was estimated at 45,000 bbls, and the available injection rate was above 5,000 bwpd. Typical pumping equipment for this kind of operation can deliver a maximum of ~1,250 BPD at max pressure and 15,000 ppm concentration. Using the pumping unit at this max condition and slip streaming additional water to dilute the treatment back to the desired concentration for each stage resulted in table 1 below:</anchoringText>
<label>Table 1</label>
<caption>Gel Treatment Pumping Schedule</caption>
<formatted-caption>
<caption-label>Table</caption-label>
<caption-order>1</caption-order>
<caption-text>Gel Treatment Pumping Schedule</caption-text>
</formatted-caption>
<table id="102118179649MS-Tbl_SPi-1" frame="hsides">
<thead>
<tr>
<th valign="top" align="center">Target Concentration (ppm)</th>
<th valign="top" align="center">Design Volume (bbl)</th>
<th valign="top" align="center">PU 23 Rate (bpd)</th>
<th valign="top" align="center">Treatment Rate (bpd)</th>
<th valign="top" align="center">Water Supply Rate (bpd)</th>
<th valign="top" align="center">Treatment Rate (bpm)</th>
<th valign="top" align="center">Target Polymer (#/day)</th>
<th valign="top" align="center">PU23 Polymer Concentration (ppm)</th>
</tr>
</thead>
<tbody>
<tr>
<td valign="top" align="center">3000</td>
<td valign="top" align="center">18000</td>
<td valign="top" align="center">1250</td>
<td valign="top" align="center">5000</td>
<td valign="top" align="center">3750.0</td>
<td valign="top" align="center">3.47</td>
<td valign="top" align="center">5245</td>
<td valign="top" align="center">12000</td>
</tr>
<tr>
<td valign="top" align="center">5000</td>
<td valign="top" align="center">13500</td>
<td valign="top" align="center">1250</td>
<td valign="top" align="center">3750</td>
<td valign="top" align="center">2500.0</td>
<td valign="top" align="center">2.60</td>
<td valign="top" align="center">6556</td>
<td valign="top" align="center">15000</td>
</tr>
<tr>
<td valign="top" align="center">7000</td>
<td valign="top" align="center">9000</td>
<td valign="top" align="center">1250</td>
<td valign="top" align="center">2679</td>
<td valign="top" align="center">1429</td>
<td valign="top" align="center">1.86</td>
<td valign="top" align="center">6556</td>
<td valign="top" align="center">15000</td>
</tr>
<tr>
<td valign="top" align="center">10000</td>
<td valign="top" align="center">4500</td>
<td valign="top" align="center">1250</td>
<td valign="top" align="center">1875</td>
<td valign="top" align="center">625.0</td>
<td valign="top" align="center">1.30</td>
<td valign="top" align="center">6556</td>
<td valign="top" align="center">15000</td>
</tr>
<tr>
<td valign="top" align="center">Total</td>
<td valign="top" align="center">45000</td>
<td valign="top" align="center">
</td>
<td valign="top" align="center">
</td>
<td valign="top" align="center">
</td>
<td valign="top" align="center">
</td>
<td valign="top" align="center">
</td>
<td valign="top" align="center">
</td>
</tr>
</tbody>
</table>
</table-wrap>
<appendix />
</docTable>
<docTable pdf-page="17" table-order="2" data-type-order="17">
<table-wrap id="102118179649MS-tblwrp-2" content-type="structured">
<anchoringText id="Ancr2">Initial water injectivity rate before the gel treatment was 5,100 bpd at ~700 psi injection pressure; final injectivity was 1,000 bpd at an injection pressure of ~ 2,100 psi. The entire pumping operation chart is shown in Fig. 15. As indicated in Table 2 and Fig. 15 the operation was not able to pump the entire treatment volume due to a very rapid pressure increase during the final two concentration stages. The final treatment stages pumped are outlined in Table 2.</anchoringText>
<label>Table 2</label>
<caption>Treatment Job Summary</caption>
<formatted-caption>
<caption-label>Table</caption-label>
<caption-order>2</caption-order>
<caption-text>Treatment Job Summary</caption-text>
</formatted-caption>
<table id="102118179649MS-Tbl_SPi-2" frame="hsides">
<thead>
<tr>
<th rowspan="2" valign="top" align="center">Stage</th>
<th rowspan="2" valign="top" align="center">Date Begin</th>
<th rowspan="2" valign="top" align="center">Time Begin</th>
<th rowspan="2" valign="top" align="center">Date End</th>
<th rowspan="2" valign="top" align="center">Time End</th>
<th rowspan="2" valign="top" align="center">Polymer ppm</th>
<th rowspan="2" valign="top" align="center">Volume Bbls</th>
<th colspan="2" valign="top" align="center">WHP (psi)</th>
<th colspan="2" valign="top" align="center">BHP (psi)</th>
<th colspan="2" valign="top" align="center">Pump Rate (bpd)</th>
<th rowspan="2" valign="top" align="center">Comments</th>
</tr>
<tr>
<th valign="top" align="center">Begin</th>
<th valign="top" align="center">End</th>
<th valign="top" align="center">Begin</th>
<th valign="top" align="center">End</th>
<th valign="top" align="center">Begin</th>
<th valign="top" align="center">End</th>
</tr>
</thead>
<tbody>
<tr>
<td valign="top" align="center">1</td>
<td valign="top" align="center">10/22/13</td>
<td valign="top" align="center">6:00PM</td>
<td valign="top" align="center">10/20/13</td>
<td valign="top" align="center">8.00 PM</td>
<td valign="top" align="center">0</td>
<td valign="top" align="center">399</td>
<td valign="top" align="center">550</td>
<td valign="top" align="center">693</td>
<td valign="top" align="center">N/A</td>
<td valign="top" align="center">N/A</td>
<td valign="top" align="center">1,875</td>
<td valign="top" align="center">4,990</td>
<td valign="top" align="center">Stage 1: Water Flush</td>
</tr>
<tr>
<td valign="top" align="center">2</td>
<td valign="top" align="center">10/22/13</td>
<td valign="top" align="center">8:00PM</td>
<td valign="top" align="center">10/23/13</td>
<td valign="top" align="center">4.00 PM</td>
<td valign="top" align="center">3000</td>
<td valign="top" align="center">3,759</td>
<td valign="top" align="center">693</td>
<td valign="top" align="center">890</td>
<td valign="top" align="center">N/A</td>
<td valign="top" align="center">N/A</td>
<td valign="top" align="center">4,990</td>
<td valign="top" align="center">3,450</td>
<td valign="top" align="center">Stage 2: 3000 ppm</td>
</tr>
<tr>
<td valign="top" align="center">3</td>
<td valign="top" align="center">10/23/13</td>
<td valign="top" align="center">4:00PM</td>
<td valign="top" align="center">10/23/13</td>
<td valign="top" align="center">5.30 PM</td>
<td valign="top" align="center">0</td>
<td valign="top" align="center">204</td>
<td valign="top" align="center">890</td>
<td valign="top" align="center">937</td>
<td valign="top" align="center">N/A</td>
<td valign="top" align="center">N/A</td>
<td valign="top" align="center">3450</td>
<td valign="top" align="center">4400</td>
<td valign="top" align="center">Stage 3: Water Flush</td>
</tr>
<tr>
<td valign="top" align="center">4</td>
<td valign="top" align="center">10/23/13</td>
<td valign="top" align="center">5:30PM</td>
<td valign="top" align="center">10/23/13</td>
<td valign="top" align="center">10.55 PM</td>
<td valign="top" align="center">3000</td>
<td valign="top" align="center">958</td>
<td valign="top" align="center">937</td>
<td valign="top" align="center">1020</td>
<td valign="top" align="center">N/A</td>
<td valign="top" align="center">N/A</td>
<td valign="top" align="center">4400</td>
<td valign="top" align="center">3300</td>
<td valign="top" align="center">Stage 4: 3000 ppm</td>
</tr>
<tr>
<td valign="top" align="center">5</td>
<td valign="top" align="center">10/23/13</td>
<td valign="top" align="center">10:55PM</td>
<td valign="top" align="center">10/24/13</td>
<td valign="top" align="center">12.00 AM</td>
<td valign="top" align="center">0</td>
<td valign="top" align="center">152</td>
<td valign="top" align="center">1020</td>
<td valign="top" align="center">1019</td>
<td valign="top" align="center">N/A</td>
<td valign="top" align="center">N/A</td>
<td valign="top" align="center">3300</td>
<td valign="top" align="center">4300</td>
<td valign="top" align="center">Stage 5: Water Flush</td>
</tr>
<tr>
<td valign="top" align="center">6</td>
<td valign="top" align="center">10/24/13</td>
<td valign="top" align="center">12:00AM</td>
<td valign="top" align="center">10/25/13</td>
<td valign="top" align="center">12.00 PM</td>
<td valign="top" align="center">3000</td>
<td valign="top" align="center">6559</td>
<td valign="top" align="center">1019</td>
<td valign="top" align="center">1183</td>
<td valign="top" align="center">N/A</td>
<td valign="top" align="center">N/A</td>
<td valign="top" align="center">4300</td>
<td valign="top" align="center">4500</td>
<td valign="top" align="center">Stage 63000 ppm</td>
</tr>
<tr>
<td valign="top" align="center">7</td>
<td valign="top" align="center">10/25/13</td>
<td valign="top" align="center">12:00PM</td>
<td valign="top" align="center">10/26/13</td>
<td valign="top" align="center">2.30 PM</td>
<td valign="top" align="center">5000</td>
<td valign="top" align="center">3628</td>
<td valign="top" align="center">1183</td>
<td valign="top" align="center">1259</td>
<td valign="top" align="center">N/A</td>
<td valign="top" align="center">N/A</td>
<td valign="top" align="center">4500</td>
<td valign="top" align="center">3260</td>
<td valign="top" align="center">Stage 75000 ppm</td>
</tr>
<tr>
<td valign="top" align="center">8</td>
<td valign="top" align="center">10/26/13</td>
<td valign="top" align="center">2:30PM</td>
<td valign="top" align="center">10/26/13</td>
<td valign="top" align="center">4.30 PM</td>
<td valign="top" align="center">0</td>
<td valign="top" align="center">189</td>
<td valign="top" align="center">1259</td>
<td valign="top" align="center">1039</td>
<td valign="top" align="center">N/A</td>
<td valign="top" align="center">N/A</td>
<td valign="top" align="center">3260</td>
<td valign="top" align="center">2200</td>
<td valign="top" align="center">Stage 8. Water Flush</td>
</tr>
<tr>
<td valign="top" align="center">9</td>
<td valign="top" align="center">10/26/13</td>
<td valign="top" align="center">4.30PM</td>
<td valign="top" align="center">10/27/13</td>
<td valign="top" align="center">11.30 PM</td>
<td valign="top" align="center">5000</td>
<td valign="top" align="center">4158</td>
<td valign="top" align="center">1039</td>
<td valign="top" align="center">1406</td>
<td valign="top" align="center">N/A</td>
<td valign="top" align="center">N/A</td>
<td valign="top" align="center">2200</td>
<td valign="top" align="center">3200</td>
<td valign="top" align="center">Stage 9: 5000 ppm</td>
</tr>
<tr>
<td valign="top" align="center">10</td>
<td valign="top" align="center">1027/13</td>
<td valign="top" align="center">11:30PM</td>
<td valign="top" align="center">10/28/13</td>
<td valign="top" align="center">5.00 AM</td>
<td valign="top" align="center">7000</td>
<td valign="top" align="center">490</td>
<td valign="top" align="center">1406</td>
<td valign="top" align="center">1670</td>
<td valign="top" align="center">N/A</td>
<td valign="top" align="center">N/A</td>
<td valign="top" align="center">3200</td>
<td valign="top" align="center">2204</td>
<td valign="top" align="center">Stage 10: 7000 ppm</td>
</tr>
<tr>
<td valign="top" align="center">11</td>
<td valign="top" align="center">1028/13</td>
<td valign="top" align="center">5.00AM</td>
<td valign="top" align="center">10/28/13</td>
<td valign="top" align="center">8.15 AM</td>
<td valign="top" align="center">10000</td>
<td valign="top" align="center">187</td>
<td valign="top" align="center">1670</td>
<td valign="top" align="center">2044</td>
<td valign="top" align="center">N/A</td>
<td valign="top" align="center">N/A</td>
<td valign="top" align="center">2204</td>
<td valign="top" align="center">980</td>
<td valign="top" align="center">Stage 11: 10000 ppm</td>
</tr>
<tr>
<td valign="top" align="center">12</td>
<td valign="top" align="center">10/28/13</td>
<td valign="top" align="center">8:15AM</td>
<td valign="top" align="center">10/28/13</td>
<td valign="top" align="center">8.25 AM</td>
<td valign="top" align="center">0</td>
<td valign="top" align="center">11</td>
<td valign="top" align="center">2044</td>
<td valign="top" align="center">2081</td>
<td valign="top" align="center">N/A</td>
<td valign="top" align="center">N/A</td>
<td valign="top" align="center">980</td>
<td valign="top" align="center">984</td>
<td valign="top" align="center">Stage 12: Waterflush</td>
</tr>
<tr>
<td valign="top" align="center">Totals</td>
<td valign="top" align="center">
</td>
<td valign="top" align="center">
</td>
<td valign="top" align="center">
</td>
<td valign="top" align="center">
</td>
<td valign="top" align="center">
</td>
<td valign="top" align="center">20694</td>
<td valign="top" align="center">
</td>
<td valign="top" align="center">
</td>
<td valign="top" align="center">
</td>
<td valign="top" align="center">
</td>
<td valign="top" align="center">
</td>
<td valign="top" align="center">
</td>
<td valign="top" align="center">
</td>
</tr>
</tbody>
</table>
</table-wrap>
<appendix />
</docTable>
</docTableList>
</docTables>