<?xml version="1.0" encoding="utf-8"?>
<docTables>
<docMetaData inputFile="102118176666MS.txt" extractionDate="2021-03-20T16:44:18Z">
<doi>10.2118/176666-MS</doi>
<pii>10.2118/176666-MS</pii>
<publisher>SPE_Society_of_Petroleum_Engineers</publisher>
</docMetaData>
<docTableList>
<docTable pdf-page="5" table-order="1" data-type-order="3">
<table-wrap id="102118176666MS-tblwrp-1" content-type="structured">
<anchoringText id="Ancr1">Ozhginskoe and Vostochno-Ozhginskoe uplift separated not pronounced deflection width of 200–500 On newly obtained data, the trough was deeper, which led to the increase of the amplitudes of elevations (table 1). As a result of the seismic re-interpretation of the material taking into account the newly obtained data drilling has changed the morphology Ozhginskoe lifting. Previously by RH IIp Ozhginskoe structure was allocated in the form of a dome with three vertices.</anchoringText>
<label>Table 1</label>
<caption>Morphological characteristics of Ozhginskaya structure</caption>
<formatted-caption>
<caption-label>Table</caption-label>
<caption-order>1</caption-order>
<caption-text>Morphological characteristics of Ozhginskaya structure</caption-text>
</formatted-caption>
<table id="102118176666MS-Tbl_SPi-1" frame="hsides">
<thead>
<tr>
<th valign="top" align="center">RH</th>
<th valign="top" align="center">Enveloping isohypse, M</th>
<th valign="top" align="center">Structure size, km x km</th>
<th valign="top" align="center">Structure range, m</th>
</tr>
</thead>
<tbody>
<tr>
<td colspan="4" valign="top" align="center">
<b>According to previous works</b>
</td>
</tr>
<tr>
<td valign="top" align="center">
<b>GR-N</b>
</td>
<td valign="top" align="center">–565</td>
<td valign="top" align="center">2,5×1,9</td>
<td valign="top" align="left">17</td>
</tr>
<tr>
<td valign="top" align="center">
<b>Ik</b>
</td>
<td valign="top" align="center">–1110</td>
<td valign="top" align="center">3,4×2,7</td>
<td valign="top" align="left">West top 21, East top 28</td>
</tr>
<tr>
<td valign="top" align="center">
<b>Ip</b>
</td>
<td valign="top" align="center">–1170</td>
<td valign="top" align="center">3,4×2,8</td>
<td valign="top" align="left">West top 27, East top 34</td>
</tr>
<tr>
<td valign="top" align="center">
<b>IIk</b>
</td>
<td valign="top" align="center">–1460</td>
<td valign="top" align="center">3,9×3,1</td>
<td valign="top" align="left">West top unlocated, East top 41</td>
</tr>
<tr>
<td valign="top" align="center">
<b>IIp</b>
</td>
<td valign="top" align="center">–1530</td>
<td valign="top" align="center">4,2×3,2</td>
<td valign="top" align="left">West top 36, East top 45</td>
</tr>
<tr>
<td colspan="4" valign="top" align="center">
<b>According to present works</b>
</td>
</tr>
<tr>
<td valign="top" align="center">
<b>A</b>
</td>
<td valign="top" align="center">–770</td>
<td valign="top" align="center">2,5×2,5</td>
<td valign="top" align="left">17</td>
</tr>
<tr>
<td valign="top" align="center">
<b>Ik</b>
</td>
<td valign="top" align="center">–1120</td>
<td valign="top" align="center">3,9×3,1</td>
<td valign="top" align="left">West top 38</td>
</tr>
<tr>
<td valign="top" align="center">
</td>
<td valign="top" align="center">
</td>
<td valign="top" align="center">
</td>
<td valign="top" align="left">East top 32</td>
</tr>
<tr>
<td valign="top" align="center">
<b>Ip</b>
</td>
<td valign="top" align="center">–1175</td>
<td valign="top" align="center">3,8×2,9</td>
<td valign="top" align="left">West top 42</td>
</tr>
<tr>
<td valign="top" align="center">
</td>
<td valign="top" align="center">
</td>
<td valign="top" align="center">
</td>
<td valign="top" align="left">East top 37</td>
</tr>
<tr>
<td valign="top" align="center">
<b>IIk</b>
</td>
<td valign="top" align="center">–1470</td>
<td valign="top" align="center">4,2×3,3</td>
<td valign="top" align="left">West top 45</td>
</tr>
<tr>
<td valign="top" align="center">
</td>
<td valign="top" align="center">
</td>
<td valign="top" align="center">
</td>
<td valign="top" align="left">East top 48</td>
</tr>
<tr>
<td valign="top" align="center">
<b>IIp</b>
</td>
<td valign="top" align="center">–1535</td>
<td valign="top" align="center">4,2×3,2</td>
<td valign="top" align="left">West top 42</td>
</tr>
<tr>
<td valign="top" align="center">
</td>
<td valign="top" align="center">
</td>
<td valign="top" align="center">
</td>
<td valign="top" align="left">East top 46</td>
</tr>
</tbody>
</table>
</table-wrap>
<appendix />
</docTable>
<docTable pdf-page="9" table-order="2" data-type-order="6">
<table-wrap id="102118176666MS-tblwrp-2" content-type="structured">
<anchoringText id="Ancr2">3D grid was simulated taking into account reservoir and impermeable jumpers using grids, repeating the shape of the structural surfaces. The distance between the nodes of cells in X and Y made of 50 x 50 m in accordance with the recommendations based on the distance performance of the grid wells. Geometric parameters of the geological models presented in table 2.</anchoringText>
<label>Table 2</label>
<caption>General performance comparisons of 3D model</caption>
<formatted-caption>
<caption-label>Table</caption-label>
<caption-order>2</caption-order>
<caption-text>General performance comparisons of 3D model</caption-text>
</formatted-caption>
<table id="102118176666MS-Tbl_SPi-2" frame="hsides">
<thead>
<tr>
<th rowspan="2" valign="top" align="center">Object</th>
<th rowspan="2" valign="top" align="center">Model</th>
<th rowspan="2" valign="top" align="center">Modeling size, km</th>
<th colspan="3" valign="top" align="center">Number of boxes</th>
<th rowspan="2" valign="top" align="center">Horizontal size of blocks, m</th>
<th rowspan="2" valign="top" align="center">Vertical size, m</th>
<th rowspan="2" valign="top" align="center">Number of active blocks</th>
</tr>
<tr>
<th valign="top" align="center">NX</th>
<th valign="top" align="center">NY</th>
<th valign="top" align="center">NZ</th>
</tr>
</thead>
<tbody>
<tr>
<td valign="top" align="left">
<b>V3V4</b>
</td>
<td valign="top" align="center">Geological</td>
<td valign="top" align="center">5,6x6,3</td>
<td valign="top" align="center">112</td>
<td valign="top" align="center">126</td>
<td valign="top" align="center">54</td>
<td valign="top" align="center">50x50</td>
<td valign="top" align="center">0,296</td>
<td valign="top" align="center">762 048</td>
</tr>
<tr>
<td valign="top" align="left">
</td>
<td valign="top" align="center">
<b>
<i>Hydrodynamical</i>
</b>
</td>
<td valign="top" align="center">5,6x6,3</td>
<td valign="top" align="center">112</td>
<td valign="top" align="center">126</td>
<td valign="top" align="center">20</td>
<td valign="top" align="center">50x50</td>
<td valign="top" align="center">0,962</td>
<td valign="top" align="center">
<b>
<i>69 341</i>
</b>
</td>
</tr>
<tr>
<td valign="top" align="left">
<b>Bsh</b>
</td>
<td valign="top" align="center">Geological</td>
<td valign="top" align="center">5,6x6,3</td>
<td valign="top" align="center">112</td>
<td valign="top" align="center">126</td>
<td valign="top" align="center">150</td>
<td valign="top" align="center">50x50</td>
<td valign="top" align="center">0,417</td>
<td valign="top" align="center">2 116 800</td>
</tr>
<tr>
<td valign="top" align="left">
</td>
<td valign="top" align="center">
<b>
<i>Hydrodynamical</i>
</b>
</td>
<td valign="top" align="center">5,6x6,3</td>
<td valign="top" align="center">112</td>
<td valign="top" align="center">126</td>
<td valign="top" align="center">50</td>
<td valign="top" align="center">50x50</td>
<td valign="top" align="center">1,25</td>
<td valign="top" align="center">
<b>
<i>85 145</i>
</b>
</td>
</tr>
<tr>
<td valign="top" align="left">
<b>Tl2a</b>
</td>
<td valign="top" align="center">Geological</td>
<td valign="top" align="center">5,6x6,3</td>
<td valign="top" align="center">112</td>
<td valign="top" align="center">126</td>
<td valign="top" align="center">42</td>
<td valign="top" align="center">50x50</td>
<td valign="top" align="center">0,239</td>
<td valign="top" align="center">592 704</td>
</tr>
<tr>
<td valign="top" align="left">
</td>
<td valign="top" align="center">
<b>
<i>Hydrodynamical</i>
</b>
</td>
<td valign="top" align="center">5,6x6,3</td>
<td valign="top" align="center">112</td>
<td valign="top" align="center">126</td>
<td valign="top" align="center">14</td>
<td valign="top" align="center">50x50</td>
<td valign="top" align="center">0,718</td>
<td valign="top" align="center">
<b>
<i>48 818</i>
</b>
</td>
</tr>
<tr>
<td valign="top" align="left">
<b>Tl2b</b>
</td>
<td valign="top" align="center">Geological</td>
<td valign="top" align="center">5,6x6,3</td>
<td valign="top" align="center">112</td>
<td valign="top" align="center">126</td>
<td valign="top" align="center">48</td>
<td valign="top" align="center">50x50</td>
<td valign="top" align="center">0,245</td>
<td valign="top" align="center">677 376</td>
</tr>
<tr>
<td valign="top" align="left">
</td>
<td valign="top" align="center">
<b>
<i>Hydrodynamical</i>
</b>
</td>
<td valign="top" align="center">5,6x6,3</td>
<td valign="top" align="center">112</td>
<td valign="top" align="center">126</td>
<td valign="top" align="center">24</td>
<td valign="top" align="center">50x50</td>
<td valign="top" align="center">0,491</td>
<td valign="top" align="center">
<b>
<i>51 391</i>
</b>
</td>
</tr>
<tr>
<td valign="top" align="left">
<b>Bb</b>
</td>
<td valign="top" align="center">Geological</td>
<td valign="top" align="center">5,6x6,3</td>
<td valign="top" align="center">63</td>
<td valign="top" align="center">120</td>
<td valign="top" align="center">105</td>
<td valign="top" align="center">50x50</td>
<td valign="top" align="center">0,224</td>
<td valign="top" align="center">1 481 760</td>
</tr>
<tr>
<td valign="top" align="left">
</td>
<td valign="top" align="center">
<b>
<i>Hydrodynamical</i>
</b>
</td>
<td valign="top" align="center">5,6x6,3</td>
<td valign="top" align="center">112</td>
<td valign="top" align="center">126</td>
<td valign="top" align="center">35</td>
<td valign="top" align="center">50x50</td>
<td valign="top" align="center">0,673</td>
<td valign="top" align="center">
<b>
<i>135 561</i>
</b>
</td>
</tr>
<tr>
<td valign="top" align="left">
<b>Ml</b>
</td>
<td valign="top" align="center">Geological</td>
<td valign="top" align="center">5,6x6,3</td>
<td valign="top" align="center">63</td>
<td valign="top" align="center">120</td>
<td valign="top" align="center">54</td>
<td valign="top" align="center">50x50</td>
<td valign="top" align="center">0,200</td>
<td valign="top" align="center">762 048</td>
</tr>
<tr>
<td valign="top" align="left">
</td>
<td valign="top" align="center">
<b>
<i>Hydrodynamical</i>
</b>
</td>
<td valign="top" align="center">5,6x6,3</td>
<td valign="top" align="center">112</td>
<td valign="top" align="center">126</td>
<td valign="top" align="center">18</td>
<td valign="top" align="center">50x50</td>
<td valign="top" align="center">0,600</td>
<td valign="top" align="center">
<b>
<i>41 026</i>
</b>
</td>
</tr>
<tr>
<td valign="top" align="left">
<b>T</b>
</td>
<td valign="top" align="center">Geological</td>
<td valign="top" align="center">5,6x6,3</td>
<td valign="top" align="center">63</td>
<td valign="top" align="center">120</td>
<td valign="top" align="center">93</td>
<td valign="top" align="center">50x50</td>
<td valign="top" align="center">0,261</td>
<td valign="top" align="center">1 312 416</td>
</tr>
<tr>
<td valign="top" align="left">
</td>
<td valign="top" align="center">
<b>
<i>Hydrodynamical</i>
</b>
</td>
<td valign="top" align="center">5,6x6,3</td>
<td valign="top" align="center">112</td>
<td valign="top" align="center">126</td>
<td valign="top" align="center">31</td>
<td valign="top" align="center">50x50</td>
<td valign="top" align="center">0,782</td>
<td valign="top" align="center">
<b>
<i>42 434</i>
</b>
</td>
</tr>
<tr>
<td valign="top" align="left">
<b>Summary</b>
</td>
<td valign="top" align="center">Geological</td>
<td valign="top" align="center">
</td>
<td valign="top" align="center">
</td>
<td valign="top" align="center">
</td>
<td valign="top" align="center">
</td>
<td valign="top" align="center">
</td>
<td valign="top" align="center">
</td>
<td valign="top" align="center">9 017 568</td>
</tr>
<tr>
<td valign="top" align="left">
</td>
<td valign="top" align="center">
<b>
<i>Hydrodynamical</i>
</b>
</td>
<td valign="top" align="center">
</td>
<td valign="top" align="center">
</td>
<td valign="top" align="center">
</td>
<td valign="top" align="center">
</td>
<td valign="top" align="center">
</td>
<td valign="top" align="center">
</td>
<td valign="top" align="center">
<b>
<i>516 160</i>
</b>
</td>
</tr>
</tbody>
</table>
</table-wrap>
<appendix />
</docTable>
</docTableList>
</docTables>