<?xml version="1.0" encoding="utf-8"?>
<docTables>
<docMetaData inputFile="102118178053MS.txt" extractionDate="2021-03-20T10:16:27Z">
<doi>10.2118/178053-MS</doi>
<pii>10.2118/178053-MS</pii>
<publisher>SPE_Society_of_Petroleum_Engineers</publisher>
</docMetaData>
<docTableList>
<docTable pdf-page="2" table-order="1" data-type-order="1">
<table-wrap id="102118178053MS-tblwrp-1" content-type="structured">
<anchoringText id="Ancr1">The field produces from the Triassic Yanchang formation, primarily made up of delta front subfacies deposition of fine feldspathic sandstone, siltstone and mudstone. The reservoir properties are listed in Table 1, indicating that it is a low permeability and low pressure reservoir.</anchoringText>
<label>Table 1</label>
<caption>Reservoir properties of C6<sub>1</sub>
<sup>1-2</sup> and C6<sub>1</sub>
<sup>1-3</sup> in WY</caption>
<formatted-caption>
<caption-label>Table</caption-label>
<caption-order>1</caption-order>
<caption-text>Reservoir properties of C6<sub>1</sub>
<sup>1-2</sup> and C6<sub>1</sub>
<sup>1-3</sup> in WY</caption-text>
</formatted-caption>
<table id="102118178053MS-Tbl_SPi-1" frame="hsides">
<tbody>
<tr>
<td valign="top" align="left">Average oil pay thickness</td>
<td valign="top" align="left">h=16" "m</td>
</tr>
<tr>
<td valign="top" align="left">Porosity</td>
<td valign="top" align="left">
<i>ϕ</i>=11% to 15%</td>
</tr>
<tr>
<td valign="top" align="left">Permeability</td>
<td valign="top" align="left">
<i>k</i>=1.0 to 3.0md</td>
</tr>
<tr>
<td valign="top" align="left">Initial oil saturation</td>
<td valign="top" align="left">
<i>S<sub>0</sub>
</i>=55%</td>
</tr>
<tr>
<td valign="top" align="left">Viscosity</td>
<td valign="top" align="left">
<i>µ<sub>w’</sub>
</i>=1.0mPa · <i>µ</i>
<sub>o </sub>= 1.9mPa · s</td>
</tr>
<tr>
<td valign="top" align="left">Formation volume factor</td>
<td valign="top" align="left">
<i>B<sub>w</sub> =1.0;Bo=12</i>
</td>
</tr>
<tr>
<td valign="top" align="left">Total compressibility</td>
<td valign="top" align="left">
<i>c<sub>t</sub>=2.4</i> × 10<sup>-3</sup> MPa<sup>-1</sup>
</td>
</tr>
<tr>
<td valign="top" align="left">Initial formation pressure</td>
<td valign="top" align="left">
<i>p<sub>i </sub>
</i>= 9.1MPa</td>
</tr>
<tr>
<td valign="top" align="left">Pressure coefficient</td>
<td valign="top" align="left">α =0.7 to 0.8</td>
</tr>
</tbody>
</table>
</table-wrap>
<appendix />
</docTable>
<docTable pdf-page="10" table-order="2" data-type-order="10">
<table-wrap id="102118178053MS-tblwrp-2" content-type="structured">
<anchoringText id="Ancr2">Because some wells have not been drilled when pressure test occurred in May, 2012, so Case 1 contains two injectors (#W15-16 and #W16-15) and five producers (#WJ16-151, #WJ16-152, #WJ16- 153, #W16-16 and #WC17-16). At the end of 2013, other six inspection wells began to work. Thus, two injectors and thirteen producers are involved in Case 2. The relevant properties are listed in Table 2.</anchoringText>
<label>Table 2</label>
<caption>General properties of W16</caption>
<formatted-caption>
<caption-label>Table</caption-label>
<caption-order>2</caption-order>
<caption-text>General properties of W16</caption-text>
</formatted-caption>
<table id="102118178053MS-Tbl_SPi-2" frame="hsides">
<tbody>
<tr>
<td valign="top" align="left">Porosity</td>
<td valign="top" align="left">
<i>ϕ</i> =13%</td>
</tr>
<tr>
<td valign="top" align="left">Viscosity</td>
<td valign="top" align="left">
<i>µ<sub>w</sub>
</i> =1.0mPa · s;<i> µ</i>
<sub>o</sub> =1.9mPa · s</td>
</tr>
<tr>
<td valign="top" align="left">Formation volume factor</td>
<td valign="top" align="left">
<i>B<sub>w</sub>
</i> =1.0;<i> B<sub>o</sub>
</i>=1.2</td>
</tr>
<tr>
<td valign="top" align="left">Total compressibility</td>
<td valign="top" align="left">
<i>c<sub>t</sub>
</i> =2.4 × 10<sup>-3</sup> MPa<sup>-1</sup>
</td>
</tr>
</tbody>
</table>
</table-wrap>
<appendix />
</docTable>
<docTable pdf-page="11" table-order="3" data-type-order="13">
<table-wrap id="102118178053MS-tblwrp-3" content-type="structured">
<anchoringText id="Ancr3">The area surrounded by a dotted line represents the waterflood front of #W16-15, whose size is estimated as shown in Table 3. Compared with the waterflood front of #W16-15 in 2012 (Fig. 10a), the length of that in 2013 (Fig. 10b) becomes much longer, whereas the increase of width is small because the waterflood direction is almost linear.</anchoringText>
<label>Table 3</label>
<caption>Waterflood front of #W16-15 in 2012 and 2013</caption>
<formatted-caption>
<caption-label>Table</caption-label>
<caption-order>3</caption-order>
<caption-text>Waterflood front of #W16-15 in 2012 and 2013</caption-text>
</formatted-caption>
<table id="102118178053MS-Tbl_SPi-3" frame="hsides">
<thead>
<tr>
<th valign="top" align="center" />
<th colspan="2" valign="top" align="center">Numerical well testing (Case 1)</th>
<th colspan="2" valign="top" align="center">Numerical well testing (Case 2)</th>
</tr>
<tr>
<th valign="top" align="center">Waterflood front</th>
<th valign="top" align="center">width (m)</th>
<th valign="top" align="center">length (m)</th>
<th valign="top" align="center">width (m)</th>
<th valign="top" align="center">length (m)</th>
</tr>
</thead>
<tbody>
<tr>
<td valign="top" align="center">①</td>
<td valign="top" align="center">80 ∼ 110" "</td>
<td valign="top" align="center">240 ∼ 280</td>
<td valign="top" align="center">90 ∼ 120</td>
<td valign="top" align="center">440 ∼ 480</td>
</tr>
</tbody>
</table>
</table-wrap>
<appendix />
</docTable>
<docTable pdf-page="14" table-order="4" data-type-order="17">
<table-wrap id="102118178053MS-tblwrp-4" content-type="structured">
<anchoringText id="Ancr4">Additionally, relatively uniform flooding characteristics are discovered in #W18-18. Through the analysis above, we can describe the range of waterflood front and high-permeability channels mainly for #W16-15, #W15-16 and #W18-15 as shown in Fig. 13. Then, the size of waterflood front can be obtained according to well spacing, shown in Table 4.</anchoringText>
<label>Table 4</label>
<caption>Waterflood front of WY in 2014</caption>
<formatted-caption>
<caption-label>Table</caption-label>
<caption-order>4</caption-order>
<caption-text>Waterflood front of WY in 2014</caption-text>
</formatted-caption>
<table id="102118178053MS-Tbl_SPi-4" frame="hsides">
<thead>
<tr>
<th rowspan="2" valign="top" align="center">Waterflood front</th>
<th colspan="2" valign="top" align="center">Streamline simulation</th>
<th colspan="2" valign="top" align="center">Workflow (integrated method)</th>
</tr>
<tr>
<th valign="top" align="center">width (m)</th>
<th valign="top" align="center">length (m)</th>
<th valign="top" align="center">width (m)</th>
<th valign="top" align="center">length (m)</th>
</tr>
</thead>
<tbody>
<tr>
<td valign="top" align="center">①</td>
<td valign="top" align="center">80∼110</td>
<td valign="top" align="center">440∼490</td>
<td valign="top" align="center">90∼110</td>
<td valign="top" align="center">460∼480</td>
</tr>
<tr>
<td valign="top" align="center">②</td>
<td valign="top" align="center">100∼140</td>
<td valign="top" align="center">280∼320</td>
<td valign="top" align="center">110∼130</td>
<td valign="top" align="center">280∼300</td>
</tr>
<tr>
<td valign="top" align="center">③</td>
<td valign="top" align="center">70∼90</td>
<td valign="top" align="center">200∼240</td>
<td valign="top" align="center">80∼90</td>
<td valign="top" align="center">220∼240</td>
</tr>
<tr>
<td valign="top" align="center">④</td>
<td valign="top" align="center">110∼130</td>
<td valign="top" align="center">100∼140</td>
<td valign="top" align="center">Workflow (integrated method)</td>
<td valign="top" align="center">
</td>
</tr>
<tr>
<td valign="top" align="center">⑤</td>
<td valign="top" align="center">60∼100</td>
<td valign="top" align="center">260∼310</td>
<td valign="top" align="center">width (m)</td>
<td valign="top" align="center">length (m)</td>
</tr>
</tbody>
</table>
</table-wrap>
<appendix />
</docTable>
</docTableList>
</docTables>