<?xml version="1.0" encoding="utf-8"?>
<docTables>
<docMetaData inputFile="102118177387MS.txt" extractionDate="2021-03-16T18:27:01Z">
<doi>10.2118/177387-MS</doi>
<pii>10.2118/177387-MS</pii>
<publisher>SPE_Society_of_Petroleum_Engineers</publisher>
</docMetaData>
<docTableList>
<docTable pdf-page="3" table-order="1" data-type-order="2">
<table-wrap id="102118177387MS-tblwrp-1" content-type="structured">
<anchoringText id="Ancr1">The main reservoir characteristics are shown in Table 1.</anchoringText>
<label>Table 1</label>
<caption>Main Reservoir Characteristics of the Karachaganak Reservoir</caption>
<formatted-caption>
<caption-label>Table</caption-label>
<caption-order>1</caption-order>
<caption-text>Main Reservoir Characteristics of the Karachaganak Reservoir</caption-text>
</formatted-caption>
<table id="102118177387MS-Tbl_SPi-1" frame="hsides">
<thead>
<tr>
<th valign="top" bgcolor="#800080" align="left">Reservoir rock type:</th>
<th valign="top" bgcolor="#800080" align="left">Carbonate (limestone/dolomite)</th>
</tr>
</thead>
<tbody>
<tr>
<td valign="top" bgcolor="#C0C0C0" align="left">Field porosity range:</td>
<td valign="top" align="left">7.3-15.3%</td>
</tr>
<tr>
<td valign="top" bgcolor="#C0C0C0" align="left">Field permeability range:</td>
<td valign="top" align="left">1.3-81.1mD</td>
</tr>
<tr>
<td valign="top" bgcolor="#C0C0C0" align="left">Produced fluids:</td>
<td valign="top" align="left">Natural gas, condensate, crude oil</td>
</tr>
<tr>
<td valign="top" bgcolor="#C0C0C0" align="left">Ground level elevation:</td>
<td valign="top" align="left">74-135mss∣</td>
</tr>
<tr>
<td valign="top" bgcolor="#C0C0C0" align="left">Average H<sub>2</sub>S mol%:</td>
<td valign="top" align="left">5.5</td>
</tr>
<tr>
<td valign="top" bgcolor="#C0C0C0" align="left">Average CO<sub>2</sub>mol%:</td>
<td valign="top" align="left">7.0</td>
</tr>
<tr>
<td valign="top" bgcolor="#C0C0C0" align="left">Average static bottom hole temperature:</td>
<td valign="top" align="left">85°C at -5100mss∣</td>
</tr>
<tr>
<td valign="top" bgcolor="#C0C0C0" align="left">Average static bottom hole pressure:</td>
<td valign="top" align="left">500 bars at -5100 mss (2010)</td>
</tr>
</tbody>
</table>
</table-wrap>
<appendix />
</docTable>
</docTableList>
</docTables>