<?xml version="1.0" encoding="utf-8"?>
<docTables>
<docMetaData inputFile="102118179777MS.txt" extractionDate="2021-03-18T14:25:14Z">
<doi>10.2118/179777-MS</doi>
<pii>10.2118/179777-MS</pii>
<publisher>SPE_Society_of_Petroleum_Engineers</publisher>
</docMetaData>
<docFigureList>
<docFigure pdf-page="2" figure-order="1" data-type-order="1">
<link href="link-1" type="image" />
<appendix>
<linkTarget id="link-1" type="image">
<anchoringText id="Ancr2">The test was carried out for six months to quantify the inflow profiles and injectivity to the reservoir under matrix conditions. For the steam trial in another area of the field, three producers and one injector with FO were utilized over a period of 25 months to demonstrate the feasibility of a horizontal well steam development and to evaluate the requirement and effectiveness of injection conformance. Figure 1 shows the polymer and steam trial areas.</anchoringText>
<image-wrap id="102118179777MS-Img_SPi-1">
<label>Figure 1 </label>
<imageLink type="mediaResource" href="102118179777MS_i_1.tif" id="ImgLink-1" />
<caption>Map with Location of Polymer and Steam Trial Areas</caption>
<formatted-caption>
<caption-label>Figure</caption-label>
<caption-order>1</caption-order>
<caption-text>Map with Location of Polymer and Steam Trial Areas</caption-text>
</formatted-caption>
</image-wrap>
</linkTarget>
</appendix>
</docFigure>
<docFigure pdf-page="3" figure-order="2" data-type-order="2">
<link href="link-2" type="image" />
<appendix>
<linkTarget id="link-2" type="image">
<anchoringText id="Ancr3">Many SPE papers, books and websites 3–9 discuss the physics and application of DTS/DAS. The tool setup and working principles to create DTS/DAS profiles are briefly summarized in Figure 2. The instrument set-up for fiber optics consists of an instrument box which contains the laser source and analyzer. The laser source launches a multiple laser light pulse that lasts for [1]10ns. The laser pulses are directed to the fiber line by means of a directional coupler and the light pulse propagates along the fiber and energizes the glass, lattice structure and molecules/atoms.</anchoringText>
<image-wrap id="102118179777MS-Img_SPi-2">
<label>Figure 2 </label>
<imageLink type="mediaResource" href="102118179777MS_i_2.tif" id="ImgLink-2" />
<caption>Schematic showing initiating and analyzing a backscattered wavelength</caption>
<formatted-caption>
<caption-label>Figure</caption-label>
<caption-order>2</caption-order>
<caption-text>Schematic showing initiating and analyzing a backscattered wavelength</caption-text>
</formatted-caption>
</image-wrap>
</linkTarget>
</appendix>
</docFigure>
<docFigure pdf-page="3" figure-order="3" data-type-order="3">
<link href="link-3" type="image" />
<appendix>
<linkTarget id="link-3" type="image">
<anchoringText id="Ancr4">The main back-scattered light is at a wavelength of the launched wave and is called the Rayleigh peak which is the strongest back-scattered signal associated to noise and this is used for acoustic data (DAS). The next closest peak is the Brillouin peak and the waves are associated with the lattice vibration but it is very difficult to separate these from main Rayleigh peak. The Raman peak is the weakest peak in the back-scattered light and it is associated to molecular or atomic vibration. It also has a unique temperature dependence which makes it a useful signal for temperature evaluation (DTS). The back- scattered spectrum is shown in Figure 3.</anchoringText>
<image-wrap id="102118179777MS-Img_SPi-3">
<label>Figure 3 </label>
<imageLink type="mediaResource" href="102118179777MS_i_3.tif" id="ImgLink-3" />
<caption>Distribution of Rayleigh, Brillouin and Raman Bands versus the Return Wavelength</caption>
<formatted-caption>
<caption-label>Figure</caption-label>
<caption-order>3</caption-order>
<caption-text>Distribution of Rayleigh, Brillouin and Raman Bands versus the Return Wavelength</caption-text>
</formatted-caption>
</image-wrap>
</linkTarget>
</appendix>
</docFigure>
<docFigure pdf-page="5" figure-order="4" data-type-order="4">
<link href="link-4" type="image" />
<appendix>
<linkTarget id="link-4" type="image">
<anchoringText id="Ancr5">In this installation, the well was completed with a pre-drill liner to TD together with stainless steel capillary tubing strapped to the completion. A fiber optic line was then pumped down the stainless tubing using air and water (see Figure 4). The fiber optic line left is in place for periodic measurements and it can be pulled when the well is recompleted. Figure 5 shows the schematic configuration of this type of installation (pre-installed/clamped fiber).</anchoringText>
<image-wrap id="102118179777MS-Img_SPi-4">
<label>Figure 4 </label>
<imageLink type="mediaResource" href="102118179777MS_i_4.tif" id="ImgLink-4" />
<caption>Technique for pumping/pushing fiber into strapped capillary tubing</caption>
<formatted-caption>
<caption-label>Figure</caption-label>
<caption-order>4</caption-order>
<caption-text>Technique for pumping/pushing fiber into strapped capillary tubing</caption-text>
</formatted-caption>
</image-wrap>
</linkTarget>
</appendix>
</docFigure>
<docFigure pdf-page="5" figure-order="5" data-type-order="5">
<link href="link-5" type="image" />
<appendix>
<linkTarget id="link-5" type="image">
<anchoringText id="Ancr6">In this installation, the well was completed with a pre-drill liner to TD together with stainless steel capillary tubing strapped to the completion. A fiber optic line was then pumped down the stainless tubing using air and water (see Figure 4). The fiber optic line left is in place for periodic measurements and it can be pulled when the well is recompleted. Figure 5 shows the schematic configuration of this type of installation (pre-installed/clamped fiber).</anchoringText>
<image-wrap id="102118179777MS-Img_SPi-5">
<label>Figure 5 </label>
<imageLink type="mediaResource" href="102118179777MS_i_5.tif" id="ImgLink-5" />
<caption>Schematic showing the Installation in the Well</caption>
<formatted-caption>
<caption-label>Figure</caption-label>
<caption-order>5</caption-order>
<caption-text>Schematic showing the Installation in the Well</caption-text>
</formatted-caption>
</image-wrap>
</linkTarget>
</appendix>
</docFigure>
<docFigure pdf-page="6" figure-order="6" data-type-order="6">
<link href="link-6" type="image" />
<appendix>
<linkTarget id="link-6" type="image">
<anchoringText id="Ancr7">After the fiber installation, a special technique called Optical Time Domain Reflectometry (OTDR) is used to assess the condition of the fiber line. In simple terms this is the measurement of the optical loss in the fiber and it is good practice to run this before, during and after the installation. It used to identify the splicing points, damage and also the end of fiber. Figures 6 and 7 show examples of OTDR traces (Multi Mode and Single Mode respectively) and indicate details from the response.</anchoringText>
<image-wrap id="102118179777MS-Img_SPi-6">
<label>Figure 6 </label>
<imageLink type="mediaResource" href="102118179777MS_i_6.tif" id="ImgLink-6" />
<caption>OTDR Trace for Multi Mode Fiber in the Well</caption>
<formatted-caption>
<caption-label>Figure</caption-label>
<caption-order>6</caption-order>
<caption-text>OTDR Trace for Multi Mode Fiber in the Well</caption-text>
</formatted-caption>
</image-wrap>
</linkTarget>
</appendix>
</docFigure>
<docFigure pdf-page="6" figure-order="7" data-type-order="7">
<link href="link-7" type="image" />
<appendix>
<linkTarget id="link-7" type="image">
<anchoringText id="Ancr8">After the fiber installation, a special technique called Optical Time Domain Reflectometry (OTDR) is used to assess the condition of the fiber line. In simple terms this is the measurement of the optical loss in the fiber and it is good practice to run this before, during and after the installation. It used to identify the splicing points, damage and also the end of fiber. Figures 6 and 7 show examples of OTDR traces (Multi Mode and Single Mode respectively) and indicate details from the response.</anchoringText>
<image-wrap id="102118179777MS-Img_SPi-7">
<label>Figure 7 </label>
<imageLink type="mediaResource" href="102118179777MS_i_7.tif" id="ImgLink-7" />
<caption>OTDR Trace for Single Mode Fiber in the Well</caption>
<formatted-caption>
<caption-label>Figure</caption-label>
<caption-order>7</caption-order>
<caption-text>OTDR Trace for Single Mode Fiber in the Well</caption-text>
</formatted-caption>
</image-wrap>
</linkTarget>
</appendix>
</docFigure>
<docFigure pdf-page="7" figure-order="8" data-type-order="8">
<link href="link-8" type="image" />
<appendix>
<linkTarget id="link-8" type="image">
<anchoringText id="Ancr9">Calibration points can be completion related such as wellheads, gas lift mandrels, perforations, inflow control devices (ICV’s), packers and turnarounds for double ended fibers. Figure 8 shows the depth point calibration for the well related to the well completion (changes of internal completion section), and also to the end of fiber based on OTDR graph.</anchoringText>
<image-wrap id="102118179777MS-Img_SPi-8">
<label>Figure 8 </label>
<imageLink type="mediaResource" href="102118179777MS_i_8.tif" id="ImgLink-8" />
<caption>DTS Data Calibration Point</caption>
<formatted-caption>
<caption-label>Figure</caption-label>
<caption-order>8</caption-order>
<caption-text>DTS Data Calibration Point</caption-text>
</formatted-caption>
</image-wrap>
</linkTarget>
</appendix>
</docFigure>
<docFigure pdf-page="7" figure-order="9" data-type-order="9">
<link href="link-9" type="image" />
<appendix>
<linkTarget id="link-9" type="image">
<anchoringText id="Ancr10">DTS analysis was performed for each period during the complete injectivity test as shown in Figure 9. A thermal baseline was first obtained from the pre-injection period (before water and polymers were injected). This step was carried out to identify if there were any events or formation anomalies in temperature that should be taken into consideration before any injection took place.</anchoringText>
<image-wrap id="102118179777MS-Img_SPi-9">
<label>Figure 9 </label>
<imageLink type="mediaResource" href="102118179777MS_i_9.tif" id="ImgLink-9" />
<caption>Polymer Single Well Injection Test Full Cycle</caption>
<formatted-caption>
<caption-label>Figure</caption-label>
<caption-order>9</caption-order>
<caption-text>Polymer Single Well Injection Test Full Cycle</caption-text>
</formatted-caption>
</image-wrap>
</linkTarget>
</appendix>
</docFigure>
<docFigure pdf-page="8" figure-order="10" data-type-order="10">
<link href="link-10" type="image" />
<appendix>
<linkTarget id="link-10" type="image">
<anchoringText id="Ancr11">The baseline showed that there were no major events taking place in the reservoir and no anomalies accept the minor ones associated with the completion. Figure 10 shows the results for this period.</anchoringText>
<image-wrap id="102118179777MS-Img_SPi-10">
<label>Figure 10 </label>
<imageLink type="mediaResource" href="102118179777MS_i_10.tif" id="ImgLink-10" />
<caption>Pre-injection period with scale of 34–49 °C. Violet line shows the thermal baseline trace and green line the geothermal based on the field historical data</caption>
<formatted-caption>
<caption-label>Figure</caption-label>
<caption-order>10</caption-order>
<caption-text>Pre-injection period with scale of 34–49 °C. Violet line shows the thermal baseline trace and green line the geothermal based on the field historical data</caption-text>
</formatted-caption>
</image-wrap>
</linkTarget>
</appendix>
</docFigure>
<docFigure pdf-page="8" figure-order="11" data-type-order="11">
<link href="link-11" type="image" />
<appendix>
<linkTarget id="link-11" type="image">
<anchoringText id="Ancr12">The analyses were then performed for each period and examples are shown in Figures 11 and 12. The analyses were based on selected traces for injection and shut in/warm back (start to medium and end). The zoomed in reservoir section of the traces and water fall plots in Figure 12, show high cooling effect at the toe and also at the heel of the well with minor cooling along the middle section of the well.</anchoringText>
<image-wrap id="102118179777MS-Img_SPi-11">
<label>Figure 11 </label>
<imageLink type="mediaResource" href="102118179777MS_i_11.tif" id="ImgLink-11" />
<caption>Traces and Waterfall Plot for 50cP Polymer Injection</caption>
<formatted-caption>
<caption-label>Figure</caption-label>
<caption-order>11</caption-order>
<caption-text>Traces and Waterfall Plot for 50cP Polymer Injection</caption-text>
</formatted-caption>
</image-wrap>
</linkTarget>
</appendix>
</docFigure>
<docFigure pdf-page="9" figure-order="12" data-type-order="12">
<link href="link-12" type="image" />
<appendix>
<linkTarget id="link-12" type="image">
<anchoringText id="Ancr13">The analyses were then performed for each period and examples are shown in Figures 11 and 12. The analyses were based on selected traces for injection and shut in/warm back (start to medium and end). The zoomed in reservoir section of the traces and water fall plots in Figure 12, show high cooling effect at the toe and also at the heel of the well with minor cooling along the middle section of the well.</anchoringText>
<image-wrap id="102118179777MS-Img_SPi-12">
<label>Figure 12 </label>
<imageLink type="mediaResource" href="102118179777MS_i_12.tif" id="ImgLink-12" />
<caption>Zoomed in Reservoir Section of Traces and Waterfall Plot for 50cP Polymer Injection</caption>
<formatted-caption>
<caption-label>Figure</caption-label>
<caption-order>12</caption-order>
<caption-text>Zoomed in Reservoir Section of Traces and Waterfall Plot for 50cP Polymer Injection</caption-text>
</formatted-caption>
</image-wrap>
</linkTarget>
</appendix>
</docFigure>
<docFigure pdf-page="9" figure-order="13" data-type-order="13">
<link href="link-13" type="image" />
<appendix>
<linkTarget id="link-13" type="image">
<anchoringText id="Ancr14">Interpretation from the formation micro scanner that was run in 1991 in this well showed an open fracture and fracture open zone over the 506m of the reservoir with no link to the injectivity profile that was interpreted by DTS. Close to the depth where the majority of the fluid is injected, the log shows a sudden change in lithology which is likely to happen only if a fault is crossed. The presence of a fault is supported by the Ant-Track map shown in Figure 13.</anchoringText>
<image-wrap id="102118179777MS-Img_SPi-13">
<label>Figure 13 </label>
<imageLink type="mediaResource" href="102118179777MS_i_13.tif" id="ImgLink-13" />
<caption>Wireline log, track from left to right: Measured depth (MD), formation unit, Caliper, GR, Density-Neutron, Shallow/medium and deep resistivity, Permeability, Porosity from density, Waxmin-Smith Saturation (blue dot is pressure from formation tester), mobility, trajectory, True Vertical Depth Sub Sea (TVDSS), DTS analysis and Formation Micro scanner</caption>
<formatted-caption>
<caption-label>Figure</caption-label>
<caption-order>13</caption-order>
<caption-text>Wireline log, track from left to right: Measured depth (MD), formation unit, Caliper, GR, Density-Neutron, Shallow/medium and deep resistivity, Permeability, Porosity from density, Waxmin-Smith Saturation (blue dot is pressure from formation tester), mobility, trajectory, True Vertical Depth Sub Sea (TVDSS), DTS analysis and Formation Micro scanner</caption-text>
</formatted-caption>
</image-wrap>
</linkTarget>
</appendix>
</docFigure>
<docFigure pdf-page="10" figure-order="14" data-type-order="14">
<link href="link-14" type="image" />
<appendix>
<linkTarget id="link-14" type="image">
<anchoringText id="Ancr15">DAS analysis indicates that most noise is evident at the toe of the well. The noise at the heel only increases with higher injection rates as shown in Figure 14.</anchoringText>
<image-wrap id="102118179777MS-Img_SPi-14">
<label>Figure 14 </label>
<imageLink type="mediaResource" href="102118179777MS_i_14.tif" id="ImgLink-14" />
<caption>DAS Data with Surface Injection, Polymer Viscosity and Pressure Data</caption>
<formatted-caption>
<caption-label>Figure</caption-label>
<caption-order>14</caption-order>
<caption-text>DAS Data with Surface Injection, Polymer Viscosity and Pressure Data</caption-text>
</formatted-caption>
</image-wrap>
</linkTarget>
</appendix>
</docFigure>
<docFigure pdf-page="10" figure-order="15" data-type-order="15">
<link href="link-15" type="image" />
<appendix>
<linkTarget id="link-15" type="image">
<anchoringText id="Ancr16">Figure 15 shows the DAS data with the quantitative analysis from the software. This clearly indicates that most of the injection is into the heel of the well as seen from traffic light, noise plot, bar analysis, cumulative flow and average flow noise. This confirms the results from the DTS analysis.</anchoringText>
<image-wrap id="102118179777MS-Img_SPi-15">
<label>Figure 15 </label>
<imageLink type="mediaResource" href="102118179777MS_i_15.tif" id="ImgLink-15" />
<caption>Quantitative analysis of DAS data, A) Pressure data, B) surface injection in blue versus calibrated DAS injection rate in red, C)Traffic light (red = no flow, orange= not sure, green = flow), D) noise plot, E) injection profile, F) cumulative rate, G) average noise flow</caption>
<formatted-caption>
<caption-label>Figure</caption-label>
<caption-order>15</caption-order>
<caption-text>Quantitative analysis of DAS data, A) Pressure data, B) surface injection in blue versus calibrated DAS injection rate in red, C)Traffic light (red = no flow, orange= not sure, green = flow), D) noise plot, E) injection profile, F) cumulative rate, G) average noise flow</caption-text>
</formatted-caption>
</image-wrap>
</linkTarget>
</appendix>
</docFigure>
<docFigure pdf-page="12" figure-order="16" data-type-order="17">
<link href="link-16" type="image" />
<appendix>
<linkTarget id="link-16" type="image">
<anchoringText id="Ancr17">In this fashion they would benefit not only from the elevated temperatures (and subsequent reduced viscosities) and associated increased oil production but also serve as observations wells after shut-in. Unfortunately the DTS installation in Well A failed resulting in no temperature data being collected from this well. Well B had the DTS cable successfully installed and continued to gather downhole temperature data post shut-in. The relative well positions in the reservoir and distances are depicted below in Figure 16.</anchoringText>
<image-wrap id="102118179777MS-Img_SPi-16">
<label>Figure 16 </label>
<imageLink type="mediaResource" href="102118179777MS_i_16.tif" id="ImgLink-16" />
<caption>Steam Trial Orientation and Dimensions</caption>
<formatted-caption>
<caption-label>Figure</caption-label>
<caption-order>16</caption-order>
<caption-text>Steam Trial Orientation and Dimensions</caption-text>
</formatted-caption>
</image-wrap>
</linkTarget>
</appendix>
</docFigure>
<docFigure pdf-page="12" figure-order="17" data-type-order="18">
<link href="link-17" type="image" />
<appendix>
<linkTarget id="link-17" type="image">
<anchoringText id="Ancr18">A clear breakthrough in temperature is observed in late January, 2013 around 1250mahd (or ~200m along the horizontal section). The temperature continues to increase and expand along the entire horizontal section. This increase in temperature is captured in the plot below (Figure 17), with the final temperature being in June, 2013 just before the well was shut-in. At this stage the DTS cable is measuring steam temperatures along three quarters of the well bore.</anchoringText>
<image-wrap id="102118179777MS-Img_SPi-17">
<label>Figure 17 </label>
<imageLink type="mediaResource" href="102118179777MS_i_17.tif" id="ImgLink-17" />
<caption>Well B DTS temperature response from Aug 2012 - Jun 2013 during flowing conditions</caption>
<formatted-caption>
<caption-label>Figure</caption-label>
<caption-order>17</caption-order>
<caption-text>Well B DTS temperature response from Aug 2012 - Jun 2013 during flowing conditions</caption-text>
</formatted-caption>
</image-wrap>
</linkTarget>
</appendix>
</docFigure>
<docFigure pdf-page="13" figure-order="18" data-type-order="19">
<link href="link-18" type="image" />
<appendix>
<linkTarget id="link-18" type="image">
<anchoringText id="Ancr19">After Well B has been shut-in, it becomes an observation well measuring temperatures at the top of the formation. If a steam chest is formed it would be represented as steam temperatures (+260°) in Well B which is under static conditions. However, if steam does not rise, or if the steam chest collapses this would be observed by temperatures in Well B not reaching steam temperatures or falling below steam temperatures. Figure 18 represents the temperature response in Well B during its shut-in period (May 2013 onwards). Two key features occur after Well B is shut-in.</anchoringText>
<image-wrap id="102118179777MS-Img_SPi-18">
<label>Figure 18 </label>
<imageLink type="mediaResource" href="102118179777MS_i_18.tif" id="ImgLink-18" />
<caption>Well B DTS Temperature Response from Jul 2013 to Mar 2014 under Static Conditions</caption>
<formatted-caption>
<caption-label>Figure</caption-label>
<caption-order>18</caption-order>
<caption-text>Well B DTS Temperature Response from Jul 2013 to Mar 2014 under Static Conditions</caption-text>
</formatted-caption>
</image-wrap>
</linkTarget>
</appendix>
</docFigure>
<docFigure pdf-page="14" figure-order="19" data-type-order="20">
<link href="link-19" type="image" />
<appendix>
<linkTarget id="link-19" type="image">
<anchoringText id="Ancr20">As soon as the injection plant was shut-in, significant cooling occurred not only at the toe but throughout the majority of the well. Indeed only the first 100 to 150m of the well remains at steam temperatures, Figure 19. This is the clearest indication, that whilst there is steam injection along the length of the wellbore, the distribution of the injection is uneven with higher amount of steam being diverted to a few higher permeability zones.</anchoringText>
<image-wrap id="102118179777MS-Img_SPi-19">
<label>Figure 19 </label>
<imageLink type="mediaResource" href="102118179777MS_i_19.tif" id="ImgLink-19" />
<caption>Well D Temperature Response during Shutting-in of Steam Injection</caption>
<formatted-caption>
<caption-label>Figure</caption-label>
<caption-order>19</caption-order>
<caption-text>Well D Temperature Response during Shutting-in of Steam Injection</caption-text>
</formatted-caption>
</image-wrap>
</linkTarget>
</appendix>
</docFigure>
<docFigure pdf-page="15" figure-order="20" data-type-order="21">
<link href="link-20" type="image" />
<appendix>
<linkTarget id="link-20" type="image">
<anchoringText id="Ancr21">Even more dramatic than the temperature collapse in the heel was the cooling recorded in (the shut-in) Well B once all injection stopped. In the first week the entire wellbore cooled to 160°C with the exception of a 50m section that remains at steam temperature. However, in less than a month the temperature in the entire wellbore has collapsed to 160°C. This further highlights the effect of sweep on incremental oil due and the requirement to use flow control in the future, see Figure 20.</anchoringText>
<image-wrap id="102118179777MS-Img_SPi-20">
<label>Figure 20 </label>
<imageLink type="mediaResource" href="102118179777MS_i_20.tif" id="ImgLink-20" />
<caption>Well B Temperature Response during Shutting-in of Steam Injection</caption>
<formatted-caption>
<caption-label>Figure</caption-label>
<caption-order>20</caption-order>
<caption-text>Well B Temperature Response during Shutting-in of Steam Injection</caption-text>
</formatted-caption>
</image-wrap>
</linkTarget>
</appendix>
</docFigure>
<docFigure pdf-page="15" figure-order="21" data-type-order="22">
<link href="link-21" type="image" />
<appendix>
<linkTarget id="link-21" type="image">
<anchoringText id="Ancr22">The thermal producers, however, were still producing and as such the temperature response was not so drastic, due to the drawdown pulling in any steam left in the reservoir. However, Well C did experience significant cooling in the last half of the well, cooling almost back to reservoir temperature over the course of the two month period, Figure 21.</anchoringText>
<image-wrap id="102118179777MS-Img_SPi-21">
<label>Figure 21 </label>
<imageLink type="mediaResource" href="102118179777MS_i_21.tif" id="ImgLink-21" />
<caption>Well C Temperature Response during Shutting-in of Steam Injection</caption>
<formatted-caption>
<caption-label>Figure</caption-label>
<caption-order>21</caption-order>
<caption-text>Well C Temperature Response during Shutting-in of Steam Injection</caption-text>
</formatted-caption>
</image-wrap>
</linkTarget>
</appendix>
</docFigure>
</docFigureList>
</docTables>