<?xml version="1.0" encoding="utf-8"?>
<docTables>
<docMetaData inputFile="102118178083MS.txt" extractionDate="2021-03-20T10:51:04Z">
<doi>10.2118/178083-MS</doi>
<pii>10.2118/178083-MS</pii>
<publisher>SPE_Society_of_Petroleum_Engineers</publisher>
</docMetaData>
<docFigureList>
<docFigure pdf-page="3" figure-order="1" data-type-order="2">
<link href="link-1" type="image" />
<appendix>
<linkTarget id="link-1" type="image">
<anchoringText id="Ancr4">Based on the encouraging laboratory and simulation studies, a line drive pilot consisting of one injector (KL#A) and two producers (KL#B and C) was implemented. Another well KL#D was selected as an offset well. The pilot schematic is given in Figure-1. Total pore volume of the selected pilot is 137140 m3. The distance between injector (KL#A) and producers KL#B and KL#C is 400m and 280m respectively. The simulation study envisaged incremental oil gain of about 5703 m3 (7.4% of pilot OIIP of 76748 m3) over water flood recovery. The expected life of pilot is 57 months.</anchoringText>
<image-wrap id="102118178083MS-Img_SPi-1">
<label>Figure 1 </label>
<imageLink type="mediaResource" href="102118178083MS_i_1.tif" id="ImgLink-1" />
<caption>Schematic Map of Kalol-XII ASP Pilot area (KL#A is the ASP Injector)</caption>
<formatted-caption>
<caption-label>Figure</caption-label>
<caption-order>1</caption-order>
<caption-text>Schematic Map of Kalol-XII ASP Pilot area (KL#A is the ASP Injector)</caption-text>
</formatted-caption>
</image-wrap>
</linkTarget>
</appendix>
</docFigure>
<docFigure pdf-page="5" figure-order="2" data-type-order="5">
<link href="link-2" type="image" />
<appendix>
<linkTarget id="link-2" type="image">
<anchoringText id="Ancr5">Among chemicals, only alkali presence was observed in all three producer wells. No surfactant and polymer presence was observed. The presence of alkali in producer wells is shown graphically in Figure-2. During ASP injection, salinity decline was observed in KL#B and KL#C. However, in well KL#D, low salinity value of less than 3000 ppm was observed since starting which indicates some high permeability streak in this direction.Salinity data is shown graphically in Figure-3.</anchoringText>
<image-wrap id="102118178083MS-Img_SPi-2">
<label>Figure 2 </label>
<imageLink type="mediaResource" href="102118178083MS_i_2.tif" id="ImgLink-2" />
<caption>Alkali concentration in pilot producer wells</caption>
<formatted-caption>
<caption-label>Figure</caption-label>
<caption-order>2</caption-order>
<caption-text>Alkali concentration in pilot producer wells</caption-text>
</formatted-caption>
</image-wrap>
</linkTarget>
</appendix>
</docFigure>
<docFigure pdf-page="6" figure-order="3" data-type-order="6">
<link href="link-3" type="image" />
<appendix>
<linkTarget id="link-3" type="image">
<anchoringText id="Ancr6">Among chemicals, only alkali presence was observed in all three producer wells. No surfactant and polymer presence was observed. The presence of alkali in producer wells is shown graphically in Figure-2. During ASP injection, salinity decline was observed in KL#B and KL#C. However, in well KL#D, low salinity value of less than 3000 ppm was observed since starting which indicates some high permeability streak in this direction.Salinity data is shown graphically in Figure-3.</anchoringText>
<image-wrap id="102118178083MS-Img_SPi-3">
<label>Figure 3 </label>
<imageLink type="mediaResource" href="102118178083MS_i_3.tif" id="ImgLink-3" />
<caption>Salinity of pilot producer wells</caption>
<formatted-caption>
<caption-label>Figure</caption-label>
<caption-order>3</caption-order>
<caption-text>Salinity of pilot producer wells</caption-text>
</formatted-caption>
</image-wrap>
</linkTarget>
</appendix>
</docFigure>
<docFigure pdf-page="6" figure-order="4" data-type-order="7">
<link href="link-4" type="image" />
<appendix>
<linkTarget id="link-4" type="image">
<anchoringText id="Ancr7">KL#B The performance of KL#B is shown in Figure-4. This well has produced cumulative oil of 83484 m3 upto July, 2015 and currently operating under gas lift. Decrease in water cut and improvement in oil rate was observed after three months injection of ASP slug.Currently water cut has decreased from 93 % to 83%. Subsequently, good oil improvement was observed from 1.5 m3/d to 8.7 m3/d.</anchoringText>
<image-wrap id="102118178083MS-Img_SPi-4">
<label>Figure 4 </label>
<imageLink type="mediaResource" href="102118178083MS_i_4.tif" id="ImgLink-4" />
<caption>Performance plot of KL#B</caption>
<formatted-caption>
<caption-label>Figure</caption-label>
<caption-order>4</caption-order>
<caption-text>Performance plot of KL#B</caption-text>
</formatted-caption>
</image-wrap>
</linkTarget>
</appendix>
</docFigure>
<docFigure pdf-page="7" figure-order="5" data-type-order="8">
<link href="link-5" type="image" />
<appendix>
<linkTarget id="link-5" type="image">
<anchoringText id="Ancr8">KL#C The performance of KL#C is shown in Figure-5. This well has produced a cumulative oil of 195348 m3 upto July, 2015 and currently operating under gas lift. Decrease in water cut and improvement in oil rate was observed after two months injection of ASP slug. The oil improvement was observed upto Sept. 2014. During this period, water cut reduced from 97% to 70%. After that, well could not produce desired liquid production and declined sharply due to gas lift problem. After May 2015, some improve-ment in liquid production was observed after lift optimization.Currently, well is producing with improved oil rate of 3.5 m3/d against envisaged 1.9 m3/d and water is about 77%.</anchoringText>
<image-wrap id="102118178083MS-Img_SPi-5">
<label>Figure 5 </label>
<imageLink type="mediaResource" href="102118178083MS_i_5.tif" id="ImgLink-5" />
<caption>Performance plot of KL#C</caption>
<formatted-caption>
<caption-label>Figure</caption-label>
<caption-order>5</caption-order>
<caption-text>Performance plot of KL#C</caption-text>
</formatted-caption>
</image-wrap>
</linkTarget>
</appendix>
</docFigure>
<docFigure pdf-page="8" figure-order="6" data-type-order="9">
<link href="link-6" type="image" />
<appendix>
<linkTarget id="link-6" type="image">
<anchoringText id="Ancr9">KL#D The performance of KL#D is shown in Figure-6. This well has produced sufficient cumulative oil of 178221 m3 upto June, 2015 and currently operating on SRP. Decrease in water cut and improvement in oil rate was observed after two months injection of ASP slug. Marked improvement in performance has been observed in this well after ASP injection. Continuous decline in water cut was observed and currently water cut is 40% from initial 87%. Oil improvement is consistent, and as on July 2015, it has improved from 1.8 m3/d to 5.9 m3/d.</anchoringText>
<image-wrap id="102118178083MS-Img_SPi-6">
<label>Figure 6 </label>
<imageLink type="mediaResource" href="102118178083MS_i_6.tif" id="ImgLink-6" />
<caption>Performance plot of KL#D</caption>
<formatted-caption>
<caption-label>Figure</caption-label>
<caption-order>6</caption-order>
<caption-text>Performance plot of KL#D</caption-text>
</formatted-caption>
</image-wrap>
</linkTarget>
</appendix>
</docFigure>
<docFigure pdf-page="9" figure-order="7" data-type-order="10">
<link href="link-7" type="image" />
<appendix>
<linkTarget id="link-7" type="image">
<anchoringText id="Ancr10">Regularly well head samples were collected and analysed for water content and also the properties of the oil produced. No free water was observed and the viscosity of the emulsion formed was measured. A picture of sample of emulsion collected is shown in Figure-7. The variation in viscosity was measured with varying shear rates, as seen in Figure-8. It indicates that the emulsion behaved like a pseudo-plastic fluid, just like polymer. Due to this nature, emulsion formed is able to block the high permeability channels and diverts the flow to low permeability areas.</anchoringText>
<image-wrap id="102118178083MS-Img_SPi-7">
<label>Figure 7 </label>
<imageLink type="mediaResource" href="102118178083MS_i_7.tif" id="ImgLink-7" />
<caption>Sample showing emulsion formation in well KL#D</caption>
<formatted-caption>
<caption-label>Figure</caption-label>
<caption-order>7</caption-order>
<caption-text>Sample showing emulsion formation in well KL#D</caption-text>
</formatted-caption>
</image-wrap>
</linkTarget>
</appendix>
</docFigure>
<docFigure pdf-page="9" figure-order="8" data-type-order="11">
<link href="link-8" type="image" />
<appendix>
<linkTarget id="link-8" type="image">
<anchoringText id="Ancr11">The variation in viscosity was measured with varying shear rates, as seen in Figure-8. It indicates that the emulsion behaved like a pseudo-plastic fluid, just like polymer. Due to this nature, emulsion formed is able to block the high permeability channels and diverts the flow to low permeability areas. Thus, it increases the contact efficiency of the process, resulting in more oil production. Increase in dead oil viscosity of KL#D was observed, and found about 26 cP from 8 cP at a shear rate of 73s[1]1. This improvement in the viscosity helped in improving the volumetric sweep efficiency. This also confirms the main mechanism of the ASP process, as good emulsion formation is due to solubilization of oil by reduction of intefacial tension between residual oil and injected fluid.</anchoringText>
<image-wrap id="102118178083MS-Img_SPi-8">
<label>Figure 8 </label>
<imageLink type="mediaResource" href="102118178083MS_i_8.tif" id="ImgLink-8" />
<caption>KL#D emulsion viscosity vs. shear rate</caption>
<formatted-caption>
<caption-label>Figure</caption-label>
<caption-order>8</caption-order>
<caption-text>KL#D emulsion viscosity vs. shear rate</caption-text>
</formatted-caption>
</image-wrap>
</linkTarget>
</appendix>
</docFigure>
<docFigure pdf-page="10" figure-order="9" data-type-order="12">
<link href="link-9" type="image" />
<appendix>
<linkTarget id="link-9" type="image">
<anchoringText id="Ancr12">Overall Performance of the Pilot The overall performance of the pilot is given in Figure-9. Incremental oil gain is 3876 m3, which is 5.0 % of pilot OIIP (76748 m3), after 0.35 PV injection, till June 2015, against expected total oil gain of 5703 m3 (7.4% of Pilot OIIP), after 1 PV injection. The ASP pilot is effective as decrease in water cut is observed in pilot producer wells, from an average of 91% to 80 %(June 2015). Good emulsion formation since last 9 months in produced effluent sample has been observed in KL#D. During ASP injection, rise in injection pressure was noted, which also justify the efficacy of the process, as shown in Figure-10.</anchoringText>
<image-wrap id="102118178083MS-Img_SPi-9">
<label>Figure 9 </label>
<imageLink type="mediaResource" href="102118178083MS_i_9.tif" id="ImgLink-9" />
<caption>Combined performance of Kalol XII ASP pilot</caption>
<formatted-caption>
<caption-label>Figure</caption-label>
<caption-order>9</caption-order>
<caption-text>Combined performance of Kalol XII ASP pilot</caption-text>
</formatted-caption>
</image-wrap>
</linkTarget>
</appendix>
</docFigure>
<docFigure pdf-page="10" figure-order="10" data-type-order="13">
<link href="link-10" type="image" />
<appendix>
<linkTarget id="link-10" type="image">
<anchoringText id="Ancr13">Overall Performance of the Pilot The overall performance of the pilot is given in Figure-9. Incremental oil gain is 3876 m3, which is 5.0 % of pilot OIIP (76748 m3), after 0.35 PV injection, till June 2015, against expected total oil gain of 5703 m3 (7.4% of Pilot OIIP), after 1 PV injection. The ASP pilot is effective as decrease in water cut is observed in pilot producer wells, from an average of 91% to 80 %(June 2015). Good emulsion formation since last 9 months in produced effluent sample has been observed in KL#D. During ASP injection, rise in injection pressure was noted, which also justify the efficacy of the process, as shown in Figure-10.</anchoringText>
<image-wrap id="102118178083MS-Img_SPi-10">
<label>Figure 10 </label>
<imageLink type="mediaResource" href="102118178083MS_i_10.tif" id="ImgLink-10" />
<caption>ASP Injection pressure profile</caption>
<formatted-caption>
<caption-label>Figure</caption-label>
<caption-order>10</caption-order>
<caption-text>ASP Injection pressure profile</caption-text>
</formatted-caption>
</image-wrap>
</linkTarget>
</appendix>
</docFigure>
</docFigureList>
</docTables>