<?xml version="1.0" encoding="utf-8"?>
<docTables>
<docMetaData inputFile="102118177145MS.txt" extractionDate="2021-03-16T15:24:20Z">
<doi>10.2118/177145-MS</doi>
<pii>10.2118/177145-MS</pii>
<publisher>SPE_Society_of_Petroleum_Engineers</publisher>
</docMetaData>
<docFigureList>
<docFigure pdf-page="2" figure-order="1" data-type-order="1">
<link href="link-1" type="image" />
<appendix>
<linkTarget id="link-1" type="image">
<anchoringText id="Ancr5">The objective of this study is to optimize the water injection of reservoir M1, HN oilfield. This oilfield is located in Ecuadorian Oriente Basin (Fig.1).</anchoringText>
<image-wrap id="102118177145MS-Img_SPi-1">
<label>Figure 1 </label>
<imageLink type="mediaResource" href="102118177145MS_i_1.tif" id="ImgLink-1" />
<caption>Location of South Block(Block 14&amp;17)</caption>
<formatted-caption>
<caption-label>Figure</caption-label>
<caption-order>1</caption-order>
<caption-text>Location of South Block(Block 14&amp;17)</caption-text>
</formatted-caption>
</image-wrap>
</linkTarget>
</appendix>
</docFigure>
<docFigure pdf-page="4" figure-order="2" data-type-order="2">
<link href="link-2" type="image" />
<appendix>
<linkTarget id="link-2" type="image">
<anchoringText id="Ancr6">According to the sand distribution prediction by seismic (Fig.2), and oil saturation distribution from reservoir simulation (Fig.4), we also consider the structure map and the water source.</anchoringText>
<image-wrap id="102118177145MS-Img_SPi-2">
<label>Figure 2 </label>
<imageLink type="mediaResource" href="102118177145MS_i_2.tif" id="ImgLink-2" />
<caption>Sand Thickness Prediction Map of M1</caption>
<formatted-caption>
<caption-label>Figure</caption-label>
<caption-order>2</caption-order>
<caption-text>Sand Thickness Prediction Map of M1</caption-text>
</formatted-caption>
</image-wrap>
</linkTarget>
</appendix>
</docFigure>
<docFigure pdf-page="5" figure-order="3" data-type-order="3">
<link href="link-3" type="image" />
<appendix>
<linkTarget id="link-3" type="image">
<anchoringText id="Ancr7">This HN:M1 reservoir started to produce in 1995 (Fig.3). At the beginning, there were only several producers.</anchoringText>
<image-wrap id="102118177145MS-Img_SPi-3">
<label>Figure 3 </label>
<imageLink type="mediaResource" href="102118177145MS_i_3.tif" id="ImgLink-3" />
<caption>Production History Curves of M1</caption>
<formatted-caption>
<caption-label>Figure</caption-label>
<caption-order>3</caption-order>
<caption-text>Production History Curves of M1</caption-text>
</formatted-caption>
</image-wrap>
</linkTarget>
</appendix>
</docFigure>
<docFigure pdf-page="7" figure-order="4" data-type-order="4">
<link href="link-4" type="image" />
<appendix>
<linkTarget id="link-4" type="image">
<anchoringText id="Ancr8">From the remaining oil saturation distribution, we can conclude that, in vertical the upper of M1 reservoir is better, and in horizontal, the west of M1 is better. But the geologist also mentioned that, the sand in the upper part is poor, meanwhile the west of M1 has a thin sand (Fig. 4).</anchoringText>
<image-wrap id="102118177145MS-Img_SPi-4">
<label>Figure 4 </label>
<imageLink type="mediaResource" href="102118177145MS_i_4.tif" id="ImgLink-4" />
<caption>Remaining Oil Saturation in Reservoir M1 (from top to bottom)</caption>
<formatted-caption>
<caption-label>Figure</caption-label>
<caption-order>4</caption-order>
<caption-text>Remaining Oil Saturation in Reservoir M1 (from top to bottom)</caption-text>
</formatted-caption>
</image-wrap>
</linkTarget>
</appendix>
</docFigure>
<docFigure pdf-page="8" figure-order="5" data-type-order="5">
<link href="link-5" type="image" />
<appendix>
<linkTarget id="link-5" type="image">
<anchoringText id="Ancr9">From the production performance status in 2011 (Fig.5), we can conclude that. Firstly, the watercut of the wells near to the aquifer was high; secondly, there were mainly two parts in the whole reservoir, Area I was low watercut stage area, we should keep the watercut as low as possible, that means to prevent waterflooding was important in this area, and Area II was high watercut stage area, in order to keep the oil production stable, we could increase the liquid since it was flooded out in this area.</anchoringText>
<image-wrap id="102118177145MS-Img_SPi-5">
<label>Figure 5 </label>
<imageLink type="mediaResource" href="102118177145MS_i_5.tif" id="ImgLink-5" />
<caption>Production Performance M1 and Watercut Saturation Distribution in Reservoir</caption>
<formatted-caption>
<caption-label>Figure</caption-label>
<caption-order>5</caption-order>
<caption-text>Production Performance M1 and Watercut Saturation Distribution in Reservoir</caption-text>
</formatted-caption>
</image-wrap>
</linkTarget>
</appendix>
</docFigure>
<docFigure composite="true" composite-count="4" pdf-page="10" figure-order="6" data-type-order="6">
<link href="link-6" type="image" />
<appendix>
<linkTarget id="link-6" type="image">
<anchoringText id="Ancr10">Comparing all the cases (Fig.6,Fig.7), how much was the total injection rate for reservoir M1 was found out.</anchoringText>
<image-wrap id="102118177145MS-Img_SPi-6">
<label>Figure 6 </label>
<imageLink type="mediaResource" href="102118177145MS_i_6.tif" id="ImgLink-6" />
<caption>BOPD, Np, WC, Pressure Forecasting Curve of the First 3 Cases</caption>
<formatted-caption>
<caption-label>Figure</caption-label>
<caption-order>6</caption-order>
<caption-text>BOPD, Np, WC, Pressure Forecasting Curve of the First 3 Cases</caption-text>
</formatted-caption>
</image-wrap>
<image-wrap id="102118177145MS-Img_SPi-6a">
<imageLink type="mediaResource" href="102118177145MS_i_6a.tif" id="ImgLink-6a" />
<figure-specific-caption>
<caption-order>(a)</caption-order>
<caption-text></caption-text>
</figure-specific-caption>
</image-wrap>
<image-wrap id="102118177145MS-Img_SPi-6b">
<imageLink type="mediaResource" href="102118177145MS_i_6b.tif" id="ImgLink-6b" />
<figure-specific-caption>
<caption-order>(b)</caption-order>
<caption-text></caption-text>
</figure-specific-caption>
</image-wrap>
<image-wrap id="102118177145MS-Img_SPi-6c">
<imageLink type="mediaResource" href="102118177145MS_i_6c.tif" id="ImgLink-6c" />
<figure-specific-caption>
<caption-order>(c)</caption-order>
<caption-text></caption-text>
</figure-specific-caption>
</image-wrap>
<image-wrap id="102118177145MS-Img_SPi-6d">
<imageLink type="mediaResource" href="102118177145MS_i_6d.tif" id="ImgLink-6d" />
<figure-specific-caption>
<caption-order>(d)</caption-order>
<caption-text></caption-text>
</figure-specific-caption>
</image-wrap>
</linkTarget>
</appendix>
</docFigure>
<docFigure composite="true" composite-count="4" pdf-page="11" figure-order="7" data-type-order="7">
<link href="link-7" type="image" />
<appendix>
<linkTarget id="link-7" type="image">
<anchoringText id="Ancr11">Comparing all the cases (Fig.6,Fig.7), how much was the total injection rate for reservoir M1 was found out.</anchoringText>
<image-wrap id="102118177145MS-Img_SPi-7">
<label>Figure 7 </label>
<imageLink type="mediaResource" href="102118177145MS_i_7.tif" id="ImgLink-7" />
<caption>BOPD, Np, WC, Pressure Forecasting Curve of the other 3 Cases</caption>
<formatted-caption>
<caption-label>Figure</caption-label>
<caption-order>7</caption-order>
<caption-text>BOPD, Np, WC, Pressure Forecasting Curve of the other 3 Cases</caption-text>
</formatted-caption>
</image-wrap>
<image-wrap id="102118177145MS-Img_SPi-7a">
<imageLink type="mediaResource" href="102118177145MS_i_7a.tif" id="ImgLink-7a" />
<figure-specific-caption>
<caption-order>(a)</caption-order>
<caption-text></caption-text>
</figure-specific-caption>
</image-wrap>
<image-wrap id="102118177145MS-Img_SPi-7b">
<imageLink type="mediaResource" href="102118177145MS_i_7b.tif" id="ImgLink-7b" />
<figure-specific-caption>
<caption-order>(b)</caption-order>
<caption-text></caption-text>
</figure-specific-caption>
</image-wrap>
<image-wrap id="102118177145MS-Img_SPi-7c">
<imageLink type="mediaResource" href="102118177145MS_i_7c.tif" id="ImgLink-7c" />
<figure-specific-caption>
<caption-order>(c)</caption-order>
<caption-text></caption-text>
</figure-specific-caption>
</image-wrap>
<image-wrap id="102118177145MS-Img_SPi-7d">
<imageLink type="mediaResource" href="102118177145MS_i_7d.tif" id="ImgLink-7d" />
<figure-specific-caption>
<caption-order>(d)</caption-order>
<caption-text></caption-text>
</figure-specific-caption>
</image-wrap>
</linkTarget>
</appendix>
</docFigure>
<docFigure composite="true" composite-count="3" pdf-page="12" figure-order="8" data-type-order="8">
<link href="link-8" type="image" />
<appendix>
<linkTarget id="link-8" type="image">
<anchoringText id="Ancr12">From the BOPD and Np curves of cases, with the same total injection rate, 14,000bbl/d, but the injection rate of N4 was higher than that of N25 (Fig.8), we noted that, the cumulative oil production would be higher.</anchoringText>
<label>Figure 8 </label>
<image-wrap id="102118177145MS-Img_SPi-8">
<imageLink type="mediaResource" href="102118177145MS_i_8.tif" id="ImgLink-8" />
<caption>Bopd &amp; Np of Cases (of which the Injection Rate of N4 Was Higher Than That of N25)</caption>
<formatted-caption>
<caption-label>Figure</caption-label>
<caption-order>8</caption-order>
<caption-text>Bopd &amp; Np of Cases (of which the Injection Rate of N4 Was Higher Than That of N25)</caption-text>
</formatted-caption>
</image-wrap>
<image-wrap id="102118177145MS-Img_SPi-8a">
<imageLink type="mediaResource" href="102118177145MS_i_8a.tif" id="ImgLink-8a" />
<figure-specific-caption>
<caption-order>(a)</caption-order>
<caption-text></caption-text>
</figure-specific-caption>
</image-wrap>
<image-wrap id="102118177145MS-Img_SPi-8b">
<imageLink type="mediaResource" href="102118177145MS_i_8b.tif" id="ImgLink-8b" />
<figure-specific-caption>
<caption-order>(b)</caption-order>
<caption-text></caption-text>
</figure-specific-caption>
</image-wrap>
<image-wrap id="102118177145MS-Img_SPi-8c">
<imageLink type="mediaResource" href="102118177145MS_i_8c.tif" id="ImgLink-8c" />
<figure-specific-caption>
<caption-order>(c)</caption-order>
<caption-text></caption-text>
</figure-specific-caption>
</image-wrap>
</linkTarget>
</appendix>
</docFigure>
<docFigure pdf-page="12" figure-order="9" data-type-order="9">
<link href="link-9" type="image" />
<appendix>
<linkTarget id="link-9" type="image">
<anchoringText id="Ancr13">As we can see from Fig.9, the results were excellent. The liquid production rate increased a lot, and the oil production rate increased(the BOPD in December 2011 was 135% of that in May) also, at the same time, the watercut decreased a little both in N and H oilfields. And the pressure increased from 913PSI to 1,697PSI by the end of 2011.</anchoringText>
<image-wrap id="102118177145MS-Img_SPi-9">
<label>Figure 9 </label>
<imageLink type="mediaResource" href="102118177145MS_i_9.tif" id="ImgLink-9" />
<caption>Production Curve of HN:M1(Only the Existing Producers)</caption>
<formatted-caption>
<caption-label>Figure</caption-label>
<caption-order>9</caption-order>
<caption-text>Production Curve of HN:M1(Only the Existing Producers)</caption-text>
</formatted-caption>
</image-wrap>
</linkTarget>
</appendix>
</docFigure>
<docFigure pdf-page="13" figure-order="10" data-type-order="10">
<link href="link-10" type="image" />
<appendix>
<linkTarget id="link-10" type="image">
<anchoringText id="Ancr14">The streamline simulation results substantially have more value as a reservoir management tool when used in conjunction with traditional reservoir engineering techniques such as standard finite difference simulators (Fig.10).</anchoringText>
<image-wrap id="102118177145MS-Img_SPi-10">
<label>Figure 10 </label>
<imageLink type="mediaResource" href="102118177145MS_i_10.tif" id="ImgLink-10" />
<caption>HN:M1 Streamline Distribution in 2012(6,087 days)</caption>
<formatted-caption>
<caption-label>Figure</caption-label>
<caption-order>10</caption-order>
<caption-text>HN:M1 Streamline Distribution in 2012(6,087 days)</caption-text>
</formatted-caption>
</image-wrap>
</linkTarget>
</appendix>
</docFigure>
<docFigure pdf-page="16" figure-order="11" data-type-order="15">
<link href="link-11" type="image" />
<appendix>
<linkTarget id="link-11" type="image">
<anchoringText id="Ancr15">And H28, H37, H18 and other H field producers are mainly controlled by N4. At the same time, aquifer also has a influence on some producers (Fig.11).</anchoringText>
<image-wrap id="102118177145MS-Img_SPi-11">
<label>Figure 11 </label>
<imageLink type="mediaResource" href="102118177145MS_i_11.tif" id="ImgLink-11" />
<caption>Controlled Area by N4, N25 and Aquifer</caption>
<formatted-caption>
<caption-label>Figure</caption-label>
<caption-order>11</caption-order>
<caption-text>Controlled Area by N4, N25 and Aquifer</caption-text>
</formatted-caption>
</image-wrap>
</linkTarget>
</appendix>
</docFigure>
<docFigure pdf-page="17" figure-order="12" data-type-order="16">
<link href="link-12" type="image" />
<appendix>
<linkTarget id="link-12" type="image">
<anchoringText id="Ancr16"> </anchoringText>
<image-wrap id="102118177145MS-Img_SPi-12">
<label>Figure 12 </label>
<imageLink type="mediaResource" href="102118177145MS_i_12.tif" id="ImgLink-12" />
<caption>Sand Distribution and Current Production Situation (BLPD/BOPD/Watercut)</caption>
<formatted-caption>
<caption-label>Figure</caption-label>
<caption-order>12</caption-order>
<caption-text>Sand Distribution and Current Production Situation (BLPD/BOPD/Watercut)</caption-text>
</formatted-caption>
</image-wrap>
</linkTarget>
</appendix>
</docFigure>
<docFigure pdf-page="18" figure-order="13" data-type-order="17">
<link href="link-13" type="image" />
<appendix>
<linkTarget id="link-13" type="image">
<anchoringText id="Ancr17">In HN:M1 reservoir, the main flow paths for N4 and N25 are as in Fig.13. In order to improve the production performance.</anchoringText>
<image-wrap id="102118177145MS-Img_SPi-13">
<label>Figure 13 </label>
<imageLink type="mediaResource" href="102118177145MS_i_13.tif" id="ImgLink-13" />
<caption>Current Main Flow Path for Each Injector</caption>
<formatted-caption>
<caption-label>Figure</caption-label>
<caption-order>13</caption-order>
<caption-text>Current Main Flow Path for Each Injector</caption-text>
</formatted-caption>
</image-wrap>
</linkTarget>
</appendix>
</docFigure>
<docFigure pdf-page="18" figure-order="14" data-type-order="18">
<link href="link-14" type="image" />
<appendix>
<linkTarget id="link-14" type="image">
<anchoringText id="Ancr18">The flow paths as in Fig.14 are expected. We want to enhance the flow path which is in dash line.</anchoringText>
<image-wrap id="102118177145MS-Img_SPi-14">
<label>Figure 14 </label>
<imageLink type="mediaResource" href="102118177145MS_i_14.tif" id="ImgLink-14" />
<caption>Flow Path Change for N25 (N4 is Shut)</caption>
<formatted-caption>
<caption-label>Figure</caption-label>
<caption-order>14</caption-order>
<caption-text>Flow Path Change for N25 (N4 is Shut)</caption-text>
</formatted-caption>
</image-wrap>
</linkTarget>
</appendix>
</docFigure>
<docFigure pdf-page="19" figure-order="15" data-type-order="19">
<link href="link-15" type="image" />
<appendix>
<linkTarget id="link-15" type="image">
<anchoringText id="Ancr19"> </anchoringText>
<image-wrap id="102118177145MS-Img_SPi-15">
<label>Figure 15 </label>
<imageLink type="mediaResource" href="102118177145MS_i_15.tif" id="ImgLink-15" />
<caption>Curve of RF vs. Fw of HN:M1</caption>
<formatted-caption>
<caption-label>Figure</caption-label>
<caption-order>15</caption-order>
<caption-text>Curve of RF vs. Fw of HN:M1</caption-text>
</formatted-caption>
</image-wrap>
</linkTarget>
</appendix>
</docFigure>
</docFigureList>
</docTables>