<?xml version="1.0" encoding="utf-8"?>
<docTables>
<docMetaData inputFile="102118177395MS.txt" extractionDate="2021-03-20T09:29:53Z">
<doi>10.2118/177395-MS</doi>
<pii>10.2118/177395-MS</pii>
<publisher>SPE_Society_of_Petroleum_Engineers</publisher>
</docMetaData>
<docFigureList>
<docFigure pdf-page="3" figure-order="1" data-type-order="1">
<link href="link-1" type="image" />
<appendix>
<linkTarget id="link-1" type="image">
<anchoringText id="Ancr1">Figures 1 &amp; 2 from the 2011 model demonstrate a good match for the appraisal wells. However, Fasila D pressure match quality in the far eastern part of EA was not good, indicating that contacts in this model were still not correct. This was rectified in future models using the contacts from the 4D seismic data.</anchoringText>
<image-wrap id="102118177395MS-Img_SPi-1">
<label>Figure 1 </label>
<imageLink type="mediaResource" href="102118177395MS_i_1.tif" id="ImgLink-1" />
<caption>Match of RFT pressures for appraisal wells</caption>
<formatted-caption>
<caption-label>Figure</caption-label>
<caption-order>1</caption-order>
<caption-text>Match of RFT pressures for appraisal wells</caption-text>
</formatted-caption>
</image-wrap>
</linkTarget>
</appendix>
</docFigure>
<docFigure pdf-page="3" figure-order="2" data-type-order="2">
<link href="link-2" type="image" />
<appendix>
<linkTarget id="link-2" type="image">
<anchoringText id="Ancr2">Figures 1 &amp; 2 from the 2011 model demonstrate a good match for the appraisal wells. However, Fasila D pressure match quality in the far eastern part of EA was not good, indicating that contacts in this model were still not correct. This was rectified in future models using the contacts from the 4D seismic data.</anchoringText>
<image-wrap id="102118177395MS-Img_SPi-2">
<label>Figure 2 </label>
<imageLink type="mediaResource" href="102118177395MS_i_2.tif" id="ImgLink-2" />
<caption>Match of RFT pressures for CA predrill wells</caption>
<formatted-caption>
<caption-label>Figure</caption-label>
<caption-order>2</caption-order>
<caption-text>Match of RFT pressures for CA predrill wells</caption-text>
</formatted-caption>
</image-wrap>
</linkTarget>
</appendix>
</docFigure>
<docFigure composite="true" composite-count="2" pdf-page="4" figure-order="3" data-type-order="3">
<link href="link-3" type="image" />
<appendix>
<linkTarget id="link-3" type="image">
<anchoringText id="Ancr3">In order to address the issues stated above, FBHT data has been investigated for GOR estimation. A clear correlation between well test average FBHT and GOR was established and a linear correlation between these two parameters was demonstrated in Figure 3. As temperature is continuously monitored, it is possible to infer GOR between well tests, and correct the platform gas allocation in the absence of well test data.</anchoringText>
<image-wrap id="102118177395MS-Img_SPi-3">
<label>Figure 3 </label>
<imageLink type="mediaResource" href="102118177395MS_i_3.tif" id="ImgLink-3" />
<caption>AzC-8 GOR-FBHT correlations for different time periods</caption>
<formatted-caption>
<caption-label>Figure</caption-label>
<caption-order>3</caption-order>
<caption-text>AzC-8 GOR-FBHT correlations for different time periods</caption-text>
</formatted-caption>
</image-wrap>
<image-wrap id="102118177395MS-Img_SPi-3a">
<imageLink type="mediaResource" href="102118177395MS_i_3a.tif" id="ImgLink-3a" />
<figure-specific-caption>
<caption-order></caption-order>
<caption-text>April 2007- March 2008 period</caption-text>
</figure-specific-caption>
</image-wrap>
<image-wrap id="102118177395MS-Img_SPi-3b">
<imageLink type="mediaResource" href="102118177395MS_i_3b.tif" id="ImgLink-3b" />
<figure-specific-caption>
<caption-order></caption-order>
<caption-text>March 2008 - September 2008</caption-text>
</figure-specific-caption>
</image-wrap>
</linkTarget>
</appendix>
</docFigure>
<docFigure composite="true" composite-count="2" pdf-page="5" figure-order="4" data-type-order="4">
<link href="link-4" type="image" />
<appendix>
<linkTarget id="link-4" type="image">
<anchoringText id="Ancr4">This method has been applied successfully across the ACG field starting from 2006. Data from well AzC-8 is shown in Figure 4 to explain the method and shows GOR trends from both sources- that are both allocated and FBHT-estimated. Trends of well test GOR, FBHT-derived GOR, allocated GOR, real-time bottom-hole temperature, and average bottom-hole temperatures measured during production tests are shown. In general, after gas breakthrough, the well is choked back during the tests to accommodate gas in the test separator.</anchoringText>
<image-wrap id="102118177395MS-Img_SPi-4">
<label>Figure 4 </label>
<imageLink type="mediaResource" href="102118177395MS_i_4.tif" id="ImgLink-4" />
<caption>AzC-8 estimated and allocated GOR comparison</caption>
<formatted-caption>
<caption-label>Figure</caption-label>
<caption-order>4</caption-order>
<caption-text>AzC-8 estimated and allocated GOR comparison</caption-text>
</formatted-caption>
</image-wrap>
<image-wrap id="102118177395MS-Img_SPi-4a">
<imageLink type="mediaResource" href="102118177395MS_i_4a.tif" id="ImgLink-4a" />
</image-wrap>
<image-wrap id="102118177395MS-Img_SPi-4b">
<imageLink type="mediaResource" href="102118177395MS_i_4b.tif" id="ImgLink-4b" />
</image-wrap>
</linkTarget>
</appendix>
</docFigure>
<docFigure composite="true" composite-count="2" pdf-page="6" figure-order="5" data-type-order="5">
<link href="link-5" type="image" />
<appendix>
<linkTarget id="link-5" type="image">
<anchoringText id="Ancr5">Figure 5 presents pressure fall-off (PFO) results for gas injector AzC-1 for 2006 and 2008 in a log-log plot. This derivative plot demonstrates the presence of two parallel barriers at a distance of ~300 ft and ~250 ft in 2006, however PFO plots from 2008 show no boundary at this distance. This was also an alternative proof of a leaking barrier.</anchoringText>
<image-wrap id="102118177395MS-Img_SPi-5">
<label>Figure 5 </label>
<imageLink type="mediaResource" href="102118177395MS_i_5.tif" id="ImgLink-5" />
<caption>AzC-1 Life of Well PFO Summary</caption>
<formatted-caption>
<caption-label>Figure</caption-label>
<caption-order>5</caption-order>
<caption-text>AzC-1 Life of Well PFO Summary</caption-text>
</formatted-caption>
</image-wrap>
<image-wrap id="102118177395MS-Img_SPi-5a">
<imageLink type="mediaResource" href="102118177395MS_i_5a.tif" id="ImgLink-5a" />
</image-wrap>
<image-wrap id="102118177395MS-Img_SPi-5b">
<imageLink type="mediaResource" href="102118177395MS_i_5b.tif" id="ImgLink-5b" />
</image-wrap>
</linkTarget>
</appendix>
</docFigure>
<docFigure pdf-page="7" figure-order="6" data-type-order="6">
<link href="link-6" type="image" />
<appendix>
<linkTarget id="link-6" type="image">
<anchoringText id="Ancr6">Incorporation of these findings into the reservoir simulation model had yielded encouraging results for the history match. GOR behaviour of the CA SF producers was matched in the simulation model. As seen in Figure 6 significant improvements of GOR match in central Azeri AzC-3 (from 6000 scf/stb to 1000scf/stb), AzC-9 (from 1200 to 4000 scf/stb) and AzC-8 (from 1000 to 7000 scf/stb) were achieved. The Fasila D single zone well AzC-10 match also improved by adding additional perforation in the lower part of Fasila B in the simulation model, which mimicked the behind casing gas flow observed and consequently improved the GOR match.</anchoringText>
<image-wrap id="102118177395MS-Img_SPi-6">
<label>Figure 6 </label>
<imageLink type="mediaResource" href="102118177395MS_i_6.tif" id="ImgLink-6" />
<caption>Sensitivity of model to time dependent baffle</caption>
<formatted-caption>
<caption-label>Figure</caption-label>
<caption-order>6</caption-order>
<caption-text>Sensitivity of model to time dependent baffle</caption-text>
</formatted-caption>
</image-wrap>
</linkTarget>
</appendix>
</docFigure>
<docFigure pdf-page="8" figure-order="7" data-type-order="7">
<link href="link-7" type="image" />
<appendix>
<linkTarget id="link-7" type="image">
<anchoringText id="Ancr7">Waveform Inversion of 4D data highlighted low velocity ‘pipe’ beneath CA MV (Figure 7). This image was used to validate location and size of null zones in the model which represent where MV feeder pipe pierces the Fasila.</anchoringText>
<image-wrap id="102118177395MS-Img_SPi-7">
<label>Figure 7 </label>
<imageLink type="mediaResource" href="102118177395MS_i_7.tif" id="ImgLink-7" />
<caption>MV feeder pipe identification</caption>
<formatted-caption>
<caption-label>Figure</caption-label>
<caption-order>7</caption-order>
<caption-text>MV feeder pipe identification</caption-text>
</formatted-caption>
</image-wrap>
</linkTarget>
</appendix>
</docFigure>
<docFigure composite="true" composite-count="2" pdf-page="9" figure-order="8" data-type-order="8">
<link href="link-8" type="image" />
<appendix>
<linkTarget id="link-8" type="image">
<anchoringText id="Ancr8">Migration of 4D data using the FWI velocity field has yielded significant uplift in imaging of CA crestal part. Dip maps highlight rapid changes in dip, interpreted to be faults with associated potential damage zones (as seen in B17). This data is used to identify ‘baffles’ to flow in the simulator model (Figure 8).</anchoringText>
<image-wrap id="102118177395MS-Img_SPi-8">
<label>Figure 8 </label>
<imageLink type="mediaResource" href="102118177395MS_i_8.tif" id="ImgLink-8" />
<caption>Improved image of CA crest</caption>
<formatted-caption>
<caption-label>Figure</caption-label>
<caption-order>8</caption-order>
<caption-text>Improved image of CA crest</caption-text>
</formatted-caption>
</image-wrap>
<image-wrap id="102118177395MS-Img_SPi-8a">
<imageLink type="mediaResource" href="102118177395MS_i_8a.tif" id="ImgLink-8a" />
<figure-specific-caption>
<caption-order></caption-order>
<caption-text>Dip attribute draped on Fasila B</caption-text>
</figure-specific-caption>
</image-wrap>
<image-wrap id="102118177395MS-Img_SPi-8b">
<imageLink type="mediaResource" href="102118177395MS_i_8b.tif" id="ImgLink-8b" />
<figure-specific-caption>
<caption-order></caption-order>
<caption-text>Simulator model showing barriers</caption-text>
</figure-specific-caption>
</image-wrap>
</linkTarget>
</appendix>
</docFigure>
<docFigure composite="true" composite-count="2" pdf-page="9" figure-order="9" data-type-order="9">
<link href="link-9" type="image" />
<appendix>
<linkTarget id="link-9" type="image">
<anchoringText id="Ancr9">The 4D seismic survey in CA was acquired in 2007 for the first time and it was then repeated in 2008 and 2010. It provided clear evidence and placement of moved gas oil and oil water contacts in the Fasila B and Fasila D (Figure 9). It established an excellent calibration point for the HM. It provided the only source in early stages of development of the field for flood front monitoring. Despite few attempts only in 2014 injection profile (IPROF) from gas injectors was successfully carried out. And until this data was gathered seismic interpretations was used assuming that injection happens proportionally to Kh values in simulation model. First AzC-11 IPROF and AzA-4 core confirmed that this assumption was close to the reality.</anchoringText>
<image-wrap id="102118177395MS-Img_SPi-9">
<label>Figure 9 </label>
<imageLink type="mediaResource" href="102118177395MS_i_9.tif" id="ImgLink-9" />
<caption>Time-lapse seismic showing changes related to gas saturation in CA</caption>
<formatted-caption>
<caption-label>Figure</caption-label>
<caption-order>9</caption-order>
<caption-text>Time-lapse seismic showing changes related to gas saturation in CA</caption-text>
</formatted-caption>
</image-wrap>
<image-wrap id="102118177395MS-Img_SPi-9a">
<imageLink type="mediaResource" href="102118177395MS_i_9a.tif" id="ImgLink-9a" />
<figure-specific-caption>
<caption-order></caption-order>
<caption-text>Fasila B</caption-text>
</figure-specific-caption>
</image-wrap>
<image-wrap id="102118177395MS-Img_SPi-9b">
<imageLink type="mediaResource" href="102118177395MS_i_9b.tif" id="ImgLink-9b" />
<figure-specific-caption>
<caption-order></caption-order>
<caption-text>Fasila D</caption-text>
</figure-specific-caption>
</image-wrap>
</linkTarget>
</appendix>
</docFigure>
<docFigure pdf-page="10" figure-order="10" data-type-order="10">
<link href="link-10" type="image" />
<appendix>
<linkTarget id="link-10" type="image">
<anchoringText id="Ancr10">Gas injection split between reservoirs was adjusted to reach the best possible pressure match while honouring the seismic response. The process was iterative and the chosen match is shown in the Figure 10-Figure 11.</anchoringText>
<image-wrap id="102118177395MS-Img_SPi-10">
<label>Figure 10 </label>
<imageLink type="mediaResource" href="102118177395MS_i_10.tif" id="ImgLink-10" />
<caption>Fasila B – Model to 4D comparison</caption>
<formatted-caption>
<caption-label>Figure</caption-label>
<caption-order>10</caption-order>
<caption-text>Fasila B – Model to 4D comparison</caption-text>
</formatted-caption>
</image-wrap>
</linkTarget>
</appendix>
</docFigure>
<docFigure pdf-page="10" figure-order="11" data-type-order="11">
<link href="link-11" type="image" />
<appendix>
<linkTarget id="link-11" type="image">
<anchoringText id="Ancr11">Gas injection split between reservoirs was adjusted to reach the best possible pressure match while honouring the seismic response. The process was iterative and the chosen match is shown in the Figure 10-Figure 11.</anchoringText>
<image-wrap id="102118177395MS-Img_SPi-11">
<label>Figure 11 </label>
<imageLink type="mediaResource" href="102118177395MS_i_11.tif" id="ImgLink-11" />
<caption>Matched seismic response in Azeri model. Green line represents 4D gas advance signal for Fasila D for 2007-2010. Simulation image corresponds to change in gas saturation at Top D in the same time frame</caption>
<formatted-caption>
<caption-label>Figure</caption-label>
<caption-order>11</caption-order>
<caption-text>Matched seismic response in Azeri model. Green line represents 4D gas advance signal for Fasila D for 2007-2010. Simulation image corresponds to change in gas saturation at Top D in the same time frame</caption-text>
</formatted-caption>
</image-wrap>
</linkTarget>
</appendix>
</docFigure>
<docFigure pdf-page="11" figure-order="12" data-type-order="12">
<link href="link-12" type="image" />
<appendix>
<linkTarget id="link-12" type="image">
<anchoringText id="Ancr12">A 4D survey in EA area was acquired in 2012 (base survey acquired in 1995, Figure 12). It provided valuable information in the very challenging part of the field where historically appraisal drilling and production drilling provided data from only limited areas, but the 4D seismic provided the bigger picture of the area. This provided integrated learnings from individual well and surveillance data in an area of a very uncertain oil-water contact (OWC), including the presence and size of the gas cap.</anchoringText>
<image-wrap id="102118177395MS-Img_SPi-12">
<label>Figure 12 </label>
<imageLink type="mediaResource" href="102118177395MS_i_12.tif" id="ImgLink-12" />
<caption>EA Fasila B 4D Seismic (1995 – 2012)</caption>
<formatted-caption>
<caption-label>Figure</caption-label>
<caption-order>12</caption-order>
<caption-text>EA Fasila B 4D Seismic (1995 – 2012)</caption-text>
</formatted-caption>
</image-wrap>
</linkTarget>
</appendix>
</docFigure>
<docFigure pdf-page="12" figure-order="13" data-type-order="13">
<link href="link-13" type="image" />
<appendix>
<linkTarget id="link-13" type="image">
<anchoringText id="Ancr13">In the early stages of Azeri simulation models, the shales were stochastically distributed. These shale maps were developed based on analogue data and using the limited data from the appraisal wells. Further data from drilling new wells, plus water and gas breakthrough in the first production wells, forced a review of these maps. For example, whilst drilling AzW-1 Fasila D well in WA, a water bearing zone was discovered in the middle zone of the Fasila B (Figure 13). After that, shale maps were created (Kuramshina, Feb 2010) using RFT pressure data and logs.</anchoringText>
<image-wrap id="102118177395MS-Img_SPi-13">
<label>Figure 13 </label>
<imageLink type="mediaResource" href="102118177395MS_i_13.tif" id="ImgLink-13" />
<caption>AzW-1 well log with mid Fasila B water breakthrough</caption>
<formatted-caption>
<caption-label>Figure</caption-label>
<caption-order>13</caption-order>
<caption-text>AzW-1 well log with mid Fasila B water breakthrough</caption-text>
</formatted-caption>
</image-wrap>
</linkTarget>
</appendix>
</docFigure>
<docFigure composite="true" composite-count="2" pdf-page="13" figure-order="14" data-type-order="14">
<link href="link-14" type="image" />
<appendix>
<linkTarget id="link-14" type="image">
<anchoringText id="Ancr14">When the AzW-3 water injector was drilled into the lower Fasila B, pressures were 20psi higher than the upper Fasila B. As AzW-4 well pressure shows (Figure 14) after seven months of injection, the upper Fasila B pressure was 130psi higher than the lower Fasila B. This confirms the evidence of the shale barrier being able to hold large pressure differentials.</anchoringText>
<image-wrap id="102118177395MS-Img_SPi-14">
<label>Figure 14 </label>
<imageLink type="mediaResource" href="102118177395MS_i_14.tif" id="ImgLink-14" />
<caption>Static Pressure and log data demonstrate presence of shale breaks in AzW-3 and AzW-4 wells</caption>
<formatted-caption>
<caption-label>Figure</caption-label>
<caption-order>14</caption-order>
<caption-text>Static Pressure and log data demonstrate presence of shale breaks in AzW-3 and AzW-4 wells</caption-text>
</formatted-caption>
</image-wrap>
<image-wrap id="102118177395MS-Img_SPi-14a">
<imageLink type="mediaResource" href="102118177395MS_i_14a.tif" id="ImgLink-14a" />
<figure-specific-caption>
<caption-order></caption-order>
<caption-text>AzW-3,2007</caption-text>
</figure-specific-caption>
</image-wrap>
<image-wrap id="102118177395MS-Img_SPi-14b">
<imageLink type="mediaResource" href="102118177395MS_i_14b.tif" id="ImgLink-14b" />
<figure-specific-caption>
<caption-order></caption-order>
<caption-text>AzW-4,2008</caption-text>
</figure-specific-caption>
</image-wrap>
</linkTarget>
</appendix>
</docFigure>
<docFigure pdf-page="14" figure-order="15" data-type-order="15">
<link href="link-15" type="image" />
<appendix>
<linkTarget id="link-15" type="image">
<anchoringText id="Ancr15">Extensive intra-reservoirs shales have been recognised and mapped in both the Fasila B and D (Figure 15), which are capable of holding water above oil at inter-well spacing. During HM, layer interface transmissibilities were included into the model. This had improved the injector conformance match in the model.</anchoringText>
<image-wrap id="102118177395MS-Img_SPi-15">
<label>Figure 15 </label>
<imageLink type="mediaResource" href="102118177395MS_i_15.tif" id="ImgLink-15" />
<caption>Intra-reservoirs shales mapped in Fasila B and D</caption>
<formatted-caption>
<caption-label>Figure</caption-label>
<caption-order>15</caption-order>
<caption-text>Intra-reservoirs shales mapped in Fasila B and D</caption-text>
</formatted-caption>
</image-wrap>
</linkTarget>
</appendix>
</docFigure>
<docFigure pdf-page="14" figure-order="16" data-type-order="16">
<link href="link-16" type="image" />
<appendix>
<linkTarget id="link-16" type="image">
<anchoringText id="Ancr16">The EA platform was put on production in October 2006 with 7 predrill wells (6 Fasila &amp; 1 Bal VIII). By March 2007 production had increased to 143 Mstb/d with rapid increase of platform GOR up to 2450 scf/stb (Figure 16). Due to the production of oil with high GOR, total produced volumes of gas at reservoir conditions were significant, as a result reservoir pressure declined sharply. This was very unusual. Understanding the process and matching this GOR rise in the simulation model was very challenging. Several possible mechanisms were considered during 2008 HM (Figure 17):</anchoringText>
<image-wrap id="102118177395MS-Img_SPi-16">
<label>Figure 16 </label>
<imageLink type="mediaResource" href="102118177395MS_i_16.tif" id="ImgLink-16" />
<caption>EA actual and simulation match</caption>
<formatted-caption>
<caption-label>Figure</caption-label>
<caption-order>16</caption-order>
<caption-text>EA actual and simulation match</caption-text>
</formatted-caption>
</image-wrap>
</linkTarget>
</appendix>
</docFigure>
<docFigure pdf-page="14" figure-order="17" data-type-order="17">
<link href="link-17" type="image" />
<appendix>
<linkTarget id="link-17" type="image">
<anchoringText id="Ancr17">The EA platform was put on production in October 2006 with 7 predrill wells (6 Fasila &amp; 1 Bal VIII). By March 2007 production had increased to 143 Mstb/d with rapid increase of platform GOR up to 2450 scf/stb (Figure 16). Due to the production of oil with high GOR, total produced volumes of gas at reservoir conditions were significant, as a result reservoir pressure declined sharply. This was very unusual. Understanding the process and matching this GOR rise in the simulation model was very challenging. Several possible mechanisms were considered during 2008 HM (Figure 17):</anchoringText>
<image-wrap id="102118177395MS-Img_SPi-17">
<label>Figure 17 </label>
<imageLink type="mediaResource" href="102118177395MS_i_17.tif" id="ImgLink-17" />
<caption>EA GOR sensitivities: Faults and primary gas cap considered</caption>
<formatted-caption>
<caption-label>Figure</caption-label>
<caption-order>17</caption-order>
<caption-text>EA GOR sensitivities: Faults and primary gas cap considered</caption-text>
</formatted-caption>
</image-wrap>
</linkTarget>
</appendix>
</docFigure>
<docFigure composite="true" composite-count="2" pdf-page="15" figure-order="18" data-type-order="18">
<link href="link-18" type="image" />
<appendix>
<linkTarget id="link-18" type="image">
<anchoringText id="Ancr18">In 2011, the well AzE-4 penetrated the crestal area of EA and found a gas cap in the entire Fasila B and gas response in the Fasila D from the logs. Modelling could not support the formation of a secondary gas cap in EA via the accumulation of gas released out of solution due to production below bubble point. These model results were more consistent with the existence of a primary rather than secondary gas cap (Figure 18).</anchoringText>
<image-wrap id="102118177395MS-Img_SPi-18">
<label>Figure 18 </label>
<imageLink type="mediaResource" href="102118177395MS_i_18.tif" id="ImgLink-18" />
<caption>Attempts to model a secondary gas cap via production below bubble point were unsuccessful as a model was not found that would provide gas saturation across the entire B by end 2011, as seen in the left portion of the image. On the right portion of the image, the presence of structural closure is illustrated</caption>
<formatted-caption>
<caption-label>Figure</caption-label>
<caption-order>18</caption-order>
<caption-text>Attempts to model a secondary gas cap via production below bubble point were unsuccessful as a model was not found that would provide gas saturation across the entire B by end 2011, as seen in the left portion of the image. On the right portion of the image, the presence of structural closure is illustrated</caption-text>
</formatted-caption>
</image-wrap>
<image-wrap id="102118177395MS-Img_SPi-18a">
<imageLink type="mediaResource" href="102118177395MS_i_18a.tif" id="ImgLink-18a" />
</image-wrap>
<image-wrap id="102118177395MS-Img_SPi-18b">
<imageLink type="mediaResource" href="102118177395MS_i_18b.tif" id="ImgLink-18b" />
</image-wrap>
</linkTarget>
</appendix>
</docFigure>
</docFigureList>
</docTables>