<?xml version="1.0" encoding="utf-8"?>
<docTables>
<docMetaData inputFile="102118180410MS.txt" extractionDate="2021-03-19T19:37:25Z">
<doi>10.2118/180410-MS</doi>
<pii>10.2118/180410-MS</pii>
<publisher>SPE_Society_of_Petroleum_Engineers</publisher>
</docMetaData>
<docFigureList>
<docFigure pdf-page="3" figure-order="1" data-type-order="1">
<link href="link-1" type="image" />
<appendix>
<linkTarget id="link-1" type="image">
<anchoringText id="Ancr7">Two test wells in Eddy County New Mexico were made available for this work: 1) The Barbie State No. 3 well, T19S, R27E, section 13, which is located in the Millman field and produces from dolomites and sandstones of the Grayburg formation; and 2) The Federal 00 # 3 well, T21S, R27E, section 18, which produces from fine grained sandstones of the Delaware formation in the Cedar hills field (Broadhead et al., 2004). Figure 1 shows the location of these two test wells.</anchoringText>
<image-wrap id="102118180410MS-Img_SPi-1">
<label>Figure 1 </label>
<imageLink type="mediaResource" href="102118180410MS_i_1.tif" id="ImgLink-1" />
<caption>Location of project test wells in Eddy County, New Mexico. Left, Eddy County is circled; right, a detailed map of Eddy County with the upper purple square showing the location of Millman Field, and the lower green inset square showing the location of Cedar Hills.</caption>
<formatted-caption>
<caption-label>Figure</caption-label>
<caption-order>1</caption-order>
<caption-text>Location of project test wells in Eddy County, New Mexico. Left, Eddy County is circled; right, a detailed map of Eddy County with the upper purple square showing the location of Millman Field, and the lower green inset square showing the location of Cedar Hills.</caption-text>
</formatted-caption>
</image-wrap>
</linkTarget>
</appendix>
</docFigure>
<docFigure pdf-page="4" figure-order="2" data-type-order="2">
<link href="link-2" type="image" />
<appendix>
<linkTarget id="link-2" type="image">
<anchoringText id="Ancr8">With the history match in place it became possible to forward predict models. A single well model for lateral efficiency prediction was developed; Figure 2 shows the lateral patterns that were simulated and Figure 3 is a side view of those layers. The purpose of these models was to establish the theoretically optimal number of laterals to stimulate the formation. Layer 4 was chosen as the target layer for lateral stimulation, as it is sandstone and had the highest potential for residual oil.</anchoringText>
<image-wrap id="102118180410MS-Img_SPi-2">
<label>Figure 2 </label>
<imageLink type="mediaResource" href="102118180410MS_i_2.tif" id="ImgLink-2" />
<caption>Lateral geometries used to test for impact of number of laterals per stimulated interval.</caption>
<formatted-caption>
<caption-label>Figure</caption-label>
<caption-order>2</caption-order>
<caption-text>Lateral geometries used to test for impact of number of laterals per stimulated interval.</caption-text>
</formatted-caption>
</image-wrap>
</linkTarget>
</appendix>
</docFigure>
<docFigure pdf-page="4" figure-order="3" data-type-order="3">
<link href="link-3" type="image" />
<appendix>
<linkTarget id="link-3" type="image">
<anchoringText id="Ancr9">With the history match in place it became possible to forward predict models. A single well model for lateral efficiency prediction was developed; Figure 2 shows the lateral patterns that were simulated and Figure 3 is a side view of those layers. The purpose of these models was to establish the theoretically optimal number of laterals to stimulate the formation. Layer 4 was chosen as the target layer for lateral stimulation, as it is sandstone and had the highest potential for residual oil.</anchoringText>
<image-wrap id="102118180410MS-Img_SPi-3">
<label>Figure 3 </label>
<imageLink type="mediaResource" href="102118180410MS_i_3.tif" id="ImgLink-3" />
<caption>Side view of layers in simulation models. Layer 4 was selected for restimulation tests.</caption>
<formatted-caption>
<caption-label>Figure</caption-label>
<caption-order>3</caption-order>
<caption-text>Side view of layers in simulation models. Layer 4 was selected for restimulation tests.</caption-text>
</formatted-caption>
</image-wrap>
</linkTarget>
</appendix>
</docFigure>
<docFigure composite="true" composite-count="2" pdf-page="6" figure-order="4" data-type-order="6">
<link href="link-4" type="image" />
<appendix>
<linkTarget id="link-4" type="image">
<anchoringText id="Ancr10">The DataLogger was designed and implemented to be as simple and small as possible by choosing small chip-based accelerometers, a microcontroller, memory chip, and batteries. The final design version contains only three chips, one lithium battery (CR1025), and two capacitors. Figure 4 shows the configuration of the DataLogger and a bench testing implementation inside an appropriately sized shell.</anchoringText>
<image-wrap id="102118180410MS-Img_SPi-4">
<label>Figure 4 </label>
<imageLink type="mediaResource" href="102118180410MS_i_4.tif" id="ImgLink-4" />
<caption>DataLogger conceptual model and implementation. Left, basic schematic showing interactions between the microcontroller, accelerometer, and flash memory. Right, an implementation in a sized casing used for bench scale testing.</caption>
<formatted-caption>
<caption-label>Figure</caption-label>
<caption-order>4</caption-order>
<caption-text>DataLogger conceptual model and implementation. Left, basic schematic showing interactions between the microcontroller, accelerometer, and flash memory. Right, an implementation in a sized casing used for bench scale testing.</caption-text>
</formatted-caption>
</image-wrap>
<image-wrap id="102118180410MS-Img_SPi-4a">
<imageLink type="mediaResource" href="102118180410MS_i_4a.tif" id="ImgLink-4a" />
<figure-specific-caption>
<caption-order>left</caption-order>
<caption-text>DataLogger conceptual model and implementation.</caption-text>
</figure-specific-caption>
</image-wrap>
<image-wrap id="102118180410MS-Img_SPi-4b">
<imageLink type="mediaResource" href="102118180410MS_i_4b.tif" id="ImgLink-4b" />
<figure-specific-caption>
<caption-order>right</caption-order>
<caption-text>basic schematic showing interactions between the microcontroller, accelerometer, and flash memory</caption-text>
</figure-specific-caption>
</image-wrap>
</linkTarget>
</appendix>
</docFigure>
<docFigure pdf-page="7" figure-order="5" data-type-order="7">
<link href="link-5" type="image" />
<appendix>
<linkTarget id="link-5" type="image">
<anchoringText id="Ancr11">The software for the DataLogger consists of two parts: Control software written into program memory inside the microcontroller; and data processing software, which runs on a workstation or laptop PC to process recorded data and compute the path/position by integrating the recorded accelerations. Chip level processes are illustrated in Figure 5; from top to bottom: a battery is attached to the DataLogger, the microprocessor initializes, the accelerometer initializes, the flash memory initializes, an interrupt is set that pauses writing until a change in orientation is measured by the accelerometer, when movement is registered the microprocessor reads data from the accelerometer and writes it to the flash memory.</anchoringText>
<image-wrap id="102118180410MS-Img_SPi-5">
<label>Figure 5 </label>
<imageLink type="mediaResource" href="102118180410MS_i_5.tif" id="ImgLink-5" />
<caption>Chip level flowchart for operating the sensor.</caption>
<formatted-caption>
<caption-label>Figure</caption-label>
<caption-order>5</caption-order>
<caption-text>Chip level flowchart for operating the sensor.</caption-text>
</formatted-caption>
</image-wrap>
</linkTarget>
</appendix>
</docFigure>
<docFigure pdf-page="8" figure-order="6" data-type-order="8">
<link href="link-6" type="image" />
<appendix>
<linkTarget id="link-6" type="image">
<anchoringText id="Ancr12">Some systems allowed the jetting hose to collapse or fold over in the wellbore (Figure 6)</anchoringText>
<image-wrap id="102118180410MS-Img_SPi-6">
<label>Figure 6 </label>
<imageLink type="mediaResource" href="102118180410MS_i_6.tif" id="ImgLink-6" />
<caption>Some jetting systems allow the hose to become balled up above the whipstock, which can lead to a false sense of drilling rate and penetration.</caption>
<formatted-caption>
<caption-label>Figure</caption-label>
<caption-order>6</caption-order>
<caption-text>Some jetting systems allow the hose to become balled up above the whipstock, which can lead to a false sense of drilling rate and penetration.</caption-text>
</formatted-caption>
</image-wrap>
</linkTarget>
</appendix>
</docFigure>
<docFigure pdf-page="9" figure-order="7" data-type-order="9">
<link href="link-7" type="image" />
<appendix>
<linkTarget id="link-7" type="image">
<anchoringText id="Ancr13">Viper Drill is a purely mechanical drilling system that uses a proprietary patent-pending system of interlocking segments that when combined create a flexible drilling string able to make a right turn in a specialized shoe installed in a wellbore (Figures 7-8). The Viper Drill can be deployed on cased or open-hole completed wells.</anchoringText>
<image-wrap id="102118180410MS-Img_SPi-7">
<label>Figure 7 </label>
<imageLink type="mediaResource" href="102118180410MS_i_7.tif" id="ImgLink-7" />
<caption>Viper Drill string being prepared for deployment. Flexibility is demonstrated by natural droop of the string under gravity, while relative stiffness is demonstrated by the straight lower end.</caption>
<formatted-caption>
<caption-label>Figure</caption-label>
<caption-order>7</caption-order>
<caption-text>Viper Drill string being prepared for deployment. Flexibility is demonstrated by natural droop of the string under gravity, while relative stiffness is demonstrated by the straight lower end.</caption-text>
</formatted-caption>
</image-wrap>
</linkTarget>
</appendix>
</docFigure>
<docFigure composite="true" composite-count="2" pdf-page="9" figure-order="8" data-type-order="10">
<link href="link-8" type="image" />
<appendix>
<linkTarget id="link-8" type="image">
<anchoringText id="Ancr14">Viper Drill is a purely mechanical drilling system that uses a proprietary patent-pending system of interlocking segments that when combined create a flexible drilling string able to make a right turn in a specialized shoe installed in a wellbore (Figures 7-8). The Viper Drill can be deployed on cased or open-hole completed wells.</anchoringText>
<image-wrap id="102118180410MS-Img_SPi-8">
<label>Figure 8 </label>
<imageLink type="mediaResource" href="102118180410MS_i_8.tif" id="ImgLink-8" />
<caption>Left, casing shoe; right, casing shoe open, showing casing cutter.</caption>
<formatted-caption>
<caption-label>Figure</caption-label>
<caption-order>8</caption-order>
<caption-text>Left, casing shoe; right, casing shoe open, showing casing cutter.</caption-text>
</formatted-caption>
</image-wrap>
<image-wrap id="102118180410MS-Img_SPi-8a">
<imageLink type="mediaResource" href="102118180410MS_i_8a.tif" id="ImgLink-8a" />
<figure-specific-caption>
<caption-order>left</caption-order>
<caption-text>casing shoe;</caption-text>
</figure-specific-caption>
</image-wrap>
<image-wrap id="102118180410MS-Img_SPi-8b">
<imageLink type="mediaResource" href="102118180410MS_i_8b.tif" id="ImgLink-8b" />
<figure-specific-caption>
<caption-order>right</caption-order>
<caption-text>casing shoe open, showing casing cutter</caption-text>
</figure-specific-caption>
</image-wrap>
</linkTarget>
</appendix>
</docFigure>
<docFigure composite="true" composite-count="2" pdf-page="9" figure-order="9" data-type-order="11">
<link href="link-9" type="image" />
<appendix>
<linkTarget id="link-9" type="image">
<anchoringText id="Ancr15">The Viper Drill can be deployed on cased or open-hole completed wells. On cased wells, a casing milling bit is first used to form a hole in the casing; then the coiled tubing is pulled and the drill string is attached for the formation drilling process. The Viper Drill can drill out at 90° from 5.5 in. or larger casing, and at higher angles from smaller casing. This allows its use in the majority of mature stripper wells in the USA. The Viper Drill then creates a hole in the pay zone by utilizing a rotating, mechanical drill bit on the end of the Viper Drill string (Figure 9).</anchoringText>
<image-wrap id="102118180410MS-Img_SPi-9">
<label>Figure 9 </label>
<imageLink type="mediaResource" href="102118180410MS_i_9.tif" id="ImgLink-9" />
<caption>Left, Viper Drill’s patent-pending cutting head. Right, resulting hole in a Berea sandstone core.</caption>
<formatted-caption>
<caption-label>Figure</caption-label>
<caption-order>9</caption-order>
<caption-text>Left, Viper Drill’s patent-pending cutting head. Right, resulting hole in a Berea sandstone core.</caption-text>
</formatted-caption>
</image-wrap>
<image-wrap id="102118180410MS-Img_SPi-9a">
<imageLink type="mediaResource" href="102118180410MS_i_9a.tif" id="ImgLink-9a" />
<figure-specific-caption>
<caption-order>left</caption-order>
<caption-text> Viper Drill’s patent-pending cutting head.</caption-text>
</figure-specific-caption>
</image-wrap>
<image-wrap id="102118180410MS-Img_SPi-9b">
<imageLink type="mediaResource" href="102118180410MS_i_9b.tif" id="ImgLink-9b" />
<figure-specific-caption>
<caption-order>right</caption-order>
<caption-text>resulting hole in a Berea sandstone core</caption-text>
</figure-specific-caption>
</image-wrap>
</linkTarget>
</appendix>
</docFigure>
<docFigure composite="true" composite-count="2" pdf-page="12" figure-order="10" data-type-order="13">
<link href="link-10" type="image" />
<appendix>
<linkTarget id="link-10" type="image">
<anchoringText id="Ancr16">Early in the workover of the well, problems with the surface equipment arose. While the casing and cement drilling string performed flawlessly, some unexpected issues arose with the formation drilling-string and probe tool-strings. For example, on the first run of the formation drilling tool the drilling head was lost in the lateral due to stick-slips. The project also experienced problems with the initial probe that conveyed the sensor (Figure 10).</anchoringText>
<image-wrap id="102118180410MS-Img_SPi-10">
<label>Figure 10 </label>
<imageLink type="mediaResource" href="102118180410MS_i_10.tif" id="ImgLink-10" />
<caption>Left, initial sensor package sized to fit the sensor and fit through the shoe. Right, sensor package deployed on the end of a rubber jet hose.</caption>
<formatted-caption>
<caption-label>Figure</caption-label>
<caption-order>10</caption-order>
<caption-text>Left, initial sensor package sized to fit the sensor and fit through the shoe. Right, sensor package deployed on the end of a rubber jet hose.</caption-text>
</formatted-caption>
</image-wrap>
<image-wrap id="102118180410MS-Img_SPi-10a">
<imageLink type="mediaResource" href="102118180410MS_i_10a.tif" id="ImgLink-10a" />
<figure-specific-caption>
<caption-order>left</caption-order>
<caption-text>initial sensor package sized to fit the sensor and fit through the shoe.</caption-text>
</figure-specific-caption>
</image-wrap>
<image-wrap id="102118180410MS-Img_SPi-10b">
<imageLink type="mediaResource" href="102118180410MS_i_10b.tif" id="ImgLink-10b" />
<figure-specific-caption>
<caption-order>right</caption-order>
<caption-text>sensor package deployed on the end of a rubber jet hose.</caption-text>
</figure-specific-caption>
</image-wrap>
</linkTarget>
</appendix>
</docFigure>
<docFigure pdf-page="13" figure-order="11" data-type-order="14">
<link href="link-11" type="image" />
<appendix>
<linkTarget id="link-11" type="image">
<anchoringText id="Ancr17">The probe was designed to use a jet hose and while the probe had been successfully tested at bench scale, in the field, the crew had problems getting it to transition through the tight “J-path” of the downhole whipstock. A new sensor probe (Figure 11) was designed to deploy on the end of the Viper Drill string and ran successfully on all subsequent downhole probe runs.</anchoringText>
<image-wrap id="102118180410MS-Img_SPi-11">
<label>Figure 11 </label>
<imageLink type="mediaResource" href="102118180410MS_i_11.tif" id="ImgLink-11" />
<caption>New sensor package designed to deploy in place of the bit on the Viper Drill.</caption>
<formatted-caption>
<caption-label>Figure</caption-label>
<caption-order>11</caption-order>
<caption-text>New sensor package designed to deploy in place of the bit on the Viper Drill.</caption-text>
</formatted-caption>
</image-wrap>
</linkTarget>
</appendix>
</docFigure>
<docFigure pdf-page="15" figure-order="12" data-type-order="16">
<link href="link-12" type="image" />
<appendix>
<linkTarget id="link-12" type="image">
<anchoringText id="Ancr18">After the initial set of field tests at the Barbie#3, a second generation DataLogger was developed for the Federal 00 #3 test, in part due to much longer trip times in the deeper well, and also due to continuing development of chips used in the design of the DataLogger which also allowed the inclusion of a gyroscope and compass to the data stream. Figure 12 shows the schematic of the new DataLogger designed with the upgraded Main Processor (MPU-9250), accelerometer (PICLF1825) and larger flash memory (IS25LP128).</anchoringText>
<image-wrap id="102118180410MS-Img_SPi-12">
<label>Figure 12 </label>
<imageLink type="mediaResource" href="102118180410MS_i_12.tif" id="ImgLink-12" />
<caption>Schematic of the improved DataLogger.</caption>
<formatted-caption>
<caption-label>Figure</caption-label>
<caption-order>12</caption-order>
<caption-text>Schematic of the improved DataLogger.</caption-text>
</formatted-caption>
</image-wrap>
</linkTarget>
</appendix>
</docFigure>
<docFigure composite="true" composite-count="2" pdf-page="15" figure-order="13" data-type-order="17">
<link href="link-13" type="image" />
<appendix>
<linkTarget id="link-13" type="image">
<anchoringText id="Ancr19">The new DataLogger has three layers: A battery (CR1632 140mAh), the MPU-9250 Breakout, and a small PCB with the MCU and accelerometer chips. The system is constructed in the lab, with the exception of the battery, which is soldered on immediately before deployment. Figure 13 shows images of a DataLogger used in field tests at the Federal 00 #003.</anchoringText>
<image-wrap id="102118180410MS-Img_SPi-13">
<label>Figure 13 </label>
<imageLink type="mediaResource" href="102118180410MS_i_13.tif" id="ImgLink-13" />
<caption>Left, side view of the improved DataLogger, the MPU-9250 breakout and CR1632 battery. Right, top view.</caption>
<formatted-caption>
<caption-label>Figure</caption-label>
<caption-order>13</caption-order>
<caption-text>Left, side view of the improved DataLogger, the MPU-9250 breakout and CR1632 battery. Right, top view.</caption-text>
</formatted-caption>
</image-wrap>
<image-wrap id="102118180410MS-Img_SPi-13a">
<imageLink type="mediaResource" href="102118180410MS_i_13a.tif" id="ImgLink-13a" />
<figure-specific-caption>
<caption-order>left</caption-order>
<caption-text>side view of the improved DataLogger, the MPU-9250 breakout and CR1632 battery.</caption-text>
</figure-specific-caption>
</image-wrap>
<image-wrap id="102118180410MS-Img_SPi-13b">
<imageLink type="mediaResource" href="102118180410MS_i_13b.tif" id="ImgLink-13b" />
<figure-specific-caption>
<caption-order>right</caption-order>
<caption-text>top view.</caption-text>
</figure-specific-caption>
</image-wrap>
</linkTarget>
</appendix>
</docFigure>
<docFigure pdf-page="16" figure-order="14" data-type-order="18">
<link href="link-14" type="image" />
<appendix>
<linkTarget id="link-14" type="image">
<anchoringText id="Ancr20">In order to compute the length of a lateral, it must be known when the DataLogger enters the shoe, when it turns into the lateral, when it reaches the end of the lateral and each path component (x, y, z) as it is pulled back out. To easily identify the each position, a test procedure was established. This procedure is illustrated on a recording of raw gravity curves in Figure 14.Figure 15 shows a zoomed-in view of the data in Figure 14.</anchoringText>
<image-wrap id="102118180410MS-Img_SPi-14">
<label>Figure 14 </label>
<imageLink type="mediaResource" href="102118180410MS_i_14.tif" id="ImgLink-14" />
<caption>A full record of a sensor run that includes four trips in and out of the lateral. The green track is the Z-axis of the accelerometer, the red and blue are X and Y axes respectively. From left to right, record begins during the trip down the well, stops above the shoe, records four measurements in and out of the lateral, stops above the shoe, and is pulled out of the well.</caption>
<formatted-caption>
<caption-label>Figure</caption-label>
<caption-order>14</caption-order>
<caption-text>A full record of a sensor run that includes four trips in and out of the lateral. The green track is the Z-axis of the accelerometer, the red and blue are X and Y axes respectively. From left to right, record begins during the trip down the well, stops above the shoe, records four measurements in and out of the lateral, stops above the shoe, and is pulled out of the well.</caption-text>
</formatted-caption>
</image-wrap>
</linkTarget>
</appendix>
</docFigure>
<docFigure pdf-page="16" figure-order="15" data-type-order="19">
<link href="link-15" type="image" />
<appendix>
<linkTarget id="link-15" type="image">
<anchoringText id="Ancr21">In order to compute the length of a lateral, it must be known when the DataLogger enters the shoe, when it turns into the lateral, when it reaches the end of the lateral and each path component (x, y, z) as it is pulled back out. To easily identify the each position, a test procedure was established. This procedure is illustrated on a recording of raw gravity curves in Figure 14.Figure 15 shows a zoomed-in view of the data in Figure 14.</anchoringText>
<image-wrap id="102118180410MS-Img_SPi-15">
<label>Figure 15 </label>
<imageLink type="mediaResource" href="102118180410MS_i_15.tif" id="ImgLink-15" />
<caption>Zoomed portion focusing on the fourth test run shown in Figure 14. It can clearly be seen when the sensor turns from vertical to horizontal and when the sensor is stationary or moving.</caption>
<formatted-caption>
<caption-label>Figure</caption-label>
<caption-order>15</caption-order>
<caption-text>Zoomed portion focusing on the fourth test run shown in <link href="102118180410MS-Img_SPi-14">Figure 14</link>. It can clearly be seen when the sensor turns from vertical to horizontal and when the sensor is stationary or moving.</caption-text>
</formatted-caption>
</image-wrap>
</linkTarget>
</appendix>
</docFigure>
<docFigure pdf-page="18" figure-order="16" data-type-order="22">
<link href="link-16" type="image" />
<appendix>
<linkTarget id="link-16" type="image">
<anchoringText id="Ancr22">In total for the fourth test run shown in Figure 15, from time: 2509.0 seconds to 2545.0 seconds, 26 seconds of data were recorded during which time the DataLogger traveled through the lateral horizontally (31.5 ft) then turned into the shoe, and was pulled out vertically, stopping at 30 ft above the lateral. Tabulated data for Barbie #3 tests, and Federal 00 #3 tests are shown in Tables 5 and 6, and the track of the mapped lateral is shown in Figure 16.</anchoringText>
<image-wrap id="102118180410MS-Img_SPi-16">
<label>Figure 16 </label>
<imageLink type="mediaResource" href="102118180410MS_i_16.tif" id="ImgLink-16" />
<caption>Visualization of the computed track of fourth test run using data shown in Figure 15.</caption>
<formatted-caption>
<caption-label>Figure</caption-label>
<caption-order>16</caption-order>
<caption-text>Visualization of the computed track of fourth test run using data shown in <link href="102118180410MS-Img_SPi-15">Figure 15</link>.</caption-text>
</formatted-caption>
</image-wrap>
</linkTarget>
</appendix>
</docFigure>
</docFigureList>
</docTables>