<?xml version="1.0" encoding="utf-8"?>
<docTables>
<docMetaData inputFile="102118179821MS.txt" extractionDate="2021-03-18T19:49:36Z">
<doi>10.2118/179821-MS</doi>
<pii>10.2118/179821-MS</pii>
<publisher>SPE_Society_of_Petroleum_Engineers</publisher>
</docMetaData>
<docFigureList>
<docFigure pdf-page="2" figure-order="1" data-type-order="1">
<link href="link-1" type="image" />
<appendix>
<linkTarget id="link-1" type="image">
<anchoringText id="Ancr1">A polymer flood in Bhagyam would limit polymer injection to the oil leg. This would promote sweep within a closer well spacing and avoid the loss of polymer to the aquifer. This is a change from the current process which uses peripheral injection. Two producers, B-113 and B-118, were selected as polymer injectivity test candidates as they were positioned in the central part of field forming a 5 spot pattern with the surrounding wells representative of the field water cut (Fig. 2).</anchoringText>
<image-wrap id="102118179821MS-Img_SPi-1">
<label>Figure 1 </label>
<imageLink type="mediaResource" href="102118179821MS_i_1.tif" id="ImgLink-1" />
<caption>Bhagyam – Field Production Performance</caption>
<formatted-caption>
<caption-label>Figure</caption-label>
<caption-order>1</caption-order>
<caption-text>Bhagyam – Field Production Performance</caption-text>
</formatted-caption>
</image-wrap>
</linkTarget>
</appendix>
</docFigure>
<docFigure pdf-page="4" figure-order="2" data-type-order="2">
<link href="link-2" type="image" />
<appendix>
<linkTarget id="link-2" type="image">
<anchoringText id="Ancr2"> </anchoringText>
<image-wrap id="102118179821MS-Img_SPi-2">
<label>Figure 2 </label>
<imageLink type="mediaResource" href="102118179821MS_i_2.tif" id="ImgLink-2" />
<caption>Well Locations</caption>
<formatted-caption>
<caption-label>Figure</caption-label>
<caption-order>2</caption-order>
<caption-text>Well Locations</caption-text>
</formatted-caption>
</image-wrap>
</linkTarget>
</appendix>
</docFigure>
<docFigure pdf-page="4" figure-order="3" data-type-order="3">
<link href="link-3" type="image" />
<appendix>
<linkTarget id="link-3" type="image">
<anchoringText id="Ancr3">The surface facility was designed to give priority to high water quality, good provisions for sampling and the ability to verify the quality of the injection fluid. A provision was made to inject at temperatures above the wax appearance temperature in order to mitigate the risk of near wellbore wax drop-out. Some of the salient features of the surface set up were (Fig. 3)</anchoringText>
<image-wrap id="102118179821MS-Img_SPi-3">
<label>Figure 3 </label>
<imageLink type="mediaResource" href="102118179821MS_i_3.tif" id="ImgLink-3" />
<caption>Major components of the Surface Facility</caption>
<formatted-caption>
<caption-label>Figure</caption-label>
<caption-order>3</caption-order>
<caption-text>Major components of the Surface Facility</caption-text>
</formatted-caption>
</image-wrap>
</linkTarget>
</appendix>
</docFigure>
<docFigure pdf-page="5" figure-order="4" data-type-order="4">
<link href="link-4" type="image" />
<appendix>
<linkTarget id="link-4" type="image">
<anchoringText id="Ancr4"> </anchoringText>
<image-wrap id="102118179821MS-Img_SPi-4">
<label>Figure 4 </label>
<imageLink type="mediaResource" href="102118179821MS_i_4.tif" id="ImgLink-4" />
<caption>B-113 – Well Log and Completion Schematic</caption>
<formatted-caption>
<caption-label>Figure</caption-label>
<caption-order>4</caption-order>
<caption-text>B-113 – Well Log and Completion Schematic</caption-text>
</formatted-caption>
</image-wrap>
</linkTarget>
</appendix>
</docFigure>
<docFigure pdf-page="6" figure-order="5" data-type-order="5">
<link href="link-5" type="image" />
<appendix>
<linkTarget id="link-5" type="image">
<anchoringText id="Ancr5"> </anchoringText>
<image-wrap id="102118179821MS-Img_SPi-5">
<label>Figure 5 </label>
<imageLink type="mediaResource" href="102118179821MS_i_5.tif" id="ImgLink-5" />
<caption>Water phase-Injection History</caption>
<formatted-caption>
<caption-label>Figure</caption-label>
<caption-order>5</caption-order>
<caption-text>Water phase-Injection History</caption-text>
</formatted-caption>
</image-wrap>
</linkTarget>
</appendix>
</docFigure>
<docFigure pdf-page="6" figure-order="6" data-type-order="6">
<link href="link-6" type="image" />
<appendix>
<linkTarget id="link-6" type="image">
<anchoringText id="Ancr6">Water Phase Initial injectivity in B-113 was zero, after which several attempts were made to increase injectivity as shown in Fig. 6.</anchoringText>
<image-wrap id="102118179821MS-Img_SPi-6">
<label>Figure 6 </label>
<imageLink type="mediaResource" href="102118179821MS_i_6.tif" id="ImgLink-6" />
<caption>Stimulation Attempts</caption>
<formatted-caption>
<caption-label>Figure</caption-label>
<caption-order>6</caption-order>
<caption-text>Stimulation Attempts</caption-text>
</formatted-caption>
</image-wrap>
</linkTarget>
</appendix>
</docFigure>
<docFigure pdf-page="7" figure-order="7" data-type-order="7">
<link href="link-7" type="image" />
<appendix>
<linkTarget id="link-7" type="image">
<anchoringText id="Ancr7">Initially, wax precipitation was suspected, therefore a wellbore clean out with hot water along with xylene-diesel (XD) job was conducted. This improved the injectivity to 4 bpd/psi but with poor conformance as shown below in Fig. 71. Injection was continued for a week and a time lapse production log was recorded which indicated poor conformance.</anchoringText>
<image-wrap id="102118179821MS-Img_SPi-7">
<label>Figure 7 </label>
<imageLink type="mediaResource" href="102118179821MS_i_7.tif" id="ImgLink-7" />
<caption>B-113 – Time lapse production logs (water injection phase) – No significant improvement despite multiple stimulations</caption>
<formatted-caption>
<caption-label>Figure</caption-label>
<caption-order>7</caption-order>
<caption-text>B-113 – Time lapse production logs (water injection phase) – No significant improvement despite multiple stimulations</caption-text>
</formatted-caption>
</image-wrap>
</linkTarget>
</appendix>
</docFigure>
<docFigure pdf-page="8" figure-order="8" data-type-order="8">
<link href="link-8" type="image" />
<appendix>
<linkTarget id="link-8" type="image">
<anchoringText id="Ancr8">Polymer phase Continuous polymer injection was started @1000 bpd, polymer viscosities of 10-15cp observed @1500 ppm concentration, but filter ratios were generally high. The ITHP (injection tubing head pressure) continued to rise steadily at low rates as shown in Fig. 8. Attempts to stimulate the well were made, but no significant change in injectivity was achieved. At higher injection pressures an increase in injectivity was observed, albeit with a poor conformance.</anchoringText>
<image-wrap id="102118179821MS-Img_SPi-8">
<label>Figure 8 </label>
<imageLink type="mediaResource" href="102118179821MS_i_8.tif" id="ImgLink-8" />
<caption>B-113 - Polymer phase-Injection History</caption>
<formatted-caption>
<caption-label>Figure</caption-label>
<caption-order>8</caption-order>
<caption-text>B-113 - Polymer phase-Injection History</caption-text>
</formatted-caption>
</image-wrap>
</linkTarget>
</appendix>
</docFigure>
<docFigure pdf-page="8" figure-order="9" data-type-order="9">
<link href="link-9" type="image" />
<appendix>
<linkTarget id="link-9" type="image">
<anchoringText id="Ancr9">Polymer phase Continuous polymer injection was started @1000 bpd, polymer viscosities of 10-15cp observed @1500 ppm concentration, but filter ratios were generally high. The ITHP (injection tubing head pressure) continued to rise steadily at low rates as shown in Fig. 8. Attempts to stimulate the well were made, but no significant change in injectivity was achieved. At higher injection pressures an increase in injectivity was observed, albeit with a poor conformance. Production logs recorded at higher pressures showed a change in the injection profile, but the conformance was poor (perforations at the top taking most of the injection). At 2000 ppm, viscosities of the order of 25-30 cp (Fig. 9) were observed. The injection was continued for approximately three weeks at 2000 – 3000 bpd during which the ITHP increased to 900 psi. The conformance continued to remain poor throughout the remainder of the test.</anchoringText>
<image-wrap id="102118179821MS-Img_SPi-9">
<label>Figure 9 </label>
<imageLink type="mediaResource" href="102118179821MS_i_9.tif" id="ImgLink-9" />
<caption>B-113 - Polymer concentration Vs Viscosity</caption>
<formatted-caption>
<caption-label>Figure</caption-label>
<caption-order>9</caption-order>
<caption-text>B-113 - Polymer concentration Vs Viscosity</caption-text>
</formatted-caption>
</image-wrap>
</linkTarget>
</appendix>
</docFigure>
<docFigure pdf-page="9" figure-order="10" data-type-order="10">
<link href="link-10" type="image" />
<appendix>
<linkTarget id="link-10" type="image">
<anchoringText id="Ancr10"> </anchoringText>
<image-wrap id="102118179821MS-Img_SPi-10">
<label>Figure 10 </label>
<imageLink type="mediaResource" href="102118179821MS_i_10.tif" id="ImgLink-10" />
<caption>B-118 – Well Log and Completion Schematic</caption>
<formatted-caption>
<caption-label>Figure</caption-label>
<caption-order>10</caption-order>
<caption-text>B-118 – Well Log and Completion Schematic</caption-text>
</formatted-caption>
</image-wrap>
</linkTarget>
</appendix>
</docFigure>
<docFigure pdf-page="9" figure-order="11" data-type-order="11">
<link href="link-11" type="image" />
<appendix>
<linkTarget id="link-11" type="image">
<anchoringText id="Ancr11"> </anchoringText>
<image-wrap id="102118179821MS-Img_SPi-11">
<label>Figure 11 </label>
<imageLink type="mediaResource" href="102118179821MS_i_11.tif" id="ImgLink-11" />
<caption>B-118 – Summary – Water Injection Phase</caption>
<formatted-caption>
<caption-label>Figure</caption-label>
<caption-order>11</caption-order>
<caption-text>B-118 – Summary – Water Injection Phase</caption-text>
</formatted-caption>
</image-wrap>
</linkTarget>
</appendix>
</docFigure>
<docFigure pdf-page="10" figure-order="12" data-type-order="12">
<link href="link-12" type="image" />
<appendix>
<linkTarget id="link-12" type="image">
<anchoringText id="Ancr12"> </anchoringText>
<image-wrap id="102118179821MS-Img_SPi-12">
<label>Figure 12 </label>
<imageLink type="mediaResource" href="102118179821MS_i_12.tif" id="ImgLink-12" />
<caption>B-118 - Water phase-Injection History</caption>
<formatted-caption>
<caption-label>Figure</caption-label>
<caption-order>12</caption-order>
<caption-text>B-118 - Water phase-Injection History</caption-text>
</formatted-caption>
</image-wrap>
</linkTarget>
</appendix>
</docFigure>
<docFigure pdf-page="10" figure-order="13" data-type-order="13">
<link href="link-13" type="image" />
<appendix>
<linkTarget id="link-13" type="image">
<anchoringText id="Ancr13">After pre-production, the initial injectivity results of B-118 were encouraging when compared to B-113. The production log showed a good conformance which is attributed to preproduction flowback. A baseline IFO survey was also recorded as shown in Fig. 13.</anchoringText>
<image-wrap id="102118179821MS-Img_SPi-13">
<label>Figure 13 </label>
<imageLink type="mediaResource" href="102118179821MS_i_13.tif" id="ImgLink-13" />
<caption>Comparison of B-118 &amp; B-113 injection log-Water phase</caption>
<formatted-caption>
<caption-label>Figure</caption-label>
<caption-order>13</caption-order>
<caption-text>Comparison of B-118 &amp; B-113 injection log-Water phase</caption-text>
</formatted-caption>
</image-wrap>
</linkTarget>
</appendix>
</docFigure>
<docFigure pdf-page="11" figure-order="14" data-type-order="14">
<link href="link-14" type="image" />
<appendix>
<linkTarget id="link-14" type="image">
<anchoringText id="Ancr14"> </anchoringText>
<image-wrap id="102118179821MS-Img_SPi-14">
<label>Figure 14 </label>
<imageLink type="mediaResource" href="102118179821MS_i_14.tif" id="ImgLink-14" />
<caption>B-118 - Polymer Phase-Injection History along with Concentration-viscosity curve</caption>
<formatted-caption>
<caption-label>Figure</caption-label>
<caption-order>14</caption-order>
<caption-text>B-118 - Polymer Phase-Injection History along with Concentration-viscosity curve</caption-text>
</formatted-caption>
</image-wrap>
</linkTarget>
</appendix>
</docFigure>
<docFigure pdf-page="12" figure-order="15" data-type-order="15">
<link href="link-15" type="image" />
<appendix>
<linkTarget id="link-15" type="image">
<anchoringText id="Ancr15">A local grid refinement level of (1/9th grid size of original grid size in X and Y direction) enabled capturing polymer rheological properties. Certain perforations were closed that were known to be non-contibuting based on the interpreted production log (reference Fig. 15). Fig. 27 presents plot of final match of model well head injection pressure against the actual well head injection pressure.</anchoringText>
<image-wrap id="102118179821MS-Img_SPi-15">
<label>Figure 15 </label>
<imageLink type="mediaResource" href="102118179821MS_i_15.tif" id="ImgLink-15" />
<caption>Polymer phase injection profiles</caption>
<formatted-caption>
<caption-label>Figure</caption-label>
<caption-order>15</caption-order>
<caption-text>Polymer phase injection profiles</caption-text>
</formatted-caption>
</image-wrap>
</linkTarget>
</appendix>
</docFigure>
<docFigure pdf-page="12" figure-order="16" data-type-order="16">
<link href="link-16" type="image" />
<appendix>
<linkTarget id="link-16" type="image">
<anchoringText id="Ancr16"> </anchoringText>
<image-wrap id="102118179821MS-Img_SPi-16">
<label>Figure 16 </label>
<imageLink type="mediaResource" href="102118179821MS_i_16.tif" id="ImgLink-16" />
<caption>Distinct change in derivative plot of B-113 and B-118: indicating higher “kh’ and corresponding better injectivity in B-118 when compared to B-113.</caption>
<formatted-caption>
<caption-label>Figure</caption-label>
<caption-order>16</caption-order>
<caption-text>Distinct change in derivative plot of B-113 and B-118: indicating higher “kh’ and corresponding better injectivity in B-118 when compared to B-113.</caption-text>
</formatted-caption>
</image-wrap>
</linkTarget>
</appendix>
</docFigure>
<docFigure pdf-page="13" figure-order="17" data-type-order="17">
<link href="link-17" type="image" />
<appendix>
<linkTarget id="link-17" type="image">
<anchoringText id="Ancr17"> </anchoringText>
<image-wrap id="102118179821MS-Img_SPi-17">
<label>Figure 17 </label>
<imageLink type="mediaResource" href="102118179821MS_i_17.tif" id="ImgLink-17" />
<caption>B-118 IFO during polymer phase - Good indication of resistance build up can be inferred from the IFO’s during polymer phase compared to water phase.</caption>
<formatted-caption>
<caption-label>Figure</caption-label>
<caption-order>17</caption-order>
<caption-text>B-118 IFO during polymer phase - Good indication of resistance build up can be inferred from the IFO’s during polymer phase compared to water phase.</caption-text>
</formatted-caption>
</image-wrap>
</linkTarget>
</appendix>
</docFigure>
<docFigure pdf-page="13" figure-order="18" data-type-order="18">
<link href="link-18" type="image" />
<appendix>
<linkTarget id="link-18" type="image">
<anchoringText id="Ancr18">Although this test was not completely confined (in flux), the nearby producers were tested frequently to assess for any impact due to injection. All producers surrounding B-118 indicated a directionally positive response, albeit for B-144 where-in a distinct response was observed in oil rate and water cut (Fig. 18 and Fig. 19).</anchoringText>
<image-wrap id="102118179821MS-Img_SPi-18">
<label>Figure 18 </label>
<imageLink type="mediaResource" href="102118179821MS_i_18.tif" id="ImgLink-18" />
<caption>Combined response of all the nearby producers to B-118</caption>
<formatted-caption>
<caption-label>Figure</caption-label>
<caption-order>18</caption-order>
<caption-text>Combined response of all the nearby producers to B-118</caption-text>
</formatted-caption>
</image-wrap>
</linkTarget>
</appendix>
</docFigure>
<docFigure pdf-page="13" figure-order="19" data-type-order="19">
<link href="link-19" type="image" />
<appendix>
<linkTarget id="link-19" type="image">
<anchoringText id="Ancr19">Although this test was not completely confined (in flux), the nearby producers were tested frequently to assess for any impact due to injection. All producers surrounding B-118 indicated a directionally positive response, albeit for B-144 where-in a distinct response was observed in oil rate and water cut (Fig. 18 and Fig. 19).</anchoringText>
<image-wrap id="102118179821MS-Img_SPi-19">
<label>Figure 19 </label>
<imageLink type="mediaResource" href="102118179821MS_i_19.tif" id="ImgLink-19" />
<caption>B-144 quick positive response to polymer flood, WOR has dropped significantly from 6 to 3</caption>
<formatted-caption>
<caption-label>Figure</caption-label>
<caption-order>19</caption-order>
<caption-text>B-144 quick positive response to polymer flood, WOR has dropped significantly from 6 to 3</caption-text>
</formatted-caption>
</image-wrap>
</linkTarget>
</appendix>
</docFigure>
<docFigure pdf-page="14" figure-order="20" data-type-order="20">
<link href="link-20" type="image" />
<appendix>
<linkTarget id="link-20" type="image">
<anchoringText id="Ancr20"> </anchoringText>
<image-wrap id="102118179821MS-Img_SPi-20">
<label>Figure 20 </label>
<imageLink type="mediaResource" href="102118179821MS_i_20.tif" id="ImgLink-20" />
<caption>Water quality measurement (Fe/Oil in water/TSS content)</caption>
<formatted-caption>
<caption-label>Figure</caption-label>
<caption-order>20</caption-order>
<caption-text>Water quality measurement (Fe/Oil in water/TSS content)</caption-text>
</formatted-caption>
</image-wrap>
</linkTarget>
</appendix>
</docFigure>
<docFigure pdf-page="15" figure-order="21" data-type-order="21">
<link href="link-21" type="image" />
<appendix>
<linkTarget id="link-21" type="image">
<anchoringText id="Ancr21"> </anchoringText>
<image-wrap id="102118179821MS-Img_SPi-21">
<label>Figure 21 </label>
<imageLink type="mediaResource" href="102118179821MS_i_21.tif" id="ImgLink-21" />
<caption>Special sampler in Lab</caption>
<formatted-caption>
<caption-label>Figure</caption-label>
<caption-order>21</caption-order>
<caption-text>Special sampler in Lab</caption-text>
</formatted-caption>
</image-wrap>
</linkTarget>
</appendix>
</docFigure>
<docFigure pdf-page="15" figure-order="22" data-type-order="22">
<link href="link-22" type="image" />
<appendix>
<linkTarget id="link-22" type="image">
<anchoringText id="Ancr22"> </anchoringText>
<image-wrap id="102118179821MS-Img_SPi-22">
<label>Figure 22 </label>
<imageLink type="mediaResource" href="102118179821MS_i_22.tif" id="ImgLink-22" />
<caption>Sample data for Viscometer</caption>
<formatted-caption>
<caption-label>Figure</caption-label>
<caption-order>22</caption-order>
<caption-text>Sample data for Viscometer</caption-text>
</formatted-caption>
</image-wrap>
</linkTarget>
</appendix>
</docFigure>
<docFigure pdf-page="16" figure-order="23" data-type-order="23">
<link href="link-23" type="image" />
<appendix>
<linkTarget id="link-23" type="image">
<anchoringText id="Ancr23">There is significant variation in oil viscosity with depth in Bhagyam field; it varies from ~15 cp at crest to ~500 cp at the oil water contact. In order to capture this viscosity variation in the simulation model (Fig. 23), three oil components (Heavy oil, Light oil and Solution gas) were defined and the mole fractions of the oil components were varied with depth.</anchoringText>
<image-wrap id="102118179821MS-Img_SPi-23">
<label>Figure 23 </label>
<imageLink type="mediaResource" href="102118179821MS_i_23.tif" id="ImgLink-23" />
<caption>Variation of oil viscosity with depth in sector model</caption>
<formatted-caption>
<caption-label>Figure</caption-label>
<caption-order>23</caption-order>
<caption-text>Variation of oil viscosity with depth in sector model</caption-text>
</formatted-caption>
</image-wrap>
</linkTarget>
</appendix>
</docFigure>
<docFigure pdf-page="17" figure-order="24" data-type-order="24">
<link href="link-24" type="image" />
<appendix>
<linkTarget id="link-24" type="image">
<anchoringText id="Ancr24"> </anchoringText>
<image-wrap id="102118179821MS-Img_SPi-24">
<label>Figure 24 </label>
<imageLink type="mediaResource" href="102118179821MS_i_24.tif" id="ImgLink-24" />
<caption>Shear thinning modeling in CMG STARS</caption>
<formatted-caption>
<caption-label>Figure</caption-label>
<caption-order>24</caption-order>
<caption-text>Shear thinning modeling in CMG STARS</caption-text>
</formatted-caption>
</image-wrap>
</linkTarget>
</appendix>
</docFigure>
<docFigure pdf-page="18" figure-order="25" data-type-order="25">
<link href="link-25" type="image" />
<appendix>
<linkTarget id="link-25" type="image">
<anchoringText id="Ancr25">The well injectivity would be significantly impacted by the non-newtonian characteristics of the polymer solution in porous media. In order to decide the optimum level of grid refinement to capture this effect, simulation runs were made with different levels of grid refinement around the well B–118 (Fig. 25). In general, well head injection pressure was found to decrease with increase in level of refinement. The calculated fluid velocity in the grid cells increased with increase in level of refinement and hence level of shear thinning of polymer increased. It was observed that 1/9th refinement of grid size and 1/11th refinement of grid size produced similar results, hence, 1/9th grid size was taken as the optimum level of grid refinement for this case.</anchoringText>
<image-wrap id="102118179821MS-Img_SPi-25">
<label>Figure 25 </label>
<imageLink type="mediaResource" href="102118179821MS_i_25.tif" id="ImgLink-25" />
<caption>Effect of grid size refinement on model well head injection pressure</caption>
<formatted-caption>
<caption-label>Figure</caption-label>
<caption-order>25</caption-order>
<caption-text>Effect of grid size refinement on model well head injection pressure</caption-text>
</formatted-caption>
</image-wrap>
</linkTarget>
</appendix>
</docFigure>
<docFigure pdf-page="18" figure-order="26" data-type-order="26">
<link href="link-26" type="image" />
<appendix>
<linkTarget id="link-26" type="image">
<anchoringText id="Ancr26">During initial injection period, well head injection pressure at 1/3rd grid refinement was found to be higher than well head injection pressure with no refinement (Fig. 26). This behavior was observed as the level of polymer dilution in a coarser grid is greater than that in a refined grid during the initial injection period.</anchoringText>
<image-wrap id="102118179821MS-Img_SPi-26">
<label>Figure 26 </label>
<imageLink type="mediaResource" href="102118179821MS_i_26.tif" id="ImgLink-26" />
<caption>Effect of grid size refinement on early time injection pressure</caption>
<formatted-caption>
<caption-label>Figure</caption-label>
<caption-order>26</caption-order>
<caption-text>Effect of grid size refinement on early time injection pressure</caption-text>
</formatted-caption>
</image-wrap>
</linkTarget>
</appendix>
</docFigure>
<docFigure pdf-page="19" figure-order="27" data-type-order="27">
<link href="link-27" type="image" />
<appendix>
<linkTarget id="link-27" type="image">
<anchoringText id="Ancr27">A local grid refinement level of (1/9th grid size of original grid size in X and Y direction) enabled capturing polymer rheological properties. Certain perforations were closed that were known to be non-contibuting based on the interpreted production log (reference Fig. 15). Fig. 27 presents plot of final match of model well head injection pressure against the actual well head injection pressure.</anchoringText>
<image-wrap id="102118179821MS-Img_SPi-27">
<label>Figure 27 </label>
<imageLink type="mediaResource" href="102118179821MS_i_27.tif" id="ImgLink-27" />
<caption>Model well head injection pressure and measured well head injection pressure match</caption>
<formatted-caption>
<caption-label>Figure</caption-label>
<caption-order>27</caption-order>
<caption-text>Model well head injection pressure and measured well head injection pressure match</caption-text>
</formatted-caption>
</image-wrap>
</linkTarget>
</appendix>
</docFigure>
</docFigureList>
</docTables>