<?xml version="1.0" encoding="utf-8"?>
<docTables>
<docMetaData inputFile="102118178878MS.txt" extractionDate="2021-03-20T15:04:03Z">
<doi>10.2118/178878-MS</doi>
<pii>10.2118/178878-MS</pii>
<publisher>SPE_Society_of_Petroleum_Engineers</publisher>
</docMetaData>
<docTableList>
<docTable pdf-page="4" table-order="1" data-type-order="4">
<table-wrap id="102118178878MS-tblwrp-1" content-type="structured">
<anchoringText id="Ancr1">Wells to be used as part of the extended well testing were a mix of existing exploration and newly drilled dedicated extended well test appraisal wells. The base well design for Kenya exploration wells used the casing configuration in Table 1 below, with 95/8” production casing. Separate concurrent efforts were ongoing to minimize well construction costs and a slimmer well design with 7” production casing was adopted – see Table 2 for this casing configuration.</anchoringText>
<label>Table 1</label>
<caption>Casing configuration for base case well design.</caption>
<formatted-caption>
<caption-label>Table</caption-label>
<caption-order>1</caption-order>
<caption-text>Casing configuration for base case well design.</caption-text>
</formatted-caption>
<table id="102118178878MS-Tbl_SPi-1" frame="hsides">
<thead>
<tr>
<th valign="top" align="center">
<a id="bookmark0">
</a>Size</th>
<th valign="top" align="center">Weight (ppf)</th>
<th valign="top" align="center">Grade</th>
<th valign="top" align="center">ID</th>
<th valign="top" align="center">Type</th>
</tr>
</thead>
<tbody>
<tr>
<td valign="top" align="center">30"</td>
<td valign="top" align="center">310</td>
<td valign="top" align="center">X-52</td>
<td valign="top" align="center">28.000"</td>
<td valign="top" align="center">Cemented</td>
</tr>
<tr>
<td valign="top" align="center">20"</td>
<td valign="top" align="center">133</td>
<td valign="top" align="center">X-56</td>
<td valign="top" align="center">19.124"</td>
<td valign="top" align="center">Cemented</td>
</tr>
<tr>
<td valign="top" align="center">13<sup>3</sup>/<sub>8</sub>
</td>
<td valign="top" align="center">68</td>
<td valign="top" align="center">L-80</td>
<td valign="top" align="center">12.415"</td>
<td valign="top" align="center">Cemented</td>
</tr>
<tr>
<td valign="top" align="center">9<sup>5</sup>/<sub>8</sub>
</td>
<td valign="top" align="center">47</td>
<td valign="top" align="center">L-80</td>
<td valign="top" align="center">8.681"</td>
<td valign="top" align="center">Cemented</td>
</tr>
</tbody>
</table>
</table-wrap>
<appendix />
</docTable>
<docTable pdf-page="4" table-order="2" data-type-order="5">
<table-wrap id="102118178878MS-tblwrp-2" content-type="structured">
<anchoringText id="Ancr2">Wells to be used as part of the extended well testing were a mix of existing exploration and newly drilled dedicated extended well test appraisal wells. The base well design for Kenya exploration wells used the casing configuration in Table 1 below, with 95/8” production casing. Separate concurrent efforts were ongoing to minimize well construction costs and a slimmer well design with 7” production casing was adopted – see Table 2 for this casing configuration.</anchoringText>
<label>Table 2</label>
<caption>Casing configuration for slim well design.</caption>
<formatted-caption>
<caption-label>Table</caption-label>
<caption-order>2</caption-order>
<caption-text>Casing configuration for slim well design.</caption-text>
</formatted-caption>
<table id="102118178878MS-Tbl_SPi-2" frame="hsides">
<thead>
<tr>
<th valign="top" align="center">Size</th>
<th valign="top" align="center">Weight (ppf)</th>
<th valign="top" align="center">Grade</th>
<th valign="top" align="center">ID</th>
<th valign="top" align="center">Type</th>
</tr>
</thead>
<tbody>
<tr>
<td valign="top" align="center">20"</td>
<td valign="top" align="center">94</td>
<td valign="top" align="center">K-55</td>
<td valign="top" align="center">19.124"</td>
<td valign="top" align="center">Cemented</td>
</tr>
<tr>
<td valign="top" align="center">9<sup>5</sup>/<sub>8</sub>"</td>
<td valign="top" align="center">47</td>
<td valign="top" align="center">L-80</td>
<td valign="top" align="center">8.681"</td>
<td valign="top" align="center">Cemented</td>
</tr>
<tr>
<td valign="top" align="center">7"</td>
<td valign="top" align="center">29</td>
<td valign="top" align="center">P-110</td>
<td valign="top" align="center">6.184"</td>
<td valign="top" align="center">Cemented</td>
</tr>
</tbody>
</table>
</table-wrap>
<appendix />
</docTable>
<docTable pdf-page="5" table-order="3" data-type-order="6">
<table-wrap id="102118178878MS-tblwrp-3" content-type="structured">
<anchoringText id="Ancr3">The length of the gross perforation intervals and the separation between zones necessitated the use of multiple firing heads. Table 3 presents a typical perforating gun assembly, as was run in the Amosing field observation well.</anchoringText>
<label>Table 3</label>
<caption>Perforating gun assembly.</caption>
<formatted-caption>
<caption-label>Table</caption-label>
<caption-order>3</caption-order>
<caption-text>Perforating gun assembly.</caption-text>
</formatted-caption>
<table id="102118178878MS-Tbl_SPi-3" frame="hsides">
<thead>
<tr>
<th valign="top" align="center">
<a id="Completion_Fluids">
</a>Completion Zone</th>
<th colspan="2" valign="top" align="center">Amosing Observation Well</th>
</tr>
<tr>
<th valign="top" align="center" />
<th valign="top" align="center">Perforating Gun Gross Interval</th>
<th valign="top" align="center">Perforation Interval Thickness (m)</th>
</tr>
</thead>
<tbody>
<tr>
<td valign="top" align="center">
<b>Zone 1</b>
</td>
<td valign="top" align="center">Gross Gun Interval 1</td>
<td valign="top" align="center">53.7</td>
</tr>
<tr>
<td valign="top" align="center">
</td>
<td valign="top" align="center">Tubing Section</td>
<td valign="top" align="center">
</td>
</tr>
<tr>
<td valign="top" align="center">
<b>Zone 2</b>
</td>
<td valign="top" align="center">Gross Gun Interval 2</td>
<td valign="top" align="center">17.3</td>
</tr>
<tr>
<td valign="top" align="center">
</td>
<td valign="top" align="center">Tubing Section</td>
<td valign="top" align="center">
</td>
</tr>
<tr>
<td valign="top" align="center">
<b>Zone 3</b>
</td>
<td valign="top" align="center">Gross Gun Interval 3</td>
<td valign="top" align="center">34.7</td>
</tr>
<tr>
<td valign="top" align="center">
</td>
<td valign="top" align="center">Tubing Section</td>
<td valign="top" align="center">
</td>
</tr>
<tr>
<td valign="top" align="center">
<b>Zone 4</b>
</td>
<td valign="top" align="center">Gross Gun Interval 4</td>
<td valign="top" align="center">70.0</td>
</tr>
<tr>
<td valign="top" align="center">
</td>
<td valign="top" align="center">Tubing Section</td>
<td valign="top" align="center">
</td>
</tr>
<tr>
<td valign="top" align="center">
<b>Zone 5</b>
</td>
<td valign="top" align="center">Gross Gun Interval 5</td>
<td valign="top" align="center">110.4</td>
</tr>
</tbody>
</table>
</table-wrap>
<appendix />
</docTable>
<docTable pdf-page="9" table-order="4" data-type-order="9">
<table-wrap id="102118178878MS-tblwrp-4" content-type="structured">
<anchoringText id="Ancr4">Flow assurance was a major consideration in the completion design. The challenging nature of the reservoir fluids with respect to wax content and wax appearance temperature required provisions to be made in the design to ensure the potential for flow interruption was minimised whilst achieving the objectives of the flow programmes. Table 4 presents example wax content data for the Ngamia field crude, derived from laboratory studies on samples captured during well testing of the first Ngamia well drilled in 2013.</anchoringText>
<label>Table 4</label>
<caption>Wax content and property data for Ngamia field.</caption>
<formatted-caption>
<caption-label>Table</caption-label>
<caption-order>4</caption-order>
<caption-text>Wax content and property data for Ngamia field.</caption-text>
</formatted-caption>
<table id="102118178878MS-Tbl_SPi-4" frame="hsides">
<thead>
<tr>
<th valign="top" align="center">Parameter</th>
<th valign="top" align="center">Value</th>
</tr>
</thead>
<tbody>
<tr>
<td valign="top" align="left">Depth, mBRT</td>
<td valign="top" align="center">
<i>897.4-1920.3</i>
</td>
</tr>
<tr>
<td valign="top" align="left">Upper Pour Point, <i>Deg C</i>
</td>
<td valign="top" align="center">39-45</td>
</tr>
<tr>
<td valign="top" align="left">Lower Pour Point, <i>Deg C</i>
</td>
<td valign="top" align="center">36-42</td>
</tr>
<tr>
<td valign="top" align="left">Wax Content, <i>%wt</i>
</td>
<td valign="top" align="center">31-37</td>
</tr>
<tr>
<td valign="top" align="left">WAT, onset, <i>Deg C</i>
</td>
<td valign="top" align="center">65-84</td>
</tr>
<tr>
<td valign="top" align="left">WAT, bulk, <i>Deg C</i>
</td>
<td valign="top" align="center">60-69</td>
</tr>
<tr>
<td valign="top" align="left">WDT, onset, <i>Deg C</i>
</td>
<td valign="top" align="center">66-74</td>
</tr>
<tr>
<td valign="top" align="left">WDT, complete, <i>DegC</i>
</td>
<td valign="top" align="center">82-89</td>
</tr>
</tbody>
</table>
</table-wrap>
<appendix />
</docTable>
<docTable pdf-page="13" table-order="5" data-type-order="12">
<table-wrap id="102118178878MS-tblwrp-5" content-type="structured">
<anchoringText id="Ancr5">The Ngamia wells were completed with a higher specification drilling rig and this immediately accrued practical benefits in relation to rig floor space and equipment rig up. Non-productive time was reduced to just 3% of operating time. The net benefit can be seen from Table 5 which presents the overall completions installation performance data.</anchoringText>
<label>Table 5</label>
<caption>Well completion time summary.</caption>
<formatted-caption>
<caption-label>Table</caption-label>
<caption-order>5</caption-order>
<caption-text>Well completion time summary.</caption-text>
</formatted-caption>
<table id="102118178878MS-Tbl_SPi-5" frame="hsides">
<thead>
<tr>
<th valign="top" align="center">Well</th>
<th valign="top" align="center">AFE Estimate (days)</th>
<th valign="top" align="center">Actual (days)</th>
<th valign="top" align="center">NPT (days)</th>
<th valign="top" align="center">NPT (%)</th>
</tr>
</thead>
<tbody>
<tr>
<td valign="top" align="left">Amosing Observation</td>
<td valign="top" align="center">39.4</td>
<td valign="top" align="center">38.1</td>
<td valign="top" align="center">7.7</td>
<td valign="top" align="center">20.1</td>
</tr>
<tr>
<td valign="top" align="left">Amosing Producer</td>
<td valign="top" align="center">31.7</td>
<td valign="top" align="center">34.1</td>
<td valign="top" align="center">3.2</td>
<td valign="top" align="center">9.5</td>
</tr>
<tr>
<td valign="top" align="left">Ngamia Producer</td>
<td valign="top" align="center">20.1</td>
<td valign="top" align="center">15.8</td>
<td valign="top" align="center">0.0</td>
<td valign="top" align="center">0.0</td>
</tr>
<tr>
<td valign="top" align="left">Ngamia Observation 1</td>
<td valign="top" align="center">21.5</td>
<td valign="top" align="center">15.3</td>
<td valign="top" align="center">0.4</td>
<td valign="top" align="center">2.3</td>
</tr>
<tr>
<td valign="top" align="left">Ngamia Observation 2</td>
<td valign="top" align="center">22.0</td>
<td valign="top" align="center">14.4</td>
<td valign="top" align="center">1.1</td>
<td valign="top" align="center">7.9</td>
</tr>
<tr>
<td valign="top" align="left">
<b>Total</b>
</td>
<td valign="top" align="center">134.7</td>
<td valign="top" align="center">117.7</td>
<td valign="top" align="center">12.4</td>
<td valign="top" align="center">10.5</td>
</tr>
</tbody>
</table>
</table-wrap>
<appendix />
</docTable>
</docTableList>
</docTables>