<?xml version="1.0" encoding="utf-8"?>
<docTables>
<docMetaData inputFile="102118176711MS.txt" extractionDate="2021-03-20T18:36:22Z">
<doi>10.2118/176711-MS</doi>
<pii>10.2118/176711-MS</pii>
<publisher>SPE_Society_of_Petroleum_Engineers</publisher>
</docMetaData>
<docFigureList>
<docFigure composite="true" composite-count="2" pdf-page="3" figure-order="1" data-type-order="1">
<link href="link-1" type="image" />
<appendix>
<linkTarget id="link-1" type="image">
<anchoringText id="Ancr2"> </anchoringText>
<image-wrap id="102118176711MS-Img_SPi-1">
<label>Figure 1 </label>
<imageLink type="mediaResource" href="102118176711MS_i_1.tif" id="ImgLink-1" />
<caption>Wellhead trial ANS: a) Prior to the extraction b) After extraction</caption>
<formatted-caption>
<caption-label>Figure</caption-label>
<caption-order>1</caption-order>
<caption-text>Wellhead trial ANS: a) Prior to the extraction b) After extraction</caption-text>
</formatted-caption>
</image-wrap>
<image-wrap id="102118176711MS-Img_SPi-1a">
<imageLink type="mediaResource" href="102118176711MS_i_1a.tif" id="ImgLink-1a" />
<figure-specific-caption>
<caption-order>a</caption-order>
<caption-text>Prior to the extraction</caption-text>
</figure-specific-caption>
</image-wrap>
<image-wrap id="102118176711MS-Img_SPi-1b">
<imageLink type="mediaResource" href="102118176711MS_i_1b.tif" id="ImgLink-1b" />
<figure-specific-caption>
<caption-order>b</caption-order>
<caption-text>After extraction</caption-text>
</figure-specific-caption>
</image-wrap>
</linkTarget>
</appendix>
</docFigure>
<docFigure pdf-page="4" figure-order="2" data-type-order="2">
<link href="link-2" type="image" />
<appendix>
<linkTarget id="link-2" type="image">
<anchoringText id="Ancr3"> </anchoringText>
<image-wrap id="102118176711MS-Img_SPi-2">
<label>Figure 2 </label>
<imageLink type="mediaResource" href="102118176711MS_i_2.tif" id="ImgLink-2" />
<caption>Schematic diagram of the centrifuge for oil-saturated core <br />1 - horizontal rotor; 2 - plastic cup; 3 - crushed oil-saturated core; 4 - intensively oil-saturated layer; 5 - perforation zone of plastic cup</caption>
<formatted-caption>
<caption-label>Figure</caption-label>
<caption-order>2</caption-order>
<caption-text>Schematic diagram of the centrifuge for oil-saturated core <br />1 - horizontal rotor; 2 - plastic cup; 3 - crushed oil-saturated core; 4 - intensively oil-saturated layer; 5 - perforation zone of plastic cup</caption-text>
</formatted-caption>
</image-wrap>
</linkTarget>
</appendix>
</docFigure>
<docFigure pdf-page="6" figure-order="3" data-type-order="4">
<link href="link-3" type="image" />
<appendix>
<linkTarget id="link-3" type="image">
<anchoringText id="Ancr4"> </anchoringText>
<image-wrap id="102118176711MS-Img_SPi-3">
<label>Figure 3 </label>
<imageLink type="mediaResource" href="102118176711MS_i_3.tif" id="ImgLink-3" />
<caption>Crestal part of Nizhne-Karmalskoye heavy-oil field</caption>
<formatted-caption>
<caption-label>Figure</caption-label>
<caption-order>3</caption-order>
<caption-text>Crestal part of Nizhne-Karmalskoye heavy-oil field</caption-text>
</formatted-caption>
</image-wrap>
</linkTarget>
</appendix>
</docFigure>
<docFigure pdf-page="7" figure-order="4" data-type-order="5">
<link href="link-4" type="image" />
<appendix>
<linkTarget id="link-4" type="image">
<anchoringText id="Ancr5"> </anchoringText>
<image-wrap id="102118176711MS-Img_SPi-4">
<label>Figure 4 </label>
<imageLink type="mediaResource" href="102118176711MS_i_4.tif" id="ImgLink-4" />
<caption>Heavy oil viscosity versus depth</caption>
<formatted-caption>
<caption-label>Figure</caption-label>
<caption-order>4</caption-order>
<caption-text>Heavy oil viscosity versus depth</caption-text>
</formatted-caption>
</image-wrap>
</linkTarget>
</appendix>
</docFigure>
<docFigure pdf-page="7" figure-order="5" data-type-order="6">
<link href="link-5" type="image" />
<appendix>
<linkTarget id="link-5" type="image">
<anchoringText id="Ancr6"> </anchoringText>
<image-wrap id="102118176711MS-Img_SPi-5">
<label>Figure 5 </label>
<imageLink type="mediaResource" href="102118176711MS_i_5.tif" id="ImgLink-5" />
<caption>Comparative bar charts of spin-spin relaxation times of oil in situ, “before” and “after” centrifugation</caption>
<formatted-caption>
<caption-label>Figure</caption-label>
<caption-order>5</caption-order>
<caption-text>Comparative bar charts of spin-spin relaxation times of oil in situ, “before” and “after” centrifugation</caption-text>
</formatted-caption>
</image-wrap>
</linkTarget>
</appendix>
</docFigure>
</docFigureList>
</docTables>